Paper Name,DOI,API Name,Chitosan Mass Fraction (%),Alginate Mass Fraction (%),Surfactant Mass Fraction (%),Crosslinker Mass Fraction (%),Total Solid Concentration (mg/mL),Particle Size (nm),Zeta Potential (mV),Encapsulation Efficiency (%),Effective SLogP,Effective TPSA,Effective AMW,Effective NumRotBonds,Effective NumHBD,Effective NumHBA,Effective NumAromaticRings,Effective NumSaturatedRings,Effective NumAliphaticRings,Effective MolMR,Effective FractionCSP3,Effective NumHeteroatoms,Total API Mass Fraction (%),Emulsion_Solvent_Evaporation,Contains_Surfactant,Surfactant_HLB,Surfactant_MW,Crosslinker_Cationic_Valency,Crosslinker_Anic_Valency,Crosslinker_Cationic_Charge_Density,Crosslinker_Anic_Charge_Density,Contains_Crosslinker,Chitosan_DDA_Pct,Chitosan_MW_Grade_Encoded,Stirring_Speed_RPM,Temperature_C,Sonication_Time_min,pH_Standardized
Chitosan/alginate nanoparticles as a promising approach for oral delivery of curcumin diglutaric acid for cancer treatment,10.1016/j.msec.2017.11.022,Curcumin diglutaric acid,0.0341397910644787,0.27311832851583,99.0053940869882,0.232150579238455,7.57534482758621,226,-28.5,67.8,4.762,182.96,596.585,17,3,10,2,0,0,154.0184,0.258064516129032,12,0.455197214193049,1,1,22,12600,2,0,0.0180212650928095,0,1,84.3,1,1000,25,15,4.6
Chitosan/alginate nanoparticles as a promising approach for oral delivery of curcumin diglutaric acid for cancer treatment,10.1016/j.msec.2017.11.022,Curcumin diglutaric acid,0.10234948938977,0.272931971706052,98.937839743444,0.231992175950144,7.58051724137931,390,-19.2,39.2,4.762,182.96,596.585,17,3,10,2,0,0,154.0184,0.258064516129032,12,0.454886619510087,1,1,22,12600,2,0,0.0180212650928095,0,1,84.3,1,1000,25,15,4.6
Chitosan/alginate nanoparticles as a promising approach for oral delivery of curcumin diglutaric acid for cancer treatment,10.1016/j.msec.2017.11.022,Curcumin diglutaric acid,0.0335292934260232,0.268234347408186,97.2349509354673,0.227999195296958,7.71327586206897,316,-28.5,31.2,4.762,182.96,596.585,17,3,10,2,0,0,154.0184,0.258064516129032,12,2.23528622840155,1,1,22,12600,2,0,0.0180212650928095,0,1,84.3,1,1000,25,15,4.6
Chitosan/alginate nanoparticles as a promising approach for oral delivery of curcumin diglutaric acid for cancer treatment,10.1016/j.msec.2017.11.022,Curcumin diglutaric acid,0.1005204726696,0.268054593785601,97.1697902472804,0.227846404717761,7.71844827586207,536,-18.4,28.2,4.762,182.96,596.585,17,3,10,2,0,0,154.0184,0.258064516129032,12,2.23378828154668,1,1,22,12600,2,0,0.0180212650928095,0,1,84.3,1,1000,25,15,4.6
Chitosan/alginate nanoparticles as a promising approach for oral delivery of curcumin diglutaric acid for cancer treatment,10.1016/j.msec.2017.11.022,Curcumin diglutaric acid,0.0502731507859369,0.402185206287495,97.1947581861447,0.341857425344371,5.14431034482759,212,-29.2,66.8,4.762,182.96,596.585,17,3,10,2,0,0,154.0184,0.258064516129032,12,2.01092603143748,1,1,22,12600,2,0,0.0180212650928095,0,1,84.3,1,1000,25,15,4.6
Chitosan/alginate nanoparticles as a promising approach for oral delivery of curcumin diglutaric acid for cancer treatment,10.1016/j.msec.2017.11.022,Curcumin diglutaric acid,0.150667961295075,0.4017812301202,97.0971306123816,0.34151404560217,5.14948275862069,356,-19.7,43.1,4.762,182.96,596.585,17,3,10,2,0,0,154.0184,0.258064516129032,12,2.008906150601,1,1,22,12600,2,0,0.0180212650928095,0,1,84.3,1,1000,25,15,4.6
Chitosan/alginate nanoparticles as a promising approach for oral delivery of curcumin diglutaric acid for cancer treatment,10.1016/j.msec.2017.11.022,Curcumin diglutaric acid,0.0254941618369393,0.203953294695515,98.5774257694988,0.173360300491188,10.1443103448276,326,-28.8,42.2,4.762,182.96,596.585,17,3,10,2,0,0,154.0184,0.258064516129032,12,1.01976647347757,1,1,22,12600,2,0,0.0180212650928095,0,1,84.3,1,1000,25,15,4.6
Chitosan/alginate nanoparticles as a promising approach for oral delivery of curcumin diglutaric acid for cancer treatment,10.1016/j.msec.2017.11.022,Curcumin diglutaric acid,0.0764435082474052,0.203849355326414,98.5271884077667,0.173271952027452,10.1494827586207,552,-17.2,31.6,4.762,182.96,596.585,17,3,10,2,0,0,154.0184,0.258064516129032,12,1.01924677663207,1,1,22,12600,2,0,0.0180212650928095,0,1,84.3,1,1000,25,15,4.6
Chitosan/alginate nanoparticles as a promising approach for oral delivery of curcumin diglutaric acid for cancer treatment,10.1016/j.msec.2017.11.022,Curcumin diglutaric acid,0.101860654624474,0.407442618497895,98.4652994703246,0.346326225723211,5.07793103448276,257,-25.6,75.7,4.762,182.96,596.585,17,3,10,2,0,0,154.0184,0.258064516129032,12,0.679071030829825,1,1,22,12600,2,0,0.0180212650928095,0,1,84.3,1,1000,25,15,4.6
Chitosan/alginate nanoparticles as a promising approach for oral delivery of curcumin diglutaric acid for cancer treatment,10.1016/j.msec.2017.11.022,Curcumin diglutaric acid,0.0991669972233241,0.396667988893296,95.8614306492133,0.337167790559302,5.21586206896552,345,-22.1,55.7,4.762,182.96,596.585,17,3,10,2,0,0,154.0184,0.258064516129032,12,3.3055665741108,1,1,22,12600,2,0,0.0180212650928095,0,1,84.3,1,1000,25,15,4.6
Chitosan/alginate nanoparticles as a promising approach for oral delivery of curcumin diglutaric acid for cancer treatment,10.1016/j.msec.2017.11.022,Curcumin diglutaric acid,0.0513241634161363,0.205296653664545,99.2267159378636,0.174502155614863,10.0779310344828,372,-21.5,58.7,4.762,182.96,596.585,17,3,10,2,0,0,154.0184,0.258064516129032,12,0.342161089440909,1,1,22,12600,2,0,0.0180212650928095,0,1,84.3,1,1000,25,15,4.6
Chitosan/alginate nanoparticles as a promising approach for oral delivery of curcumin diglutaric acid for cancer treatment,10.1016/j.msec.2017.11.022,Curcumin diglutaric acid,0.0506312023222845,0.202524809289138,97.8869911564167,0.172146087895767,10.2158620689655,518,-23.5,28.3,4.762,182.96,596.585,17,3,10,2,0,0,154.0184,0.258064516129032,12,1.68770674407615,1,1,22,12600,2,0,0.0180212650928095,0,1,84.3,1,1000,25,15,4.6
Chitosan/alginate nanoparticles as a promising approach for oral delivery of curcumin diglutaric acid for cancer treatment,10.1016/j.msec.2017.11.022,Curcumin diglutaric acid,0.0676406926406926,0.270562770562771,98.0790043290043,0.229978354978355,7.64689655172414,335,-26.4,75.7,4.762,182.96,596.585,17,3,10,2,0,0,154.0184,0.258064516129032,12,1.35281385281385,1,1,22,12600,2,0,0.0180212650928095,0,1,84.3,1,1000,25,15,4.6
Chitosan/alginate nanoparticles as a promising approach for oral delivery of curcumin diglutaric acid for cancer treatment,10.1016/j.msec.2017.11.022,Curcumin diglutaric acid,0.0676406926406926,0.270562770562771,98.0790043290043,0.229978354978355,7.64689655172414,339,-26.7,78.2,4.762,182.96,596.585,17,3,10,2,0,0,154.0184,0.258064516129032,12,1.35281385281385,1,1,22,12600,2,0,0.0180212650928095,0,1,84.3,1,1000,25,15,4.6
Chitosan/alginate nanoparticles as a promising approach for oral delivery of curcumin diglutaric acid for cancer treatment,10.1016/j.msec.2017.11.022,Curcumin diglutaric acid,0.0676406926406926,0.270562770562771,98.0790043290043,0.229978354978355,7.64689655172414,334,-25.8,77.8,4.762,182.96,596.585,17,3,10,2,0,0,154.0184,0.258064516129032,12,1.35281385281385,1,1,22,12600,2,0,0.0180212650928095,0,1,84.3,1,1000,25,15,4.6
Chitosan/alginate nanoparticles as a promising approach for oral delivery of curcumin diglutaric acid for cancer treatment,10.1016/j.msec.2017.11.022,Curcumin diglutaric acid,0.0804127856329156,0.402063928164578,97.1654493064397,0.341754338939892,5.14586206896552,233,-28.4,76.6,4.762,182.96,596.585,17,3,10,2,0,0,154.0184,0.258064516129032,12,2.01031964082289,1,1,22,12600,2,0,0.0180212650928095,0,1,84.3,1,1000,25,15,4.6
Curcumin diethyl disuccinate encapsulated in chitosan/alginate nanoparticles for improvement of its in vitro cytotoxicity against MDA-MB-231 human breast cancer cells,10.1691/ph.2016.6105,Curcumin diethyl disuccinate (CDD),0.0203665987780041,0.407331975560082,98.438560760353,0.454854039375424,5.07931034482759,279,-27.8,38.71,3.7261,157.8,598.601,17,0,12,1,0,1,151.378,0.354838709677419,12,0.678886625933469,1,1,22,12600,2,0,0.0180212650928095,0,1,85,1,1000,25,15,4.6
Curcumin diethyl disuccinate encapsulated in chitosan/alginate nanoparticles for improvement of its in vitro cytotoxicity against MDA-MB-231 human breast cancer cells,10.1691/ph.2016.6105,Curcumin diethyl disuccinate (CDD),0.0610749185667753,0.407166123778502,98.3984799131379,0.454668838219327,5.08137931034483,434,-19.8,17.08,3.7261,157.8,598.601,17,0,12,1,0,1,151.378,0.354838709677419,12,0.678610206297503,1,1,22,12600,2,0,0.0180212650928095,0,1,85,1,1000,25,15,4.6
Curcumin diethyl disuccinate encapsulated in chitosan/alginate nanoparticles for improvement of its in vitro cytotoxicity against MDA-MB-231 human breast cancer cells,10.1691/ph.2016.6105,Curcumin diethyl disuccinate (CDD),0.00686027898467871,0.137205579693574,99.4740452778413,0.153212897324491,15.0793103448276,308,-17.5,25.42,3.7261,157.8,598.601,17,0,12,1,0,1,151.378,0.354838709677419,12,0.228675966155957,1,1,22,12600,2,0,0.0180212650928095,0,1,85,1,1000,25,15,4.6
Curcumin diethyl disuccinate encapsulated in chitosan/alginate nanoparticles for improvement of its in vitro cytotoxicity against MDA-MB-231 human breast cancer cells,10.1691/ph.2016.6105,Curcumin diethyl disuccinate (CDD),0.02057801353576,0.137186756905067,99.4603987561734,0.153191878543991,15.0813793103448,645,-12.4,13.64,3.7261,157.8,598.601,17,0,12,1,0,1,151.378,0.354838709677419,12,0.228644594841778,1,1,22,12600,2,0,0.0180212650928095,0,1,85,1,1000,25,15,4.6
Curcumin diethyl disuccinate encapsulated in chitosan/alginate nanoparticles for improvement of its in vitro cytotoxicity against MDA-MB-231 human breast cancer cells,10.1691/ph.2016.6105,Curcumin diethyl disuccinate (CDD),0.0102810143934202,0.205620287868403,99.3831391363948,0.22960932145305,10.0620689655172,285,-24.9,24.52,3.7261,157.8,598.601,17,0,12,1,0,1,151.378,0.354838709677419,12,0.171350239890336,1,1,22,12600,2,0,0.0180212650928095,0,1,85,1,1000,25,15,4.6
Curcumin diethyl disuccinate encapsulated in chitosan/alginate nanoparticles for improvement of its in vitro cytotoxicity against MDA-MB-231 human breast cancer cells,10.1691/ph.2016.6105,Curcumin diethyl disuccinate (CDD),0.0308367025286096,0.205578016857397,99.3627081477421,0.229562118824094,10.0641379310345,558,-16.5,19.09,3.7261,157.8,598.601,17,0,12,1,0,1,151.378,0.354838709677419,12,0.171315014047831,1,1,22,12600,2,0,0.0180212650928095,0,1,85,1,1000,25,15,4.6
Curcumin diethyl disuccinate encapsulated in chitosan/alginate nanoparticles for improvement of its in vitro cytotoxicity against MDA-MB-231 human breast cancer cells,10.1691/ph.2016.6105,Curcumin diethyl disuccinate (CDD),0.0102459016393443,0.204918032786885,99.0437158469945,0.228825136612022,10.0965517241379,340,-23.2,39.97,3.7261,157.8,598.601,17,0,12,1,0,1,151.378,0.354838709677419,12,0.512295081967213,1,1,22,12600,2,0,0.0180212650928095,0,1,85,1,1000,25,15,4.6
Curcumin diethyl disuccinate encapsulated in chitosan/alginate nanoparticles for improvement of its in vitro cytotoxicity against MDA-MB-231 human breast cancer cells,10.1691/ph.2016.6105,Curcumin diethyl disuccinate (CDD),0.0307314074984634,0.204876049989756,99.0234241617155,0.228778255821894,10.0986206896552,585,-17.1,16.55,3.7261,157.8,598.601,17,0,12,1,0,1,151.378,0.354838709677419,12,0.512190124974391,1,1,22,12600,2,0,0.0180212650928095,0,1,85,1,1000,25,15,4.6
Curcumin diethyl disuccinate encapsulated in chitosan/alginate nanoparticles for improvement of its in vitro cytotoxicity against MDA-MB-231 human breast cancer cells,10.1691/ph.2016.6105,Curcumin diethyl disuccinate (CDD),0.0408635837362937,0.408635837362937,98.7536606960431,0.456310018388613,5.06310344827586,427,-25.7,35.16,3.7261,157.8,598.601,17,0,12,1,0,1,151.378,0.354838709677419,12,0.340529864469114,1,1,22,12600,2,0,0.0180212650928095,0,1,85,1,1000,25,15,4.6
Curcumin diethyl disuccinate encapsulated in chitosan/alginate nanoparticles for improvement of its in vitro cytotoxicity against MDA-MB-231 human breast cancer cells,10.1691/ph.2016.6105,Curcumin diethyl disuccinate (CDD),0.0137353203763478,0.137353203763478,99.5810727285214,0.15337774420255,15.0631034482759,615,-13.4,23.38,3.7261,157.8,598.601,17,0,12,1,0,1,151.378,0.354838709677419,12,0.114461003136231,1,1,22,12600,2,0,0.0180212650928095,0,1,85,1,1000,25,15,4.6
Curcumin diethyl disuccinate encapsulated in chitosan/alginate nanoparticles for improvement of its in vitro cytotoxicity against MDA-MB-231 human breast cancer cells,10.1691/ph.2016.6105,Curcumin diethyl disuccinate (CDD),0.0405871609280931,0.405871609280931,98.0856389095583,0.453223297030373,5.09758620689655,482,-20.8,40.12,3.7261,157.8,598.601,17,0,12,1,0,1,151.378,0.354838709677419,12,1.01467902320233,1,1,22,12600,2,0,0.0180212650928095,0,1,85,1,1000,25,15,4.6
Curcumin diethyl disuccinate encapsulated in chitosan/alginate nanoparticles for improvement of its in vitro cytotoxicity against MDA-MB-231 human breast cancer cells,10.1691/ph.2016.6105,Curcumin diethyl disuccinate (CDD),0.0137039490213096,0.137039490213096,99.3536304044949,0.153027430737958,15.0975862068966,607,-17.2,37.37,3.7261,157.8,598.601,17,0,12,1,0,1,151.378,0.354838709677419,12,0.342598725532741,1,1,22,12600,2,0,0.0180212650928095,0,1,85,1,1000,25,15,4.6
Curcumin diethyl disuccinate encapsulated in chitosan/alginate nanoparticles for improvement of its in vitro cytotoxicity against MDA-MB-231 human breast cancer cells,10.1691/ph.2016.6105,Curcumin diethyl disuccinate (CDD),0.0205247494270174,0.205247494270174,99.2029555639175,0.229193035268361,10.0803448275862,505,-21,45.11,3.7261,157.8,598.601,17,0,12,1,0,1,151.378,0.354838709677419,12,0.342079157116957,1,1,22,12600,2,0,0.0180212650928095,0,1,85,1,1000,25,15,4.6
Curcumin diethyl disuccinate encapsulated in chitosan/alginate nanoparticles for improvement of its in vitro cytotoxicity against MDA-MB-231 human breast cancer cells,10.1691/ph.2016.6105,Curcumin diethyl disuccinate (CDD),0.0205247494270174,0.205247494270174,99.2029555639175,0.229193035268361,10.0803448275862,529,-20.6,43.44,3.7261,157.8,598.601,17,0,12,1,0,1,151.378,0.354838709677419,12,0.342079157116957,1,1,22,12600,2,0,0.0180212650928095,0,1,85,1,1000,25,15,4.6
Curcumin diethyl disuccinate encapsulated in chitosan/alginate nanoparticles for improvement of its in vitro cytotoxicity against MDA-MB-231 human breast cancer cells,10.1691/ph.2016.6105,Curcumin diethyl disuccinate (CDD),0.0205247494270174,0.205247494270174,99.2029555639175,0.229193035268361,10.0803448275862,519,-22.3,44.31,3.7261,157.8,598.601,17,0,12,1,0,1,151.378,0.354838709677419,12,0.342079157116957,1,1,22,12600,2,0,0.0180212650928095,0,1,85,1,1000,25,15,4.6
Curcumin diethyl disuccinate encapsulated in chitosan/alginate nanoparticles for improvement of its in vitro cytotoxicity against MDA-MB-231 human breast cancer cells,10.1691/ph.2016.6105,Curcumin diethyl disuccinate (CDD),0.0156821745948772,0.313643491897543,98.5363303711448,0.350235232618923,6.59655172413793,324,-25.24,44.24,3.7261,157.8,598.601,17,0,12,1,0,1,151.378,0.354838709677419,12,0.784108729743858,1,1,22,12600,2,0,0.0180212650928095,0,1,85,1,1000,25,15,4.6
QbD Supported Optimization of the Alginate-Chitosan Nanoparticles of Simvastatin in Enhancing the Anti-Proliferative Activity against Tongue Carcinoma,https://doi.org/10.3390/gels8020103,Simvastatin,28.9017341040462,34.6820809248555,35.8381502890173,0,7.86363636363636,109,,66,4.58560000000001,72.83,418.574,6,1,5,0,1,3,115.4548,0.76,5,0.578034682080925,0,1,15,1310,0,0,0,0,0,75,2,,60,,4.8
QbD Supported Optimization of the Alginate-Chitosan Nanoparticles of Simvastatin in Enhancing the Anti-Proliferative Activity against Tongue Carcinoma,https://doi.org/10.3390/gels8020103,Simvastatin,32.9218106995885,41.1522633744856,25.5144032921811,0,11.0454545454545,296,,79,4.58560000000001,72.83,418.574,6,1,5,0,1,3,115.4548,0.76,5,0.411522633744856,0,1,15,1310,0,0,0,0,0,75,2,,60,,4.8
QbD Supported Optimization of the Alginate-Chitosan Nanoparticles of Simvastatin in Enhancing the Anti-Proliferative Activity against Tongue Carcinoma,https://doi.org/10.3390/gels8020103,Simvastatin,49.079754601227,12.2699386503067,38.0368098159509,0,7.40909090909091,110,,41,4.58560000000001,72.83,418.574,6,1,5,0,1,3,115.4548,0.76,5,0.613496932515337,0,1,15,1310,0,0,0,0,0,75,2,,60,,4.8
QbD Supported Optimization of the Alginate-Chitosan Nanoparticles of Simvastatin in Enhancing the Anti-Proliferative Activity against Tongue Carcinoma,https://doi.org/10.3390/gels8020103,Simvastatin,42.9039337797039,27.8517396196566,28.7801309403119,0,9.79210909090909,219,,56,4.58560000000001,72.83,418.574,6,1,5,0,1,3,115.4548,0.76,5,0.464195660327611,0,1,15,1310,0,0,0,0,0,75,2,,60,,4.8
QbD Supported Optimization of the Alginate-Chitosan Nanoparticles of Simvastatin in Enhancing the Anti-Proliferative Activity against Tongue Carcinoma,https://doi.org/10.3390/gels8020103,Simvastatin,10.9289617486339,54.6448087431694,33.879781420765,0,8.31818181818182,309,,87,4.58560000000001,72.83,418.574,6,1,5,0,1,3,115.4548,0.76,5,0.546448087431694,0,1,15,1310,0,0,0,0,0,75,2,,60,,4.8
QbD Supported Optimization of the Alginate-Chitosan Nanoparticles of Simvastatin in Enhancing the Anti-Proliferative Activity against Tongue Carcinoma,https://doi.org/10.3390/gels8020103,Simvastatin,28.9017341040462,34.6820809248555,35.8381502890173,0,7.86363636363636,118,,71,4.58560000000001,72.83,418.574,6,1,5,0,1,3,115.4548,0.76,5,0.578034682080925,0,1,15,1310,0,0,0,0,0,75,2,,60,,4.8
QbD Supported Optimization of the Alginate-Chitosan Nanoparticles of Simvastatin in Enhancing the Anti-Proliferative Activity against Tongue Carcinoma,https://doi.org/10.3390/gels8020103,Simvastatin,28.9017341040462,34.6820809248555,35.8381502890173,0,7.86363636363636,132,,67,4.58560000000001,72.83,418.574,6,1,5,0,1,3,115.4548,0.76,5,0.578034682080925,0,1,15,1310,0,0,0,0,0,75,2,,60,,4.8
QbD Supported Optimization of the Alginate-Chitosan Nanoparticles of Simvastatin in Enhancing the Anti-Proliferative Activity against Tongue Carcinoma,https://doi.org/10.3390/gels8020103,Simvastatin,42.9437198502879,2.94719313834938,53.250212614357,0,5.29233909090909,206,,37,4.58560000000001,72.83,418.574,6,1,5,0,1,3,115.4548,0.76,5,0.858874397005758,0,1,15,1310,0,0,0,0,0,75,2,,60,,4.8
QbD Supported Optimization of the Alginate-Chitosan Nanoparticles of Simvastatin in Enhancing the Anti-Proliferative Activity against Tongue Carcinoma,https://doi.org/10.3390/gels8020103,Simvastatin,28.9017341040462,34.6820809248555,35.8381502890173,0,7.86363636363636,127,,78,4.58560000000001,72.83,418.574,6,1,5,0,1,3,115.4548,0.76,5,0.578034682080925,0,1,15,1310,0,0,0,0,0,75,2,,60,,4.8
QbD Supported Optimization of the Alginate-Chitosan Nanoparticles of Simvastatin in Enhancing the Anti-Proliferative Activity against Tongue Carcinoma,https://doi.org/10.3390/gels8020103,Simvastatin,5.80025365004871,45.9510957804641,47.4827989731462,0,5.93516363636364,307,,60,4.58560000000001,72.83,418.574,6,1,5,0,1,3,115.4548,0.76,5,0.765851596341068,0,1,15,1310,0,0,0,0,0,75,2,,60,,4.8
QbD Supported Optimization of the Alginate-Chitosan Nanoparticles of Simvastatin in Enhancing the Anti-Proliferative Activity against Tongue Carcinoma,https://doi.org/10.3390/gels8020103,Simvastatin,21.7799821055667,50.7772404414193,27.0071778109027,0,10.4349363636364,351,,91,4.58560000000001,72.83,418.574,6,1,5,0,1,3,115.4548,0.76,5,0.435599642111334,0,1,15,1310,0,0,0,0,0,75,2,,60,,4.8
QbD Supported Optimization of the Alginate-Chitosan Nanoparticles of Simvastatin in Enhancing the Anti-Proliferative Activity against Tongue Carcinoma,https://doi.org/10.3390/gels8020103,Simvastatin,19.4174757281553,19.4174757281553,60.1941747572816,0,4.68181818181818,209,,46,4.58560000000001,72.83,418.574,6,1,5,0,1,3,115.4548,0.76,5,0.970873786407767,0,1,15,1310,0,0,0,0,0,75,2,,60,,4.8
QbD Supported Optimization of the Alginate-Chitosan Nanoparticles of Simvastatin in Enhancing the Anti-Proliferative Activity against Tongue Carcinoma,https://doi.org/10.3390/gels8020103,Simvastatin,28.9017341040462,34.6820809248555,35.8381502890173,0,7.86363636363636,128,,70,4.58560000000001,72.83,418.574,6,1,5,0,1,3,115.4548,0.76,5,0.578034682080925,0,1,15,1310,0,0,0,0,0,75,2,,60,,4.8
QbD Supported Optimization of the Alginate-Chitosan Nanoparticles of Simvastatin in Enhancing the Anti-Proliferative Activity against Tongue Carcinoma,https://doi.org/10.3390/gels8020103,Simvastatin,27.8617710583153,38.1209503239741,33.4773218142549,0,8.41818181818182,143.23,36.2,74.72,4.58560000000001,72.83,418.574,6,1,5,0,1,3,115.4548,0.76,5,0.539956803455724,0,1,15,1310,0,0,0,0,0,75,2,,60,,4.8
"Chitosan-sodium alginate nanoparticles as submicroscopic reservoirs for ocular delivery: Formulation, optimisation and in vitro characterisation",10.1016/j.ejpb.2007.09.006,Gatifloxacin,11.6279069767442,23.2558139534884,58.1395348837209,0,8.6,205,27.3,77.67,1.9804,83.8,375.4,4,2,6,2,2,2,99.6260000000001,0.473684210526316,8,6.97674418604651,0,1,22,12600,0,0,0,0,0,80,1,1000,25,,5.5
"Chitosan-sodium alginate nanoparticles as submicroscopic reservoirs for ocular delivery: Formulation, optimisation and in vitro characterisation",10.1016/j.ejpb.2007.09.006,Gatifloxacin,28.3018867924528,18.8679245283019,47.1698113207547,0,10.6,468,47.8,61.31,1.9804,83.8,375.4,4,2,6,2,2,2,99.6260000000001,0.473684210526316,8,5.66037735849057,0,1,22,12600,0,0,0,0,0,80,1,1000,25,,5.5
"Chitosan-sodium alginate nanoparticles as submicroscopic reservoirs for ocular delivery: Formulation, optimisation and in vitro characterisation",10.1016/j.ejpb.2007.09.006,Gatifloxacin,7.93650793650794,47.6190476190476,39.6825396825397,0,12.6,273,17.6,71.82,1.9804,83.8,375.4,4,2,6,2,2,2,99.6260000000001,0.473684210526316,8,4.76190476190476,0,1,22,12600,0,0,0,0,0,80,1,1000,25,,5.5
"Chitosan-sodium alginate nanoparticles as submicroscopic reservoirs for ocular delivery: Formulation, optimisation and in vitro characterisation",10.1016/j.ejpb.2007.09.006,Gatifloxacin,20.5479452054795,41.0958904109589,34.2465753424658,0,14.6,572,38.1,68.51,1.9804,83.8,375.4,4,2,6,2,2,2,99.6260000000001,0.473684210526316,8,4.10958904109589,0,1,22,12600,0,0,0,0,0,80,1,1000,25,,5.5
"Chitosan-sodium alginate nanoparticles as submicroscopic reservoirs for ocular delivery: Formulation, optimisation and in vitro characterisation",10.1016/j.ejpb.2007.09.006,Gatifloxacin,9.9009900990099,39.6039603960396,49.5049504950495,0,10.1,243,21.9,74.53,1.9804,83.8,375.4,4,2,6,2,2,2,99.6260000000001,0.473684210526316,8,0.99009900990099,0,1,22,12600,0,0,0,0,0,80,1,1000,25,,5.5
"Chitosan-sodium alginate nanoparticles as submicroscopic reservoirs for ocular delivery: Formulation, optimisation and in vitro characterisation",10.1016/j.ejpb.2007.09.006,Gatifloxacin,24.7933884297521,33.0578512396694,41.3223140495868,0,12.1,483,42.2,63.29,1.9804,83.8,375.4,4,2,6,2,2,2,99.6260000000001,0.473684210526316,8,0.826446280991736,0,1,22,12600,0,0,0,0,0,80,1,1000,25,,5.5
"Chitosan-sodium alginate nanoparticles as submicroscopic reservoirs for ocular delivery: Formulation, optimisation and in vitro characterisation",10.1016/j.ejpb.2007.09.006,Gatifloxacin,9.09090909090909,36.3636363636364,45.4545454545455,0,11,261,20.5,76.84,1.9804,83.8,375.4,4,2,6,2,2,2,99.6260000000001,0.473684210526316,8,9.09090909090909,0,1,22,12600,0,0,0,0,0,80,1,1000,25,,5.5
"Chitosan-sodium alginate nanoparticles as submicroscopic reservoirs for ocular delivery: Formulation, optimisation and in vitro characterisation",10.1016/j.ejpb.2007.09.006,Gatifloxacin,23.0769230769231,30.7692307692308,38.4615384615385,0,13,528,42.3,67.08,1.9804,83.8,375.4,4,2,6,2,2,2,99.6260000000001,0.473684210526316,8,7.69230769230769,0,1,22,12600,0,0,0,0,0,80,1,1000,25,,5.5
"Chitosan-sodium alginate nanoparticles as submicroscopic reservoirs for ocular delivery: Formulation, optimisation and in vitro characterisation",10.1016/j.ejpb.2007.09.006,Gatifloxacin,21.978021978022,21.978021978022,54.945054945055,0,9.1,338,39.6,62.54,1.9804,83.8,375.4,4,2,6,2,2,2,99.6260000000001,0.473684210526316,8,1.0989010989011,0,1,22,12600,0,0,0,0,0,80,1,1000,25,,5.5
"Chitosan-sodium alginate nanoparticles as submicroscopic reservoirs for ocular delivery: Formulation, optimisation and in vitro characterisation",10.1016/j.ejpb.2007.09.006,Gatifloxacin,15.2671755725191,45.8015267175573,38.1679389312977,0,13.1,389,30.2,66.91,1.9804,83.8,375.4,4,2,6,2,2,2,99.6260000000001,0.473684210526316,8,0.763358778625954,0,1,22,12600,0,0,0,0,0,80,1,1000,25,,5.5
"Chitosan-sodium alginate nanoparticles as submicroscopic reservoirs for ocular delivery: Formulation, optimisation and in vitro characterisation",10.1016/j.ejpb.2007.09.006,Gatifloxacin,20,20,50,0,10,391,37.8,64.43,1.9804,83.8,375.4,4,2,6,2,2,2,99.6260000000001,0.473684210526316,8,10,0,1,22,12600,0,0,0,0,0,80,1,1000,25,,5.5
"Chitosan-sodium alginate nanoparticles as submicroscopic reservoirs for ocular delivery: Formulation, optimisation and in vitro characterisation",10.1016/j.ejpb.2007.09.006,Gatifloxacin,14.2857142857143,42.8571428571429,35.7142857142857,0,14,409,30.8,68.22,1.9804,83.8,375.4,4,2,6,2,2,2,99.6260000000001,0.473684210526316,8,7.14285714285714,0,1,22,12600,0,0,0,0,0,80,1,1000,25,,5.5
"Chitosan-sodium alginate nanoparticles as submicroscopic reservoirs for ocular delivery: Formulation, optimisation and in vitro characterisation",10.1016/j.ejpb.2007.09.006,Gatifloxacin,17.2413793103448,34.4827586206897,43.1034482758621,0,11.6,317,34.7,81.48,1.9804,83.8,375.4,4,2,6,2,2,2,99.6260000000001,0.473684210526316,8,5.17241379310345,0,1,22,12600,0,0,0,0,0,80,1,1000,25,,5.5
"Chitosan-sodium alginate nanoparticles as submicroscopic reservoirs for ocular delivery: Formulation, optimisation and in vitro characterisation",10.1016/j.ejpb.2007.09.006,Gatifloxacin,17.2413793103448,34.4827586206897,43.1034482758621,0,11.6,298,33.1,77.67,1.9804,83.8,375.4,4,2,6,2,2,2,99.6260000000001,0.473684210526316,8,5.17241379310345,0,1,22,12600,0,0,0,0,0,80,1,1000,25,,5.5
"Chitosan-sodium alginate nanoparticles as submicroscopic reservoirs for ocular delivery: Formulation, optimisation and in vitro characterisation",10.1016/j.ejpb.2007.09.006,Gatifloxacin,17.2413793103448,34.4827586206897,43.1034482758621,0,11.6,317,35.5,82.56,1.9804,83.8,375.4,4,2,6,2,2,2,99.6260000000001,0.473684210526316,8,5.17241379310345,0,1,22,12600,0,0,0,0,0,80,1,1000,25,,5.5
"Chitosan-sodium alginate nanoparticles as submicroscopic reservoirs for ocular delivery: Formulation, optimisation and in vitro characterisation",10.1016/j.ejpb.2007.09.006,Gatifloxacin,19.1304347826087,33.0434782608696,43.4782608695652,0,11.5,347,38.6,79.63,1.9804,83.8,375.4,4,2,6,2,2,2,99.6260000000001,0.473684210526316,8,4.34782608695652,0,1,22,12600,0,0,0,0,0,80,1,1000,25,,5.5
"Chitosan-sodium alginate nanoparticles as submicroscopic reservoirs for ocular delivery: Formulation, optimisation and in vitro characterisation",10.1016/j.ejpb.2007.09.006,Gatifloxacin,14.6551724137931,37.0689655172414,43.1034482758621,0,11.6,281,31.3,,1.9804,83.8,375.4,4,2,6,2,2,2,99.6260000000001,0.473684210526316,8,5.17241379310345,0,1,22,12600,0,0,0,0,0,80,1,1000,25,,5.5
"Chitosan-sodium alginate nanoparticles as submicroscopic reservoirs for ocular delivery: Formulation, optimisation and in vitro characterisation",10.1016/j.ejpb.2007.09.006,Gatifloxacin,17.5438596491228,34.2105263157895,43.859649122807,0,11.4,315,34.1,79.13,1.9804,83.8,375.4,4,2,6,2,2,2,99.6260000000001,0.473684210526316,8,4.3859649122807,0,1,22,12600,0,0,0,0,0,80,1,1000,25,,5.5
"Chitosan-sodium alginate nanoparticles as submicroscopic reservoirs for ocular delivery: Formulation, optimisation and in vitro characterisation",10.1016/j.ejpb.2007.09.006,Gatifloxacin,18.4210526315789,32.4561403508772,43.859649122807,0,11.4,323,34.4,80.18,1.9804,83.8,375.4,4,2,6,2,2,2,99.6260000000001,0.473684210526316,8,5.26315789473684,0,1,22,12600,0,0,0,0,0,80,1,1000,25,,5.5
"Chitosan-sodium alginate nanoparticles as submicroscopic reservoirs for ocular delivery: Formulation, optimisation and in vitro characterisation",10.1016/j.ejpb.2007.09.006,Gatifloxacin,20.6896551724138,31.8965517241379,43.1034482758621,0,11.6,370,40.2,77.89,1.9804,83.8,375.4,4,2,6,2,2,2,99.6260000000001,0.473684210526316,8,4.31034482758621,0,1,22,12600,0,0,0,0,0,80,1,1000,25,,5.5
"Chitosan-sodium alginate nanoparticles as submicroscopic reservoirs for ocular delivery: Formulation, optimisation and in vitro characterisation",10.1016/j.ejpb.2007.09.006,Gatifloxacin,22.4137931034483,30.1724137931035,43.1034482758621,0,11.6,403,39.7,75.88,1.9804,83.8,375.4,4,2,6,2,2,2,99.6260000000001,0.473684210526316,8,4.31034482758621,0,1,22,12600,0,0,0,0,0,80,1,1000,25,,5.5
Design and optimization of alginate-chitosan-pluronic nanoparticles as a novel meloxicam drug delivery system,10.1002/app.42241,Meloxicam,23.5653717215539,70.814435022678,0,0,0.624892174984596,332,-25.1,14,1.95092,99.6,351.409,2,2,6,2,0,1,86.4203,0.142857142857143,9,5.62019325576809,0,1,22,12600,2,0,0.0180212650928095,0,1,85,1,1200,25,1,5
Design and optimization of alginate-chitosan-pluronic nanoparticles as a novel meloxicam drug delivery system,10.1002/app.42241,Meloxicam,8.20712602574274,85.0433979467384,0,0,0.52033887861984,247,-21.6,22,1.95092,99.6,351.409,2,2,6,2,0,1,86.4203,0.142857142857143,9,6.74947602751892,0,1,22,12600,2,0,0.0180212650928095,0,1,85,1,1200,25,1,5
Design and optimization of alginate-chitosan-pluronic nanoparticles as a novel meloxicam drug delivery system,10.1002/app.42241,Meloxicam,21.0907165548888,63.3780444758207,10.5012354394635,0,0.698213185459026,428,-24.2,25,1.95092,99.6,351.409,2,2,6,2,0,1,86.4203,0.142857142857143,9,5.03000352982704,0,1,22,12600,2,0,0.0180212650928095,0,1,85,1,1200,25,1,5
Design and optimization of alginate-chitosan-pluronic nanoparticles as a novel meloxicam drug delivery system,10.1002/app.42241,Meloxicam,7.19349046714617,74.5399632593331,12.3506761735737,0,0.59365988909427,275,-19.6,20,1.95092,99.6,351.409,2,2,6,2,0,1,86.4203,0.142857142857143,9,5.91587009994707,0,1,22,12600,2,0,0.0180212650928095,0,1,85,1,1200,25,1,5
Design and optimization of alginate-chitosan-pluronic nanoparticles as a novel meloxicam drug delivery system,10.1002/app.42241,Meloxicam,22.8664370455415,68.7141216991963,5.69269039418293,0,0.643992606284658,375,-24.4,37,1.95092,99.6,351.409,2,2,6,2,0,1,86.4203,0.142857142857143,9,2.72675086107922,0,1,22,12600,2,0,0.0180212650928095,0,1,85,1,1200,25,1,5
Design and optimization of alginate-chitosan-pluronic nanoparticles as a novel meloxicam drug delivery system,10.1002/app.42241,Meloxicam,7.91652865187148,82.0321869538897,6.79603888019554,0,0.539439309919901,265,-19.6,40,1.95092,99.6,351.409,2,2,6,2,0,1,86.4203,0.142857142857143,9,3.25524551404324,0,1,22,12600,2,0,0.0180212650928095,0,1,85,1,1200,25,1,5
Design and optimization of alginate-chitosan-pluronic nanoparticles as a novel meloxicam drug delivery system,10.1002/app.42241,Meloxicam,21.6839049174379,65.1605879150789,5.39829432045001,0,0.679112754158965,410,-22.3,10,1.95092,99.6,351.409,2,2,6,2,0,1,86.4203,0.142857142857143,9,7.75721284703321,0,1,22,12600,2,0,0.0180212650928095,0,1,85,1,1200,25,1,5
Design and optimization of alginate-chitosan-pluronic nanoparticles as a novel meloxicam drug delivery system,10.1002/app.42241,Meloxicam,7.43262806833171,77.0179408263718,6.38062862596648,0,0.574559457794208,321,-20.8,20,1.95092,99.6,351.409,2,2,6,2,0,1,86.4203,0.142857142857143,9,9.16880247932998,0,1,22,12600,2,0,0.0180212650928095,0,1,85,1,1200,25,1,5
Design and optimization of alginate-chitosan-pluronic nanoparticles as a novel meloxicam drug delivery system,10.1002/app.42241,Meloxicam,13.0763768436492,83.605927616032,0,0,0.529285274183611,315,-23.7,34,1.95092,99.6,351.409,2,2,6,2,0,1,86.4203,0.142857142857143,9,3.31769554031873,0,1,22,12600,2,0,0.0180212650928095,0,1,85,1,1200,25,1,5
Design and optimization of alginate-chitosan-pluronic nanoparticles as a novel meloxicam drug delivery system,10.1002/app.42241,Meloxicam,11.4853327607538,73.4333302659428,12.1673159310042,0,0.602606284658041,319,-20.4,37,1.95092,99.6,351.409,2,2,6,2,0,1,86.4203,0.142857142857143,9,2.91402104229932,0,1,22,12600,2,0,0.0180212650928095,0,1,85,1,1200,25,1,5
Design and optimization of alginate-chitosan-pluronic nanoparticles as a novel meloxicam drug delivery system,10.1002/app.42241,Meloxicam,12.2626988199076,78.4035457354017,0,0,0.564405422057917,347,-19.1,10,1.95092,99.6,351.409,2,2,6,2,0,1,86.4203,0.142857142857143,9,9.33375544469068,0,1,22,12600,2,0,0.0180212650928095,0,1,85,1,1200,25,1,5
Design and optimization of alginate-chitosan-pluronic nanoparticles as a novel meloxicam drug delivery system,10.1002/app.42241,Meloxicam,10.8528255219655,69.3892930639692,11.4972512874023,0,0.637726432532347,446,-22.3,18,1.95092,99.6,351.409,2,2,6,2,0,1,86.4203,0.142857142857143,9,8.260630126663,0,1,22,12600,2,0,0.0180212650928095,0,1,85,1,1200,25,1,5
Design and optimization of alginate-chitosan-pluronic nanoparticles as a novel meloxicam drug delivery system,10.1002/app.42241,Meloxicam,11.8612926728826,75.8370906940646,6.28279991130165,0,0.583505853357979,253,-17.2,55,1.95092,99.6,351.409,2,2,6,2,0,1,86.4203,0.142857142857143,9,6.01881672175116,0,1,22,12600,2,0,0.0180212650928095,0,1,85,1,1200,25,1,5
Design and optimization of alginate-chitosan-pluronic nanoparticles as a novel meloxicam drug delivery system,10.1002/app.42241,Meloxicam,11.8612926728826,75.8370906940646,6.28279991130165,0,0.583505853357979,276,-18.2,45,1.95092,99.6,351.409,2,2,6,2,0,1,86.4203,0.142857142857143,9,6.01881672175116,0,1,22,12600,2,0,0.0180212650928095,0,1,85,1,1200,25,1,5
Design and optimization of alginate-chitosan-pluronic nanoparticles as a novel meloxicam drug delivery system,10.1002/app.42241,Meloxicam,11.8612926728826,75.8370906940646,6.28279991130165,0,0.583505853357979,257,-16.2,51,1.95092,99.6,351.409,2,2,6,2,0,1,86.4203,0.142857142857143,9,6.01881672175116,0,1,22,12600,2,0,0.0180212650928095,0,1,85,1,1200,25,1,5
Amoxicillin Loaded Chitosan-Alginate Polyelectrolyte Complex Nanoparticles as Mucopenetrating Delivery System for H. Pylori,10.3797/scipharm.1011-05,Amoxicillin,14.0845070422535,70.4225352112676,8.45070422535211,0,1.42,265,41.59,61.5,0.0236999999999996,132.96,365.411,4,4,6,1,2,2,90.6937,0.4375,9,7.04225352112676,0,1,22,12600,0,0,0,0,0,,2,,25,,5
Amoxicillin Loaded Chitosan-Alginate Polyelectrolyte Complex Nanoparticles as Mucopenetrating Delivery System for H. Pylori,10.3797/scipharm.1011-05,Amoxicillin,32.967032967033,54.945054945055,6.59340659340659,0,1.82,633,57.81,91.6,0.0236999999999996,132.96,365.411,4,4,6,1,2,2,90.6937,0.4375,9,5.49450549450549,0,1,22,12600,0,0,0,0,0,,2,,25,,5
Amoxicillin Loaded Chitosan-Alginate Polyelectrolyte Complex Nanoparticles as Mucopenetrating Delivery System for H. Pylori,10.3797/scipharm.1011-05,Amoxicillin,11.6279069767442,58.1395348837209,6.97674418604651,0,1.72,300,35.04,23.5,0.0236999999999996,132.96,365.411,4,4,6,1,2,2,90.6937,0.4375,9,23.2558139534884,0,1,22,12600,0,0,0,0,0,,2,,25,,5
Amoxicillin Loaded Chitosan-Alginate Polyelectrolyte Complex Nanoparticles as Mucopenetrating Delivery System for H. Pylori,10.3797/scipharm.1011-05,Amoxicillin,28.3018867924528,47.1698113207547,5.66037735849057,0,2.12,638,41.97,47.5,0.0236999999999996,132.96,365.411,4,4,6,1,2,2,90.6937,0.4375,9,18.8679245283019,0,1,22,12600,0,0,0,0,0,,2,,25,,5
Amoxicillin Loaded Chitosan-Alginate Polyelectrolyte Complex Nanoparticles as Mucopenetrating Delivery System for H. Pylori,10.3797/scipharm.1011-05,Amoxicillin,13.7931034482759,68.9655172413793,0,0,1.45,268,56.75,24,0.0236999999999996,132.96,365.411,4,4,6,1,2,2,90.6937,0.4375,9,17.2413793103448,0,1,22,12600,0,0,0,0,0,,2,,25,,5
Amoxicillin Loaded Chitosan-Alginate Polyelectrolyte Complex Nanoparticles as Mucopenetrating Delivery System for H. Pylori,10.3797/scipharm.1011-05,Amoxicillin,32.4324324324324,54.0540540540541,0,0,1.85,616,61.9,66.4,0.0236999999999996,132.96,365.411,4,4,6,1,2,2,90.6937,0.4375,9,13.5135135135135,0,1,22,12600,0,0,0,0,0,,2,,25,,5
Amoxicillin Loaded Chitosan-Alginate Polyelectrolyte Complex Nanoparticles as Mucopenetrating Delivery System for H. Pylori,10.3797/scipharm.1011-05,Amoxicillin,11.7647058823529,58.8235294117647,14.7058823529412,0,1.7,321,58.15,33.2,0.0236999999999996,132.96,365.411,4,4,6,1,2,2,90.6937,0.4375,9,14.7058823529412,0,1,22,12600,0,0,0,0,0,,2,,25,,5
Amoxicillin Loaded Chitosan-Alginate Polyelectrolyte Complex Nanoparticles as Mucopenetrating Delivery System for H. Pylori,10.3797/scipharm.1011-05,Amoxicillin,28.5714285714286,47.6190476190476,11.9047619047619,0,2.1,601,60.99,88,0.0236999999999996,132.96,365.411,4,4,6,1,2,2,90.6937,0.4375,9,11.9047619047619,0,1,22,12600,0,0,0,0,0,,2,,25,,5
Amoxicillin Loaded Chitosan-Alginate Polyelectrolyte Complex Nanoparticles as Mucopenetrating Delivery System for H. Pylori,10.3797/scipharm.1011-05,Amoxicillin,26.6666666666667,66.6666666666667,0,0,1.5,382,57.12,79.6,0.0236999999999996,132.96,365.411,4,4,6,1,2,2,90.6937,0.4375,9,6.66666666666667,0,1,22,12600,0,0,0,0,0,,2,,25,,5
Amoxicillin Loaded Chitosan-Alginate Polyelectrolyte Complex Nanoparticles as Mucopenetrating Delivery System for H. Pylori,10.3797/scipharm.1011-05,Amoxicillin,22.2222222222222,55.5555555555556,0,0,1.8,574,53.46,31.8,0.0236999999999996,132.96,365.411,4,4,6,1,2,2,90.6937,0.4375,9,22.2222222222222,0,1,22,12600,0,0,0,0,0,,2,,25,,5
Amoxicillin Loaded Chitosan-Alginate Polyelectrolyte Complex Nanoparticles as Mucopenetrating Delivery System for H. Pylori,10.3797/scipharm.1011-05,Amoxicillin,22.8571428571429,57.1428571428571,14.2857142857143,0,1.75,414,46.79,84.9,0.0236999999999996,132.96,365.411,4,4,6,1,2,2,90.6937,0.4375,9,5.71428571428571,0,1,22,12600,0,0,0,0,0,,2,,25,,5
Amoxicillin Loaded Chitosan-Alginate Polyelectrolyte Complex Nanoparticles as Mucopenetrating Delivery System for H. Pylori,10.3797/scipharm.1011-05,Amoxicillin,19.5121951219512,48.7804878048781,12.1951219512195,0,2.05,519,54.08,36,0.0236999999999996,132.96,365.411,4,4,6,1,2,2,90.6937,0.4375,9,19.5121951219512,0,1,22,12600,0,0,0,0,0,,2,,25,,5
Amoxicillin Loaded Chitosan-Alginate Polyelectrolyte Complex Nanoparticles as Mucopenetrating Delivery System for H. Pylori,10.3797/scipharm.1011-05,Amoxicillin,22.5988700564972,56.4971751412429,6.77966101694915,0,1.77,600,59.22,52.4,0.0236999999999996,132.96,365.411,4,4,6,1,2,2,90.6937,0.4375,9,14.1242937853107,0,1,22,12600,0,0,0,0,0,,2,,25,,5
Amoxicillin Loaded Chitosan-Alginate Polyelectrolyte Complex Nanoparticles as Mucopenetrating Delivery System for H. Pylori,10.3797/scipharm.1011-05,Amoxicillin,22.5988700564972,56.4971751412429,6.77966101694915,0,1.77,508,59.76,52,0.0236999999999996,132.96,365.411,4,4,6,1,2,2,90.6937,0.4375,9,14.1242937853107,0,1,22,12600,0,0,0,0,0,,2,,25,,5
Amoxicillin Loaded Chitosan-Alginate Polyelectrolyte Complex Nanoparticles as Mucopenetrating Delivery System for H. Pylori,10.3797/scipharm.1011-05,Amoxicillin,22.5988700564972,56.4971751412429,6.77966101694915,0,1.77,594,60.06,52.8,0.0236999999999996,132.96,365.411,4,4,6,1,2,2,90.6937,0.4375,9,14.1242937853107,0,1,22,12600,0,0,0,0,0,,2,,25,,5
Chitosan/alginate nanoparticles as a promising carrier of novel curcumin diethyl diglutarate,10.1016/j.ijbiomac.2019.03.061,Curcumin diethyl diglutarate (CDG),0.00510577463110778,0.204230985244311,98.7116428680838,0.228057933522814,10.1305172413793,125,-34.5,61.3,5.71900000000001,160.96,652.693,19,1,12,2,0,0,172.0128,0.342857142857143,12,0.850962438517964,1,1,22,12600,2,0,0.0180212650928095,0,1,84.3,0,1000,25,15,4.6
Chitosan/alginate nanoparticles as a promising carrier of novel curcumin diethyl diglutarate,10.1016/j.ijbiomac.2019.03.061,Curcumin diethyl diglutarate (CDG),0.0204199707313753,0.204199707313753,98.6965252016472,0.228023006500357,10.1320689655172,214,-22.9,73.1,5.71900000000001,160.96,652.693,19,1,12,2,0,0,172.0128,0.342857142857143,12,0.850832113807304,1,1,22,12600,2,0,0.0180212650928095,0,1,84.3,0,1000,25,15,4.6
Chitosan/alginate nanoparticles as a promising carrier of novel curcumin diethyl diglutarate,10.1016/j.ijbiomac.2019.03.061,Curcumin diethyl diglutarate (CDG),0.00341853071549848,0.136741228619939,99.1373907494559,0.152694371958932,15.1305172413793,156,-32.4,68.4,5.71900000000001,160.96,652.693,19,1,12,2,0,0,172.0128,0.342857142857143,12,0.569755119249746,1,1,22,12600,2,0,0.0180212650928095,0,1,84.3,0,1000,25,15,4.6
Chitosan/alginate nanoparticles as a promising carrier of novel curcumin diethyl diglutarate,10.1016/j.ijbiomac.2019.03.061,Curcumin diethyl diglutarate (CDG),0.0136727206435294,0.136727206435294,99.127224665588,0.152678713852745,15.1320689655172,382,-21.4,73.5,5.71900000000001,160.96,652.693,19,1,12,2,0,0,172.0128,0.342857142857143,12,0.569696693480391,1,1,22,12600,2,0,0.0180212650928095,0,1,84.3,0,1000,25,15,4.6
Chitosan/alginate nanoparticles as a promising carrier of novel curcumin diethyl diglutarate,10.1016/j.ijbiomac.2019.03.061,Curcumin diethyl diglutarate (CDG),0.00411201118467042,0.164480447386817,99.3736036295352,0.183669832915279,12.5787931034483,150,-33.6,41.4,5.71900000000001,160.96,652.693,19,1,12,2,0,0,172.0128,0.342857142857143,12,0.274134078978028,1,1,22,12600,2,0,0.0180212650928095,0,1,84.3,0,1000,25,15,4.6
Chitosan/alginate nanoparticles as a promising carrier of novel curcumin diethyl diglutarate,10.1016/j.ijbiomac.2019.03.061,Curcumin diethyl diglutarate (CDG),0.0164460159526355,0.164460159526355,99.361346380506,0.183647178137763,12.5803448275862,291,-22.7,61.3,5.71900000000001,160.96,652.693,19,1,12,2,0,0,172.0128,0.342857142857143,12,0.274100265877258,1,1,22,12600,2,0,0.0180212650928095,0,1,84.3,0,1000,25,15,4.6
Chitosan/alginate nanoparticles as a promising carrier of novel curcumin diethyl diglutarate,10.1016/j.ijbiomac.2019.03.061,Curcumin diethyl diglutarate (CDG),0.00406741055086297,0.162696422034519,98.2957549791884,0.181677671271879,12.716724137931,148,-34.3,78.2,5.71900000000001,160.96,652.693,19,1,12,2,0,0,172.0128,0.342857142857143,12,1.35580351695432,1,1,22,12600,2,0,0.0180212650928095,0,1,84.3,0,1000,25,15,4.6
Chitosan/alginate nanoparticles as a promising carrier of novel curcumin diethyl diglutarate,10.1016/j.ijbiomac.2019.03.061,Curcumin diethyl diglutarate (CDG),0.0162676571862376,0.162676571862376,98.2837621668519,0.181655505246319,12.718275862069,320,-20.3,70.7,5.71900000000001,160.96,652.693,19,1,12,2,0,0,172.0128,0.342857142857143,12,1.35563809885313,1,1,22,12600,2,0,0.0180212650928095,0,1,84.3,0,1000,25,15,4.6
Chitosan/alginate nanoparticles as a promising carrier of novel curcumin diethyl diglutarate,10.1016/j.ijbiomac.2019.03.061,Curcumin diethyl diglutarate (CDG),0.010263427984947,0.205268559698939,99.2131371878207,0.229216558330482,10.0793103448276,209,-30.2,42.9,5.71900000000001,160.96,652.693,19,1,12,2,0,0,172.0128,0.342857142857143,12,0.342114266164899,1,1,22,12600,2,0,0.0180212650928095,0,1,84.3,0,1000,25,15,4.6
Chitosan/alginate nanoparticles as a promising carrier of novel curcumin diethyl diglutarate,10.1016/j.ijbiomac.2019.03.061,Curcumin diethyl diglutarate (CDG),0.00686027898467871,0.137205579693574,99.4740452778413,0.153212897324491,15.0793103448276,341,-26.1,55.1,5.71900000000001,160.96,652.693,19,1,12,2,0,0,172.0128,0.342857142857143,12,0.228675966155957,1,1,22,12600,2,0,0.0180212650928095,0,1,84.3,0,1000,25,15,4.6
Chitosan/alginate nanoparticles as a promising carrier of novel curcumin diethyl diglutarate,10.1016/j.ijbiomac.2019.03.061,Curcumin diethyl diglutarate (CDG),0.010124873439082,0.20249746878164,97.8737765777928,0.226122173472832,10.2172413793103,248,-25.6,82.9,5.71900000000001,160.96,652.693,19,1,12,2,0,0,172.0128,0.342857142857143,12,1.68747890651367,1,1,22,12600,2,0,0.0180212650928095,0,1,84.3,0,1000,25,15,4.6
Chitosan/alginate nanoparticles as a promising carrier of novel curcumin diethyl diglutarate,10.1016/j.ijbiomac.2019.03.061,Curcumin diethyl diglutarate (CDG),0.00679809653297077,0.135961930659415,98.5723997280761,0.151824155903014,15.2172413793103,315,-27.1,73.5,5.71900000000001,160.96,652.693,19,1,12,2,0,0,172.0128,0.342857142857143,12,1.13301608882846,1,1,22,12600,2,0,0.0180212650928095,0,1,84.3,0,1000,25,15,4.6
Chitosan/alginate nanoparticles as a promising carrier of novel curcumin diethyl diglutarate,10.1016/j.ijbiomac.2019.03.061,Curcumin diethyl diglutarate (CDG),0.00819000819000819,0.163800163800164,98.962598962599,0.182910182910183,12.6310344827586,244,-30.8,83.4,5.71900000000001,160.96,652.693,19,1,12,2,0,0,172.0128,0.342857142857143,12,0.682500682500683,1,1,22,12600,2,0,0.0180212650928095,0,1,84.3,0,1000,25,15,4.6
Chitosan/alginate nanoparticles as a promising carrier of novel curcumin diethyl diglutarate,10.1016/j.ijbiomac.2019.03.061,Curcumin diethyl diglutarate (CDG),0.00819000819000819,0.163800163800164,98.962598962599,0.182910182910183,12.6310344827586,261,-30.4,81.9,5.71900000000001,160.96,652.693,19,1,12,2,0,0,172.0128,0.342857142857143,12,0.682500682500683,1,1,22,12600,2,0,0.0180212650928095,0,1,84.3,0,1000,25,15,4.6
Chitosan/alginate nanoparticles as a promising carrier of novel curcumin diethyl diglutarate,10.1016/j.ijbiomac.2019.03.061,Curcumin diethyl diglutarate (CDG),0.00819000819000819,0.163800163800164,98.962598962599,0.182910182910183,12.6310344827586,253,-29.5,82.8,5.71900000000001,160.96,652.693,19,1,12,2,0,0,172.0128,0.342857142857143,12,0.682500682500683,1,1,22,12600,2,0,0.0180212650928095,0,1,84.3,0,1000,25,15,4.6
Chitosan/alginate nanoparticles as a promising carrier of novel curcumin diethyl diglutarate,10.1016/j.ijbiomac.2019.03.061,Curcumin diethyl diglutarate (CDG),0.0131841830370273,0.202833585185035,98.0362328394336,0.226497503456622,10.2003103448276,215,-24.1,85.3,5.71900000000001,160.96,652.693,19,1,12,2,0,0,172.0128,0.342857142857143,12,1.52125188888776,1,1,22,12600,2,0,0.0180212650928095,0,1,84.3,0,1000,25,15,4.6
"Formulation, Optimization, and Characterization of Biocompatible Inhalable D-Cycloserine-Loaded Alginate-Chitosan Nanoparticles for Pulmonary Drug Delivery",10.22159/ajpcr.2016.v9s2.11814,D-Cycloserine,2.04081632653061,16.3265306122449,0,0,1.96,263,,98.07,-1.6249,64.35,102.093,0,2,3,0,1,1,22.0701,0.666666666666667,4,81.6326530612245,0,0,0,0,2,0,0.0180212650928095,0,1,,,,,2,5
"Formulation, Optimization, and Characterization of Biocompatible Inhalable D-Cycloserine-Loaded Alginate-Chitosan Nanoparticles for Pulmonary Drug Delivery",10.22159/ajpcr.2016.v9s2.11814,D-Cycloserine,2.15827338129496,11.5107913669065,0,0,5.56,344,,98.1,-1.6249,64.35,102.093,0,2,3,0,1,1,22.0701,0.666666666666667,4,86.3309352517986,0,0,0,0,2,0,0.0180212650928095,0,1,,,,,2,5
"Formulation, Optimization, and Characterization of Biocompatible Inhalable D-Cycloserine-Loaded Alginate-Chitosan Nanoparticles for Pulmonary Drug Delivery",10.22159/ajpcr.2016.v9s2.11814,D-Cycloserine,0.775193798449612,6.2015503875969,0,0,5.16,366,,97.69,-1.6249,64.35,102.093,0,2,3,0,1,1,22.0701,0.666666666666667,4,93.0232558139535,0,0,0,0,2,0,0.0180212650928095,0,1,,,,,2,5
"Formulation, Optimization, and Characterization of Biocompatible Inhalable D-Cycloserine-Loaded Alginate-Chitosan Nanoparticles for Pulmonary Drug Delivery",10.22159/ajpcr.2016.v9s2.11814,D-Cycloserine,1.75438596491228,28.0701754385965,0,0,2.28,441,,97.93,-1.6249,64.35,102.093,0,2,3,0,1,1,22.0701,0.666666666666667,4,70.1754385964912,0,0,0,0,2,0,0.0180212650928095,0,1,,,,,2,5
"Formulation, Optimization, and Characterization of Biocompatible Inhalable D-Cycloserine-Loaded Alginate-Chitosan Nanoparticles for Pulmonary Drug Delivery",10.22159/ajpcr.2016.v9s2.11814,D-Cycloserine,2.29007633587786,6.10687022900763,0,0,5.24,176,,98.02,-1.6249,64.35,102.093,0,2,3,0,1,1,22.0701,0.666666666666667,4,91.6030534351145,0,0,0,0,2,0,0.0180212650928095,0,1,,,,,2,5
"Formulation, Optimization, and Characterization of Biocompatible Inhalable D-Cycloserine-Loaded Alginate-Chitosan Nanoparticles for Pulmonary Drug Delivery",10.22159/ajpcr.2016.v9s2.11814,D-Cycloserine,2.12765957446809,12.7659574468085,0,0,3.76,377,,99.16,-1.6249,64.35,102.093,0,2,3,0,1,1,22.0701,0.666666666666667,4,85.1063829787234,0,0,0,0,2,0,0.0180212650928095,0,1,,,,,2,5
"Formulation, Optimization, and Characterization of Biocompatible Inhalable D-Cycloserine-Loaded Alginate-Chitosan Nanoparticles for Pulmonary Drug Delivery",10.22159/ajpcr.2016.v9s2.11814,D-Cycloserine,5.08474576271187,27.1186440677966,0,0,2.36,386,,98.04,-1.6249,64.35,102.093,0,2,3,0,1,1,22.0701,0.666666666666667,4,67.7966101694915,0,0,0,0,2,0,0.0180212650928095,0,1,,,,,2,5
"Formulation, Optimization, and Characterization of Biocompatible Inhalable D-Cycloserine-Loaded Alginate-Chitosan Nanoparticles for Pulmonary Drug Delivery",10.22159/ajpcr.2016.v9s2.11814,D-Cycloserine,2.12765957446809,12.7659574468085,0,0,3.76,383,,99.21,-1.6249,64.35,102.093,0,2,3,0,1,1,22.0701,0.666666666666667,4,85.1063829787234,0,0,0,0,2,0,0.0180212650928095,0,1,,,,,2,5
"Formulation, Optimization, and Characterization of Biocompatible Inhalable D-Cycloserine-Loaded Alginate-Chitosan Nanoparticles for Pulmonary Drug Delivery",10.22159/ajpcr.2016.v9s2.11814,D-Cycloserine,0.72992700729927,11.6788321167883,0,0,5.48,246,,97.58,-1.6249,64.35,102.093,0,2,3,0,1,1,22.0701,0.666666666666667,4,87.5912408759124,0,0,0,0,2,0,0.0180212650928095,0,1,,,,,2,5
"Formulation, Optimization, and Characterization of Biocompatible Inhalable D-Cycloserine-Loaded Alginate-Chitosan Nanoparticles for Pulmonary Drug Delivery",10.22159/ajpcr.2016.v9s2.11814,D-Cycloserine,2.04081632653061,16.3265306122449,0,0,1.96,217,,97.96,-1.6249,64.35,102.093,0,2,3,0,1,1,22.0701,0.666666666666667,4,81.6326530612245,0,0,0,0,2,0,0.0180212650928095,0,1,,,,,2,5
"Formulation, Optimization, and Characterization of Biocompatible Inhalable D-Cycloserine-Loaded Alginate-Chitosan Nanoparticles for Pulmonary Drug Delivery",10.22159/ajpcr.2016.v9s2.11814,D-Cycloserine,2.12765957446809,12.7659574468085,0,0,3.76,372,,99.13,-1.6249,64.35,102.093,0,2,3,0,1,1,22.0701,0.666666666666667,4,85.1063829787234,0,0,0,0,2,0,0.0180212650928095,0,1,,,,,2,5
"Formulation, Optimization, and Characterization of Biocompatible Inhalable D-Cycloserine-Loaded Alginate-Chitosan Nanoparticles for Pulmonary Drug Delivery",10.22159/ajpcr.2016.v9s2.11814,D-Cycloserine,2.15827338129496,11.5107913669065,0,0,5.56,344,-42,98.1,-1.6249,64.35,102.093,0,2,3,0,1,1,22.0701,0.666666666666667,4,86.3309352517986,0,0,0,0,2,0,0.0180212650928095,0,1,,,,,2,5
"Phytosterol-Loaded Surface-Tailored Bioactive-Polymer Nanoparticles for Cancer Treatment: Optimization, In Vitro Cell Viability, Antioxidant Activity, and Stability Studies",10.3390/gels8040219,β-Sitosterol,28.5714285714286,57.1428571428571,0,0,1.75,121,,90,8.02480000000001,20.23,414.718,6,1,1,0,3,4,128.2168,0.931034482758621,1,14.2857142857143,0,0,0,0,2,0,0.0180212650928095,0,1,,2,1000,,10,5.2
"Phytosterol-Loaded Surface-Tailored Bioactive-Polymer Nanoparticles for Cancer Treatment: Optimization, In Vitro Cell Viability, Antioxidant Activity, and Stability Studies",10.3390/gels8040219,β-Sitosterol,44.4444444444444,44.4444444444444,0,0,2.25,142,,72,8.02480000000001,20.23,414.718,6,1,1,0,3,4,128.2168,0.931034482758621,1,11.1111111111111,0,0,0,0,2,0,0.0180212650928095,0,1,,2,1000,,10,5.2
"Phytosterol-Loaded Surface-Tailored Bioactive-Polymer Nanoparticles for Cancer Treatment: Optimization, In Vitro Cell Viability, Antioxidant Activity, and Stability Studies",10.3390/gels8040219,β-Sitosterol,46.1538461538462,46.1538461538462,0,0,3.25,166,,80,8.02480000000001,20.23,414.718,6,1,1,0,3,4,128.2168,0.931034482758621,1,7.69230769230769,0,0,0,0,2,0,0.0180212650928095,0,1,,2,1000,,10,5.2
"Phytosterol-Loaded Surface-Tailored Bioactive-Polymer Nanoparticles for Cancer Treatment: Optimization, In Vitro Cell Viability, Antioxidant Activity, and Stability Studies",10.3390/gels8040219,β-Sitosterol,40,40,0,0,1.25,151,,86,8.02480000000001,20.23,414.718,6,1,1,0,3,4,128.2168,0.931034482758621,1,20,0,0,0,0,2,0,0.0180212650928095,0,1,,2,1000,,10,5.2
"Phytosterol-Loaded Surface-Tailored Bioactive-Polymer Nanoparticles for Cancer Treatment: Optimization, In Vitro Cell Viability, Antioxidant Activity, and Stability Studies",10.3390/gels8040219,β-Sitosterol,44.4444444444444,44.4444444444444,0,0,2.25,137,,73,8.02480000000001,20.23,414.718,6,1,1,0,3,4,128.2168,0.931034482758621,1,11.1111111111111,0,0,0,0,2,0,0.0180212650928095,0,1,,2,1000,,10,5.2
"Phytosterol-Loaded Surface-Tailored Bioactive-Polymer Nanoparticles for Cancer Treatment: Optimization, In Vitro Cell Viability, Antioxidant Activity, and Stability Studies",10.3390/gels8040219,β-Sitosterol,36.3636363636364,54.5454545454545,0,0,2.75,170,,87,8.02480000000001,20.23,414.718,6,1,1,0,3,4,128.2168,0.931034482758621,1,9.09090909090909,0,0,0,0,2,0,0.0180212650928095,0,1,,2,1000,,10,5.2
"Phytosterol-Loaded Surface-Tailored Bioactive-Polymer Nanoparticles for Cancer Treatment: Optimization, In Vitro Cell Viability, Antioxidant Activity, and Stability Studies",10.3390/gels8040219,β-Sitosterol,44.4444444444444,44.4444444444444,0,0,2.25,145,,74,8.02480000000001,20.23,414.718,6,1,1,0,3,4,128.2168,0.931034482758621,1,11.1111111111111,0,0,0,0,2,0,0.0180212650928095,0,1,,2,1000,,10,5.2
"Phytosterol-Loaded Surface-Tailored Bioactive-Polymer Nanoparticles for Cancer Treatment: Optimization, In Vitro Cell Viability, Antioxidant Activity, and Stability Studies",10.3390/gels8040219,β-Sitosterol,22.2222222222222,66.6666666666667,0,0,2.25,123,,93,8.02480000000001,20.23,414.718,6,1,1,0,3,4,128.2168,0.931034482758621,1,11.1111111111111,0,0,0,0,2,0,0.0180212650928095,0,1,,2,1000,,10,5.2
"Phytosterol-Loaded Surface-Tailored Bioactive-Polymer Nanoparticles for Cancer Treatment: Optimization, In Vitro Cell Viability, Antioxidant Activity, and Stability Studies",10.3390/gels8040219,β-Sitosterol,54.5454545454545,36.3636363636364,0,0,2.75,146,,72,8.02480000000001,20.23,414.718,6,1,1,0,3,4,128.2168,0.931034482758621,1,9.09090909090909,0,0,0,0,2,0,0.0180212650928095,0,1,,2,1000,,10,5.2
"Phytosterol-Loaded Surface-Tailored Bioactive-Polymer Nanoparticles for Cancer Treatment: Optimization, In Vitro Cell Viability, Antioxidant Activity, and Stability Studies",10.3390/gels8040219,β-Sitosterol,36.3636363636364,54.5454545454545,0,0,2.75,168,,75,8.02480000000001,20.23,414.718,6,1,1,0,3,4,128.2168,0.931034482758621,1,9.09090909090909,0,0,0,0,2,0,0.0180212650928095,0,1,,2,1000,,10,5.2
"Phytosterol-Loaded Surface-Tailored Bioactive-Polymer Nanoparticles for Cancer Treatment: Optimization, In Vitro Cell Viability, Antioxidant Activity, and Stability Studies",10.3390/gels8040219,β-Sitosterol,57.1428571428571,28.5714285714286,0,0,1.75,139,,78,8.02480000000001,20.23,414.718,6,1,1,0,3,4,128.2168,0.931034482758621,1,14.2857142857143,0,0,0,0,2,0,0.0180212650928095,0,1,,2,1000,,10,5.2
"Phytosterol-Loaded Surface-Tailored Bioactive-Polymer Nanoparticles for Cancer Treatment: Optimization, In Vitro Cell Viability, Antioxidant Activity, and Stability Studies",10.3390/gels8040219,β-Sitosterol,44.4444444444444,44.4444444444444,0,0,2.25,140,,74,8.02480000000001,20.23,414.718,6,1,1,0,3,4,128.2168,0.931034482758621,1,11.1111111111111,0,0,0,0,2,0,0.0180212650928095,0,1,,2,1000,,10,5.2
"Phytosterol-Loaded Surface-Tailored Bioactive-Polymer Nanoparticles for Cancer Treatment: Optimization, In Vitro Cell Viability, Antioxidant Activity, and Stability Studies",10.3390/gels8040219,β-Sitosterol,28.5714285714286,57.1428571428571,0,0,1.75,149,,70,8.02480000000001,20.23,414.718,6,1,1,0,3,4,128.2168,0.931034482758621,1,14.2857142857143,0,0,0,0,2,0,0.0180212650928095,0,1,,2,1000,,10,5.2
"Phytosterol-Loaded Surface-Tailored Bioactive-Polymer Nanoparticles for Cancer Treatment: Optimization, In Vitro Cell Viability, Antioxidant Activity, and Stability Studies",10.3390/gels8040219,β-Sitosterol,57.1428571428571,28.5714285714286,0,0,1.75,180,,78,8.02480000000001,20.23,414.718,6,1,1,0,3,4,128.2168,0.931034482758621,1,14.2857142857143,0,0,0,0,2,0,0.0180212650928095,0,1,,2,1000,,10,5.2
"Phytosterol-Loaded Surface-Tailored Bioactive-Polymer Nanoparticles for Cancer Treatment: Optimization, In Vitro Cell Viability, Antioxidant Activity, and Stability Studies",10.3390/gels8040219,β-Sitosterol,44.4444444444444,44.4444444444444,0,0,2.25,146,,71,8.02480000000001,20.23,414.718,6,1,1,0,3,4,128.2168,0.931034482758621,1,11.1111111111111,0,0,0,0,2,0,0.0180212650928095,0,1,,2,1000,,10,5.2
"Phytosterol-Loaded Surface-Tailored Bioactive-Polymer Nanoparticles for Cancer Treatment: Optimization, In Vitro Cell Viability, Antioxidant Activity, and Stability Studies",10.3390/gels8040219,β-Sitosterol,54.5454545454545,36.3636363636364,0,0,2.75,138,,67,8.02480000000001,20.23,414.718,6,1,1,0,3,4,128.2168,0.931034482758621,1,9.09090909090909,0,0,0,0,2,0,0.0180212650928095,0,1,,2,1000,,10,5.2
"Phytosterol-Loaded Surface-Tailored Bioactive-Polymer Nanoparticles for Cancer Treatment: Optimization, In Vitro Cell Viability, Antioxidant Activity, and Stability Studies",10.3390/gels8040219,β-Sitosterol,66.6666666666667,22.2222222222222,0,0,2.25,131,,79,8.02480000000001,20.23,414.718,6,1,1,0,3,4,128.2168,0.931034482758621,1,11.1111111111111,0,0,0,0,2,0,0.0180212650928095,0,1,,2,1000,,10,5.2
"Phytosterol-Loaded Surface-Tailored Bioactive-Polymer Nanoparticles for Cancer Treatment: Optimization, In Vitro Cell Viability, Antioxidant Activity, and Stability Studies",10.3390/gels8040219,β-Sitosterol,25.6410256410256,61.5384615384615,0,0,1.95,126,25,91.06,8.02480000000001,20.23,414.718,6,1,1,0,3,4,128.2168,0.931034482758621,1,12.8205128205128,0,0,0,0,2,0,0.0180212650928095,0,1,,2,1000,,10,5.2
Stability and biological activity enhancement of fucoxanthin through encapsulation in alginate/chitosan nanoparticles,10.1016/j.ijbiomac.2024.130264,Fucoxanthin,0.38459467567131,0.00538432545939834,96.1486689178275,0.38459467567131,5.20028,218,36.7,85.5,8.69220000000001,96.36,658.92,11,2,6,0,3,3,194.103599999999,0.547619047619048,6,3.07675740537048,1,1,15,1310,0,-5,0,-0.0135921274397869,1,85,1,1000,25,,
Stability and biological activity enhancement of fucoxanthin through encapsulation in alginate/chitosan nanoparticles,10.1016/j.ijbiomac.2024.130264,Fucoxanthin,0.384550306871145,0.0169202135023304,96.1375767177862,0.384550306871145,5.20088,395,23.7,69.3,8.69220000000001,96.36,658.92,11,2,6,0,3,3,194.103599999999,0.547619047619048,6,3.07640245496916,1,1,15,1310,0,-5,0,-0.0135921274397869,1,85,1,1000,25,,
Stability and biological activity enhancement of fucoxanthin through encapsulation in alginate/chitosan nanoparticles,10.1016/j.ijbiomac.2024.130264,Fucoxanthin,0.131576523590355,0.00184207133026497,98.6823926927662,0.131576523590355,15.20028,307,32.1,71.1,8.69220000000001,96.36,658.92,11,2,6,0,3,3,194.103599999999,0.547619047619048,6,1.05261218872284,1,1,15,1310,0,-5,0,-0.0135921274397869,1,85,1,1000,25,,
Stability and biological activity enhancement of fucoxanthin through encapsulation in alginate/chitosan nanoparticles,10.1016/j.ijbiomac.2024.130264,Fucoxanthin,0.13157133008089,0.00578913852355916,98.6784975606675,0.13157133008089,15.20088,505,20.2,73.7,8.69220000000001,96.36,658.92,11,2,6,0,3,3,194.103599999999,0.547619047619048,6,1.05257064064712,1,1,15,1310,0,-5,0,-0.0135921274397869,1,85,1,1000,25,,
Stability and biological activity enhancement of fucoxanthin through encapsulation in alginate/chitosan nanoparticles,10.1016/j.ijbiomac.2024.130264,Fucoxanthin,0.196844968839441,0.00275582956375218,98.4224844197207,0.196844968839441,10.16028,261,33.1,65.7,8.69220000000001,96.36,658.92,11,2,6,0,3,3,194.103599999999,0.547619047619048,6,1.18106981303665,1,1,15,1310,0,-5,0,-0.0135921274397869,1,85,1,1000,25,,
Stability and biological activity enhancement of fucoxanthin through encapsulation in alginate/chitosan nanoparticles,10.1016/j.ijbiomac.2024.130264,Fucoxanthin,0.196833345143334,0.0086606671863067,98.416672571667,0.196833345143334,10.16088,441,21.2,82.8,8.69220000000001,96.36,658.92,11,2,6,0,3,3,194.103599999999,0.547619047619048,6,1.18100007086,1,1,15,1310,0,-5,0,-0.0135921274397869,1,85,1,1000,25,,
Stability and biological activity enhancement of fucoxanthin through encapsulation in alginate/chitosan nanoparticles,10.1016/j.ijbiomac.2024.130264,Fucoxanthin,0.195307159569856,0.00273430023397798,97.6535797849278,0.195307159569856,10.24028,247,35.1,81.8,8.69220000000001,96.36,658.92,11,2,6,0,3,3,194.103599999999,0.547619047619048,6,1.95307159569856,1,1,15,1310,0,-5,0,-0.0135921274397869,1,85,1,1000,25,,
Stability and biological activity enhancement of fucoxanthin through encapsulation in alginate/chitosan nanoparticles,10.1016/j.ijbiomac.2024.130264,Fucoxanthin,0.19529571677434,0.00859301153807095,97.6478583871699,0.19529571677434,10.24088,438,23,55.7,8.69220000000001,96.36,658.92,11,2,6,0,3,3,194.103599999999,0.547619047619048,6,1.9529571677434,1,1,15,1310,0,-5,0,-0.0135921274397869,1,85,1,1000,25,,
Stability and biological activity enhancement of fucoxanthin through encapsulation in alginate/chitosan nanoparticles,10.1016/j.ijbiomac.2024.130264,Fucoxanthin,0.387551835057939,0.0116265550517382,96.8879587644848,0.387551835057939,5.1606,310,27.6,76.5,8.69220000000001,96.36,658.92,11,2,6,0,3,3,194.103599999999,0.547619047619048,6,2.32531101034763,1,1,15,1310,0,-5,0,-0.0135921274397869,1,85,1,1000,25,,
Stability and biological activity enhancement of fucoxanthin through encapsulation in alginate/chitosan nanoparticles,10.1016/j.ijbiomac.2024.130264,Fucoxanthin,0.131920900228223,0.0039576270068467,98.9406751711674,0.131920900228223,15.1606,460,26.7,61.8,8.69220000000001,96.36,658.92,11,2,6,0,3,3,194.103599999999,0.547619047619048,6,0.791525401369339,1,1,15,1310,0,-5,0,-0.0135921274397869,1,85,1,1000,25,,
Stability and biological activity enhancement of fucoxanthin through encapsulation in alginate/chitosan nanoparticles,10.1016/j.ijbiomac.2024.130264,Fucoxanthin,0.381635690569782,0.0114490707170935,95.4089226424455,0.381635690569782,5.2406,286,33.8,63.7,8.69220000000001,96.36,658.92,11,2,6,0,3,3,194.103599999999,0.547619047619048,6,3.81635690569782,1,1,15,1310,0,-5,0,-0.0135921274397869,1,85,1,1000,25,,
Stability and biological activity enhancement of fucoxanthin through encapsulation in alginate/chitosan nanoparticles,10.1016/j.ijbiomac.2024.130264,Fucoxanthin,0.131228429326929,0.00393685287980788,98.4213219951971,0.131228429326929,15.2406,439,27.6,70.2,8.69220000000001,96.36,658.92,11,2,6,0,3,3,194.103599999999,0.547619047619048,6,1.31228429326929,1,1,15,1310,0,-5,0,-0.0135921274397869,1,85,1,1000,25,,
Stability and biological activity enhancement of fucoxanthin through encapsulation in alginate/chitosan nanoparticles,10.1016/j.ijbiomac.2024.130264,Fucoxanthin,0.196066898025606,0.00588200694076819,98.0334490128032,0.196066898025606,10.2006,325,26.9,64.8,8.69220000000001,96.36,658.92,11,2,6,0,3,3,194.103599999999,0.547619047619048,6,1.56853518420485,1,1,15,1310,0,-5,0,-0.0135921274397869,1,85,1,1000,25,,
Stability and biological activity enhancement of fucoxanthin through encapsulation in alginate/chitosan nanoparticles,10.1016/j.ijbiomac.2024.130264,Fucoxanthin,0.196066898025606,0.00588200694076819,98.0334490128032,0.196066898025606,10.2006,341,25.7,62.6,8.69220000000001,96.36,658.92,11,2,6,0,3,3,194.103599999999,0.547619047619048,6,1.56853518420485,1,1,15,1310,0,-5,0,-0.0135921274397869,1,85,1,1000,25,,
Stability and biological activity enhancement of fucoxanthin through encapsulation in alginate/chitosan nanoparticles,10.1016/j.ijbiomac.2024.130264,Fucoxanthin,0.196066898025606,0.00588200694076819,98.0334490128032,0.196066898025606,10.2006,336,27.6,65.7,8.69220000000001,96.36,658.92,11,2,6,0,3,3,194.103599999999,0.547619047619048,6,1.56853518420485,1,1,15,1310,0,-5,0,-0.0135921274397869,1,85,1,1000,25,,
Stability and biological activity enhancement of fucoxanthin through encapsulation in alginate/chitosan nanoparticles,10.1016/j.ijbiomac.2024.130264,Fucoxanthin,0.272469170113402,0.00381456838158762,96.7265553902576,0.272469170113402,7.34028,227,35.3,81.2,8.69220000000001,96.36,658.92,11,2,6,0,3,3,194.103599999999,0.547619047619048,6,2.72469170113402,1,1,15,1310,0,-5,0,-0.0135921274397869,1,85,1,1000,25,,
A Statistical Study on the Development of Metronidazole-Chitosan-Alginate Nanocomposite Formulation Using the Full Factorial Design,10.3390/polym12040772,Metronidazole,37.7358490566038,37.7358490566038,0,5.66037735849057,26.5,142,-15.4,41.5,0.0920199999999998,81.19,171.156,3,1,5,1,0,0,40.7042,0.5,6,18.8679245283019,0,0,0,0,2,0,0.0180212650928095,0,1,90,1,,25,,5.5
A Statistical Study on the Development of Metronidazole-Chitosan-Alginate Nanocomposite Formulation Using the Full Factorial Design,10.3390/polym12040772,Metronidazole,26.3157894736842,52.6315789473684,0,7.89473684210526,38,34.5,-6.22,20.3,0.0920199999999998,81.19,171.156,3,1,5,1,0,0,40.7042,0.5,6,13.1578947368421,0,0,0,0,2,0,0.0180212650928095,0,1,90,1,,25,,5.5
A Statistical Study on the Development of Metronidazole-Chitosan-Alginate Nanocomposite Formulation Using the Full Factorial Design,10.3390/polym12040772,Metronidazole,15.1515151515152,60.6060606060606,0,9.09090909090909,33,86.3,-8.42,21.9,0.0920199999999998,81.19,171.156,3,1,5,1,0,0,40.7042,0.5,6,15.1515151515152,0,0,0,0,2,0,0.0180212650928095,0,1,90,1,,25,,5.5
A Statistical Study on the Development of Metronidazole-Chitosan-Alginate Nanocomposite Formulation Using the Full Factorial Design,10.3390/polym12040772,Metronidazole,12.1951219512195,48.7804878048781,0,14.6341463414634,20.5,104.2,-6.83,60,0.0920199999999998,81.19,171.156,3,1,5,1,0,0,40.7042,0.5,6,24.390243902439,0,0,0,0,2,0,0.0180212650928095,0,1,90,1,,25,,5.5
A Statistical Study on the Development of Metronidazole-Chitosan-Alginate Nanocomposite Formulation Using the Full Factorial Design,10.3390/polym12040772,Metronidazole,27.3972602739726,54.7945205479452,0,4.10958904109589,36.5,63.2,-5.26,50.3,0.0920199999999998,81.19,171.156,3,1,5,1,0,0,40.7042,0.5,6,13.6986301369863,0,0,0,0,2,0,0.0180212650928095,0,1,90,1,,25,,5.5
A Statistical Study on the Development of Metronidazole-Chitosan-Alginate Nanocomposite Formulation Using the Full Factorial Design,10.3390/polym12040772,Metronidazole,8.19672131147541,65.5737704918033,0,9.83606557377049,30.5,34.5,-6.22,20.3,0.0920199999999998,81.19,171.156,3,1,5,1,0,0,40.7042,0.5,6,16.3934426229508,0,0,0,0,2,0,0.0180212650928095,0,1,90,1,,25,,5.5
A Statistical Study on the Development of Metronidazole-Chitosan-Alginate Nanocomposite Formulation Using the Full Factorial Design,10.3390/polym12040772,Metronidazole,8.19672131147541,65.5737704918033,0,9.83606557377049,30.5,34.5,-6.22,20.3,0.0920199999999998,81.19,171.156,3,1,5,1,0,0,40.7042,0.5,6,16.3934426229508,0,0,0,0,2,0,0.0180212650928095,0,1,90,1,,25,,5.5
A Statistical Study on the Development of Metronidazole-Chitosan-Alginate Nanocomposite Formulation Using the Full Factorial Design,10.3390/polym12040772,Metronidazole,35.7142857142857,35.7142857142857,0,10.7142857142857,28,114.8,-2.41,72.3,0.0920199999999998,81.19,171.156,3,1,5,1,0,0,40.7042,0.5,6,17.8571428571429,0,0,0,0,2,0,0.0180212650928095,0,1,90,1,,25,,5.5
A Statistical Study on the Development of Metronidazole-Chitosan-Alginate Nanocomposite Formulation Using the Full Factorial Design,10.3390/polym12040772,Metronidazole,15.1515151515152,60.6060606060606,0,9.09090909090909,33,86.3,-8.42,21.9,0.0920199999999998,81.19,171.156,3,1,5,1,0,0,40.7042,0.5,6,15.1515151515152,0,0,0,0,2,0,0.0180212650928095,0,1,90,1,,25,,5.5
A Statistical Study on the Development of Metronidazole-Chitosan-Alginate Nanocomposite Formulation Using the Full Factorial Design,10.3390/polym12040772,Metronidazole,37.7358490566038,37.7358490566038,0,5.66037735849057,26.5,266.1,-23.1,47.1,0.0920199999999998,81.19,171.156,3,1,5,1,0,0,40.7042,0.5,6,18.8679245283019,0,0,0,0,2,0,0.0180212650928095,0,1,90,1,,25,,5.5
A Statistical Study on the Development of Metronidazole-Chitosan-Alginate Nanocomposite Formulation Using the Full Factorial Design,10.3390/polym12040772,Metronidazole,26.3157894736842,52.6315789473684,0,7.89473684210526,38,96.9,-4.3,32.3,0.0920199999999998,81.19,171.156,3,1,5,1,0,0,40.7042,0.5,6,13.1578947368421,0,0,0,0,2,0,0.0180212650928095,0,1,90,1,,25,,5.5
A Statistical Study on the Development of Metronidazole-Chitosan-Alginate Nanocomposite Formulation Using the Full Factorial Design,10.3390/polym12040772,Metronidazole,12.1951219512195,48.7804878048781,0,14.6341463414634,20.5,104.2,-6.83,60,0.0920199999999998,81.19,171.156,3,1,5,1,0,0,40.7042,0.5,6,24.390243902439,0,0,0,0,2,0,0.0180212650928095,0,1,90,1,,25,,5.5
A Statistical Study on the Development of Metronidazole-Chitosan-Alginate Nanocomposite Formulation Using the Full Factorial Design,10.3390/polym12040772,Metronidazole,13.1578947368421,52.6315789473684,0,7.89473684210526,19,142,-15.4,41.5,0.0920199999999998,81.19,171.156,3,1,5,1,0,0,40.7042,0.5,6,26.3157894736842,0,0,0,0,2,0,0.0180212650928095,0,1,90,1,,25,,5.5
A Statistical Study on the Development of Metronidazole-Chitosan-Alginate Nanocomposite Formulation Using the Full Factorial Design,10.3390/polym12040772,Metronidazole,37.7358490566038,37.7358490566038,0,5.66037735849057,26.5,266.1,-23.1,47.1,0.0920199999999998,81.19,171.156,3,1,5,1,0,0,40.7042,0.5,6,18.8679245283019,0,0,0,0,2,0,0.0180212650928095,0,1,90,1,,25,,5.5
A Statistical Study on the Development of Metronidazole-Chitosan-Alginate Nanocomposite Formulation Using the Full Factorial Design,10.3390/polym12040772,Metronidazole,15.8730158730159,63.4920634920635,0,4.76190476190476,31.5,129.2,-7.54,53.5,0.0920199999999998,81.19,171.156,3,1,5,1,0,0,40.7042,0.5,6,15.8730158730159,0,0,0,0,2,0,0.0180212650928095,0,1,90,1,,25,,5.5
A Statistical Study on the Development of Metronidazole-Chitosan-Alginate Nanocomposite Formulation Using the Full Factorial Design,10.3390/polym12040772,Metronidazole,13.1578947368421,52.6315789473684,0,7.89473684210526,19,142,-15.4,41.5,0.0920199999999998,81.19,171.156,3,1,5,1,0,0,40.7042,0.5,6,26.3157894736842,0,0,0,0,2,0,0.0180212650928095,0,1,90,1,,25,,5.5
A Statistical Study on the Development of Metronidazole-Chitosan-Alginate Nanocomposite Formulation Using the Full Factorial Design,10.3390/polym12040772,Metronidazole,8.62068965517242,68.9655172413793,0,5.17241379310345,29,63.2,-5.26,50.3,0.0920199999999998,81.19,171.156,3,1,5,1,0,0,40.7042,0.5,6,17.2413793103448,0,0,0,0,2,0,0.0180212650928095,0,1,90,1,,25,,5.5
A Statistical Study on the Development of Metronidazole-Chitosan-Alginate Nanocomposite Formulation Using the Full Factorial Design,10.3390/polym12040772,Metronidazole,12.1951219512195,48.7804878048781,0,14.6341463414634,20.5,104.2,-6.83,60,0.0920199999999998,81.19,171.156,3,1,5,1,0,0,40.7042,0.5,6,24.390243902439,0,0,0,0,2,0,0.0180212650928095,0,1,90,1,,25,,5.5
A Statistical Study on the Development of Metronidazole-Chitosan-Alginate Nanocomposite Formulation Using the Full Factorial Design,10.3390/polym12040772,Metronidazole,23.2558139534884,46.5116279069767,0,6.97674418604651,21.5,227,-10.4,43.2,0.0920199999999998,81.19,171.156,3,1,5,1,0,0,40.7042,0.5,6,23.2558139534884,0,0,0,0,2,0,0.0180212650928095,0,1,90,1,,25,,5.5
A Statistical Study on the Development of Metronidazole-Chitosan-Alginate Nanocomposite Formulation Using the Full Factorial Design,10.3390/polym12040772,Metronidazole,8.62068965517242,68.9655172413793,0,5.17241379310345,29,63.2,-5.26,50.3,0.0920199999999998,81.19,171.156,3,1,5,1,0,0,40.7042,0.5,6,17.2413793103448,0,0,0,0,2,0,0.0180212650928095,0,1,90,1,,25,,5.5
A Statistical Study on the Development of Metronidazole-Chitosan-Alginate Nanocomposite Formulation Using the Full Factorial Design,10.3390/polym12040772,Metronidazole,21.7391304347826,43.4782608695652,0,13.0434782608696,23,195.4,-6.38,65.1,0.0920199999999998,81.19,171.156,3,1,5,1,0,0,40.7042,0.5,6,21.7391304347826,0,0,0,0,2,0,0.0180212650928095,0,1,90,1,,25,,5.5
A Statistical Study on the Development of Metronidazole-Chitosan-Alginate Nanocomposite Formulation Using the Full Factorial Design,10.3390/polym12040772,Metronidazole,27.3972602739726,54.7945205479452,0,4.10958904109589,36.5,233.2,-4.56,63.7,0.0920199999999998,81.19,171.156,3,1,5,1,0,0,40.7042,0.5,6,13.6986301369863,0,0,0,0,2,0,0.0180212650928095,0,1,90,1,,25,,5.5
A Statistical Study on the Development of Metronidazole-Chitosan-Alginate Nanocomposite Formulation Using the Full Factorial Design,10.3390/polym12040772,Metronidazole,21.7391304347826,43.4782608695652,0,13.0434782608696,23,195.4,-6.38,65.1,0.0920199999999998,81.19,171.156,3,1,5,1,0,0,40.7042,0.5,6,21.7391304347826,0,0,0,0,2,0,0.0180212650928095,0,1,90,1,,25,,5.5
A Statistical Study on the Development of Metronidazole-Chitosan-Alginate Nanocomposite Formulation Using the Full Factorial Design,10.3390/polym12040772,Metronidazole,23.2558139534884,46.5116279069767,0,6.97674418604651,21.5,227,-10.4,43.2,0.0920199999999998,81.19,171.156,3,1,5,1,0,0,40.7042,0.5,6,23.2558139534884,0,0,0,0,2,0,0.0180212650928095,0,1,90,1,,25,,5.5
A Statistical Study on the Development of Metronidazole-Chitosan-Alginate Nanocomposite Formulation Using the Full Factorial Design,10.3390/polym12040772,Metronidazole,13.1578947368421,52.6315789473684,0,7.89473684210526,19,142,-15.4,41.5,0.0920199999999998,81.19,171.156,3,1,5,1,0,0,40.7042,0.5,6,26.3157894736842,0,0,0,0,2,0,0.0180212650928095,0,1,90,1,,25,,5.5
A Statistical Study on the Development of Metronidazole-Chitosan-Alginate Nanocomposite Formulation Using the Full Factorial Design,10.3390/polym12040772,Metronidazole,27.3972602739726,54.7945205479452,0,4.10958904109589,36.5,233.2,-4.56,63.7,0.0920199999999998,81.19,171.156,3,1,5,1,0,0,40.7042,0.5,6,13.6986301369863,0,0,0,0,2,0,0.0180212650928095,0,1,90,1,,25,,5.5
A Statistical Study on the Development of Metronidazole-Chitosan-Alginate Nanocomposite Formulation Using the Full Factorial Design,10.3390/polym12040772,Metronidazole,35.7142857142857,35.7142857142857,0,10.7142857142857,28,114.8,-2.41,72.3,0.0920199999999998,81.19,171.156,3,1,5,1,0,0,40.7042,0.5,6,17.8571428571429,0,0,0,0,2,0,0.0180212650928095,0,1,90,1,,25,,5.5
A Statistical Study on the Development of Metronidazole-Chitosan-Alginate Nanocomposite Formulation Using the Full Factorial Design,10.3390/polym12040772,Metronidazole,23.2558139534884,46.5116279069767,0,6.97674418604651,21.5,227,-10.4,43.2,0.0920199999999998,81.19,171.156,3,1,5,1,0,0,40.7042,0.5,6,23.2558139534884,0,0,0,0,2,0,0.0180212650928095,0,1,90,1,,25,,5.5
A Statistical Study on the Development of Metronidazole-Chitosan-Alginate Nanocomposite Formulation Using the Full Factorial Design,10.3390/polym12040772,Metronidazole,15.1515151515152,60.6060606060606,0,9.09090909090909,33,86.3,-8.42,21.9,0.0920199999999998,81.19,171.156,3,1,5,1,0,0,40.7042,0.5,6,15.1515151515152,0,0,0,0,2,0,0.0180212650928095,0,1,90,1,,25,,5.5
A Statistical Study on the Development of Metronidazole-Chitosan-Alginate Nanocomposite Formulation Using the Full Factorial Design,10.3390/polym12040772,Metronidazole,35.7142857142857,35.7142857142857,0,10.7142857142857,28,114.8,-2.41,72.3,0.0920199999999998,81.19,171.156,3,1,5,1,0,0,40.7042,0.5,6,17.8571428571429,0,0,0,0,2,0,0.0180212650928095,0,1,90,1,,25,,5.5
A Statistical Study on the Development of Metronidazole-Chitosan-Alginate Nanocomposite Formulation Using the Full Factorial Design,10.3390/polym12040772,Metronidazole,26.3157894736842,52.6315789473684,0,7.89473684210526,38,96.9,-4.3,32.3,0.0920199999999998,81.19,171.156,3,1,5,1,0,0,40.7042,0.5,6,13.1578947368421,0,0,0,0,2,0,0.0180212650928095,0,1,90,1,,25,,5.5
A Statistical Study on the Development of Metronidazole-Chitosan-Alginate Nanocomposite Formulation Using the Full Factorial Design,10.3390/polym12040772,Metronidazole,8.62068965517242,68.9655172413793,0,5.17241379310345,29,63.2,-5.26,50.3,0.0920199999999998,81.19,171.156,3,1,5,1,0,0,40.7042,0.5,6,17.2413793103448,0,0,0,0,2,0,0.0180212650928095,0,1,90,1,,25,,5.5
A Statistical Study on the Development of Metronidazole-Chitosan-Alginate Nanocomposite Formulation Using the Full Factorial Design,10.3390/polym12040772,Metronidazole,21.7391304347826,43.4782608695652,0,13.0434782608696,23,195.4,-6.38,65.1,0.0920199999999998,81.19,171.156,3,1,5,1,0,0,40.7042,0.5,6,21.7391304347826,0,0,0,0,2,0,0.0180212650928095,0,1,90,1,,25,,5.5
A Statistical Study on the Development of Metronidazole-Chitosan-Alginate Nanocomposite Formulation Using the Full Factorial Design,10.3390/polym12040772,Metronidazole,8.19672131147541,65.5737704918033,0,9.83606557377049,30.5,34.5,-6.22,20.3,0.0920199999999998,81.19,171.156,3,1,5,1,0,0,40.7042,0.5,6,16.3934426229508,0,0,0,0,2,0,0.0180212650928095,0,1,90,1,,25,,5.5
A Statistical Study on the Development of Metronidazole-Chitosan-Alginate Nanocomposite Formulation Using the Full Factorial Design,10.3390/polym12040772,Metronidazole,15.8730158730159,63.4920634920635,0,4.76190476190476,31.5,129.2,-7.54,53.5,0.0920199999999998,81.19,171.156,3,1,5,1,0,0,40.7042,0.5,6,15.8730158730159,0,0,0,0,2,0,0.0180212650928095,0,1,90,1,,25,,5.5
A Statistical Study on the Development of Metronidazole-Chitosan-Alginate Nanocomposite Formulation Using the Full Factorial Design,10.3390/polym12040772,Metronidazole,15.8730158730159,63.4920634920635,0,4.76190476190476,31.5,129.2,-7.54,53.5,0.0920199999999998,81.19,171.156,3,1,5,1,0,0,40.7042,0.5,6,15.8730158730159,0,0,0,0,2,0,0.0180212650928095,0,1,90,1,,25,,5.5
Enhancement of anti-inflammatory activity of fucoxanthin through encapsulation in alginate/chitosan nanoparticles for potential osteoarthritis treatment,10.1016/j.ijbiomac.2025.144873,Fucoxanthin,0.27241275981367,0.0245171483832303,96.7065297338528,0.27241275981367,7.3418,235,34.4,80.3,8.69220000000001,96.36,658.92,11,2,6,0,3,3,194.103599999999,0.547619047619048,6,2.7241275981367,1,1,15,1310,0,-5,0,-0.0135921274397869,1,85,1,1000,25,,
Enhanced Nasal Deposition and Anti-Coronavirus Effect of Favipiravir-Loaded Mucoadhesive Chitosan-Alginate Nanoparticles,10.3390/pharmaceutics14122680,Favipiravir,0.00805520500496738,0.322208200198695,96.6624600596085,0.322208200198695,15.5179166666667,227,-21.9,33.7,-0.9921,88.84,157.104,1,2,3,1,0,0,33.3336,0,6,2.68506833498913,1,1,22,12600,2,0,0.0180212650928095,0,1,91.7,1,1500,25,,5.5
Enhanced Nasal Deposition and Anti-Coronavirus Effect of Favipiravir-Loaded Mucoadhesive Chitosan-Alginate Nanoparticles,10.3390/pharmaceutics14122680,Favipiravir,0.0322130355417159,0.322130355417159,96.6391066251477,0.322130355417159,15.5216666666667,289,-27.8,60.9,-0.9921,88.84,157.104,1,2,3,1,0,0,33.3336,0,6,2.68441962847632,1,1,22,12600,2,0,0.0180212650928095,0,1,91.7,1,1500,25,,5.5
Enhanced Nasal Deposition and Anti-Coronavirus Effect of Favipiravir-Loaded Mucoadhesive Chitosan-Alginate Nanoparticles,10.3390/pharmaceutics14122680,Favipiravir,0.00764467548352572,0.305787019341029,91.7361058023087,0.305787019341029,16.35125,239,-24.7,34.4,-0.9921,88.84,157.104,1,2,3,1,0,0,33.3336,0,6,7.64467548352573,1,1,22,12600,2,0,0.0180212650928095,0,1,91.7,1,1500,25,,5.5
Enhanced Nasal Deposition and Anti-Coronavirus Effect of Favipiravir-Loaded Mucoadhesive Chitosan-Alginate Nanoparticles,10.3390/pharmaceutics14122680,Favipiravir,0.030571690614491,0.30571690614491,91.715071843473,0.30571690614491,16.355,284,-20.8,84.8,-0.9921,88.84,157.104,1,2,3,1,0,0,33.3336,0,6,7.64292265362275,1,1,22,12600,2,0,0.0180212650928095,0,1,91.7,1,1500,25,,5.5
Enhanced Nasal Deposition and Anti-Coronavirus Effect of Favipiravir-Loaded Mucoadhesive Chitosan-Alginate Nanoparticles,10.3390/pharmaceutics14122680,Favipiravir,0.0114316198605342,0.45726479442137,91.4529588842739,0.45726479442137,10.9345833333333,243,-21.6,33.6,-0.9921,88.84,157.104,1,2,3,1,0,0,33.3336,0,6,7.62107990702283,1,1,22,12600,2,0,0.0180212650928095,0,1,91.7,1,1500,25,,5.5
Enhanced Nasal Deposition and Anti-Coronavirus Effect of Favipiravir-Loaded Mucoadhesive Chitosan-Alginate Nanoparticles,10.3390/pharmaceutics14122680,Favipiravir,0.0457108029864391,0.457108029864391,91.4216059728783,0.457108029864391,10.9383333333333,288,-21.3,58.9,-0.9921,88.84,157.104,1,2,3,1,0,0,33.3336,0,6,7.61846716440652,1,1,22,12600,2,0,0.0180212650928095,0,1,91.7,1,1500,25,,5.5
Enhanced Nasal Deposition and Anti-Coronavirus Effect of Favipiravir-Loaded Mucoadhesive Chitosan-Alginate Nanoparticles,10.3390/pharmaceutics14122680,Favipiravir,0.00597098103218359,0.238839241287344,95.5356965149374,0.238839241287344,20.9345833333333,231,-20.3,37.4,-0.9921,88.84,157.104,1,2,3,1,0,0,33.3336,0,6,3.98065402145572,1,1,22,12600,2,0,0.0180212650928095,0,1,91.7,1,1500,25,,5.5
Enhanced Nasal Deposition and Anti-Coronavirus Effect of Favipiravir-Loaded Mucoadhesive Chitosan-Alginate Nanoparticles,10.3390/pharmaceutics14122680,Favipiravir,0.0238796465812306,0.238796465812306,95.5185863249224,0.238796465812306,20.9383333333333,274,-21.2,69.4,-0.9921,88.84,157.104,1,2,3,1,0,0,33.3336,0,6,3.97994109687177,1,1,22,12600,2,0,0.0180212650928095,0,1,91.7,1,1500,25,,5.5
Enhanced Nasal Deposition and Anti-Coronavirus Effect of Favipiravir-Loaded Mucoadhesive Chitosan-Alginate Nanoparticles,10.3390/pharmaceutics14122680,Favipiravir,0.0293099487471977,0.475296466170774,95.0592932341548,0.475296466170774,10.51975,258,-22.5,63.3,-0.9921,88.84,157.104,1,2,3,1,0,0,33.3336,0,6,3.96080388475645,1,1,22,12600,2,0,0.0180212650928095,0,1,91.7,1,1500,25,,5.5
Enhanced Nasal Deposition and Anti-Coronavirus Effect of Favipiravir-Loaded Mucoadhesive Chitosan-Alginate Nanoparticles,10.3390/pharmaceutics14122680,Favipiravir,0.0271585545776845,0.44040899315164,88.081798630328,0.44040899315164,11.3530833333333,281,-20.4,82.8,-0.9921,88.84,157.104,1,2,3,1,0,0,33.3336,0,6,11.010224828791,1,1,22,12600,2,0,0.0180212650928095,0,1,91.7,1,1500,25,,5.5
Enhanced Nasal Deposition and Anti-Coronavirus Effect of Favipiravir-Loaded Mucoadhesive Chitosan-Alginate Nanoparticles,10.3390/pharmaceutics14122680,Favipiravir,0.0150261739706056,0.24366768600982,97.4670744039279,0.24366768600982,20.51975,245,-22.6,73.7,-0.9921,88.84,157.104,1,2,3,1,0,0,33.3336,0,6,2.03056405008183,1,1,22,12600,2,0,0.0180212650928095,0,1,91.7,1,1500,25,,5.5
Enhanced Nasal Deposition and Anti-Coronavirus Effect of Favipiravir-Loaded Mucoadhesive Chitosan-Alginate Nanoparticles,10.3390/pharmaceutics14122680,Favipiravir,0.0144397569437669,0.234158220709734,93.6632882838934,0.234158220709734,21.3530833333333,248,-19.9,84.2,-0.9921,88.84,157.104,1,2,3,1,0,0,33.3336,0,6,5.85395551774334,1,1,22,12600,2,0,0.0180212650928095,0,1,91.7,1,1500,25,,5.5
Enhanced Nasal Deposition and Anti-Coronavirus Effect of Favipiravir-Loaded Mucoadhesive Chitosan-Alginate Nanoparticles,10.3390/pharmaceutics14122680,Favipiravir,0.0193477203679204,0.313746816777088,94.1240450331264,0.313746816777088,15.9364166666667,258,-21.4,90.7,-0.9921,88.84,157.104,1,2,3,1,0,0,33.3336,0,6,5.22911361295147,1,1,22,12600,2,0,0.0180212650928095,0,1,91.7,1,1500,25,,5.5
Enhanced Nasal Deposition and Anti-Coronavirus Effect of Favipiravir-Loaded Mucoadhesive Chitosan-Alginate Nanoparticles,10.3390/pharmaceutics14122680,Favipiravir,0.0193477203679204,0.313746816777088,94.1240450331264,0.313746816777088,15.9364166666667,260,-22,87.1,-0.9921,88.84,157.104,1,2,3,1,0,0,33.3336,0,6,5.22911361295147,1,1,22,12600,2,0,0.0180212650928095,0,1,91.7,1,1500,25,,5.5
Enhanced Nasal Deposition and Anti-Coronavirus Effect of Favipiravir-Loaded Mucoadhesive Chitosan-Alginate Nanoparticles,10.3390/pharmaceutics14122680,Favipiravir,0.0193477203679204,0.313746816777088,94.1240450331264,0.313746816777088,15.9364166666667,251,-21.2,89.8,-0.9921,88.84,157.104,1,2,3,1,0,0,33.3336,0,6,5.22911361295147,1,1,22,12600,2,0,0.0180212650928095,0,1,91.7,1,1500,25,,5.5
Enhanced Nasal Deposition and Anti-Coronavirus Effect of Favipiravir-Loaded Mucoadhesive Chitosan-Alginate Nanoparticles,10.3390/pharmaceutics14122680,Favipiravir,0.0208710598201406,0.368312820355422,91.3415794481446,0.368312820355422,13.5754166666667,233.5,-21.6,84.6,-0.9921,88.84,157.104,1,2,3,1,0,0,33.3336,0,6,7.90092385132439,1,1,22,12600,2,0,0.0180212650928095,0,1,91.7,1,1500,25,,5.5
"Chitosan oligosaccharide/alginate nanoparticles as an effective carrier for astaxanthin with improving stability, in vitro oral bioaccessibility, and bioavailability",10.1016/j.foodhyd.2021.107246,Astaxanthin,0.00344016971503928,0.0688033943007855,99.764921736139,0.0768304569692105,30.0706896551724,198,32.4,52.7,8.9054,74.6,596.852,10,2,4,0,0,2,184.951599999999,0.4,4,0.0860042428759819,1,1,15,1310,2,0,0.0180212650928095,0,1,98,0,1000,25,15,
"Chitosan oligosaccharide/alginate nanoparticles as an effective carrier for astaxanthin with improving stability, in vitro oral bioaccessibility, and bioavailability",10.1016/j.foodhyd.2021.107246,Astaxanthin,0.0103197991079107,0.0687986607194047,99.7580580431368,0.0768251711366686,30.0727586206897,337,24.7,65.4,8.9054,74.6,596.852,10,2,4,0,0,2,184.951599999999,0.4,4,0.0859983258992558,1,1,15,1310,2,0,0.0180212650928095,0,1,98,0,1000,25,15,
"Chitosan oligosaccharide/alginate nanoparticles as an effective carrier for astaxanthin with improving stability, in vitro oral bioaccessibility, and bioavailability",10.1016/j.foodhyd.2021.107246,Astaxanthin,0.00206604455769429,0.0413208911538859,99.8588202885576,0.0461416617885059,50.0706896551724,288,28.2,61.7,8.9054,74.6,596.852,10,2,4,0,0,2,184.951599999999,0.4,4,0.0516511139423574,1,1,15,1310,2,0,0.0180212650928095,0,1,98,0,1000,25,15,
"Chitosan oligosaccharide/alginate nanoparticles as an effective carrier for astaxanthin with improving stability, in vitro oral bioaccessibility, and bioavailability",10.1016/j.foodhyd.2021.107246,Astaxanthin,0.00619787757125838,0.0413191838083892,99.8546942036072,0.0461397552527012,50.0727586206897,353,21.1,74.3,8.9054,74.6,596.852,10,2,4,0,0,2,184.951599999999,0.4,4,0.0516489797604865,1,1,15,1310,2,0,0.0180212650928095,0,1,98,0,1000,25,15,
"Chitosan oligosaccharide/alginate nanoparticles as an effective carrier for astaxanthin with improving stability, in vitro oral bioaccessibility, and bioavailability",10.1016/j.foodhyd.2021.107246,Astaxanthin,0.00258220003442933,0.0516440006885867,99.8450679979342,0.0576691341022551,40.0620689655173,173,30.3,55.8,8.9054,74.6,596.852,10,2,4,0,0,2,184.951599999999,0.4,4,0.0430366672404889,1,1,15,1310,2,0,0.0180212650928095,0,1,98,0,1000,25,15,
"Chitosan oligosaccharide/alginate nanoparticles as an effective carrier for astaxanthin with improving stability, in vitro oral bioaccessibility, and bioavailability",10.1016/j.foodhyd.2021.107246,Astaxanthin,0.00774620005852684,0.0516413337235123,99.8399118654571,0.0576661559912554,40.0641379310345,278,23.5,75.2,8.9054,74.6,596.852,10,2,4,0,0,2,184.951599999999,0.4,4,0.0430344447695936,1,1,15,1310,2,0,0.0180212650928095,0,1,98,0,1000,25,15,
"Chitosan oligosaccharide/alginate nanoparticles as an effective carrier for astaxanthin with improving stability, in vitro oral bioaccessibility, and bioavailability",10.1016/j.foodhyd.2021.107246,Astaxanthin,0.00258108921965069,0.0516217843930139,99.8021164931601,0.0576443259055321,40.0793103448276,202,26.6,58.3,8.9054,74.6,596.852,10,2,4,0,0,2,184.951599999999,0.4,4,0.0860363073216898,1,1,15,1310,2,0,0.0180212650928095,0,1,98,0,1000,25,15,
"Chitosan oligosaccharide/alginate nanoparticles as an effective carrier for astaxanthin with improving stability, in vitro oral bioaccessibility, and bioavailability",10.1016/j.foodhyd.2021.107246,Astaxanthin,0.00774286795829175,0.051619119721945,99.7969647957603,0.0576413503561719,40.0813793103448,307,20.7,75.3,8.9054,74.6,596.852,10,2,4,0,0,2,184.951599999999,0.4,4,0.0860318662032417,1,1,15,1310,2,0,0.0180212650928095,0,1,98,0,1000,25,15,
"Chitosan oligosaccharide/alginate nanoparticles as an effective carrier for astaxanthin with improving stability, in vitro oral bioaccessibility, and bioavailability",10.1016/j.foodhyd.2021.107246,Astaxanthin,0.00688207563401122,0.0688207563401122,99.7900966931627,0.076849844579792,30.0631034482759,264,25.7,56.3,8.9054,74.6,596.852,10,2,4,0,0,2,184.951599999999,0.4,4,0.0573506302834268,1,1,15,1310,2,0,0.0180212650928095,0,1,98,0,1000,25,15,
"Chitosan oligosaccharide/alginate nanoparticles as an effective carrier for astaxanthin with improving stability, in vitro oral bioaccessibility, and bioavailability",10.1016/j.foodhyd.2021.107246,Astaxanthin,0.00413271526280625,0.0413271526280625,99.8739521844844,0.0461486537680031,50.0631034482759,312,22.8,67.9,8.9054,74.6,596.852,10,2,4,0,0,2,184.951599999999,0.4,4,0.0344392938567188,1,1,15,1310,2,0,0.0180212650928095,0,1,98,0,1000,25,15,
"Chitosan oligosaccharide/alginate nanoparticles as an effective carrier for astaxanthin with improving stability, in vitro oral bioaccessibility, and bioavailability",10.1016/j.foodhyd.2021.107246,Astaxanthin,0.00687813098254101,0.0687813098254101,99.7328992468447,0.076805795971708,30.0803448275862,277,24.1,61.1,8.9054,74.6,596.852,10,2,4,0,0,2,184.951599999999,0.4,4,0.114635516375684,1,1,15,1310,2,0,0.0180212650928095,0,1,98,0,1000,25,15,
"Chitosan oligosaccharide/alginate nanoparticles as an effective carrier for astaxanthin with improving stability, in vitro oral bioaccessibility, and bioavailability",10.1016/j.foodhyd.2021.107246,Astaxanthin,0.00413129247485076,0.0413129247485076,99.8395681422266,0.0461327659691668,50.0803448275862,342,19.1,68.7,8.9054,74.6,596.852,10,2,4,0,0,2,184.951599999999,0.4,4,0.068854874580846,1,1,15,1310,2,0,0.0180212650928095,0,1,98,0,1000,25,15,
"Chitosan oligosaccharide/alginate nanoparticles as an effective carrier for astaxanthin with improving stability, in vitro oral bioaccessibility, and bioavailability",10.1016/j.foodhyd.2021.107246,Astaxanthin,0.00516315572077654,0.0516315572077654,99.8210106016798,0.0576552388820047,40.071724137931,286,20.1,62.8,8.9054,74.6,596.852,10,2,4,0,0,2,184.951599999999,0.4,4,0.0645394465097067,1,1,15,1310,2,0,0.0180212650928095,0,1,98,0,1000,25,15,
"Chitosan oligosaccharide/alginate nanoparticles as an effective carrier for astaxanthin with improving stability, in vitro oral bioaccessibility, and bioavailability",10.1016/j.foodhyd.2021.107246,Astaxanthin,0.00516315572077654,0.0516315572077654,99.8210106016798,0.0576552388820047,40.071724137931,275,21.3,63.2,8.9054,74.6,596.852,10,2,4,0,0,2,184.951599999999,0.4,4,0.0645394465097067,1,1,15,1310,2,0,0.0180212650928095,0,1,98,0,1000,25,15,
"Chitosan oligosaccharide/alginate nanoparticles as an effective carrier for astaxanthin with improving stability, in vitro oral bioaccessibility, and bioavailability",10.1016/j.foodhyd.2021.107246,Astaxanthin,0.00516315572077654,0.0516315572077654,99.8210106016798,0.0576552388820047,40.071724137931,292,19.7,61.9,8.9054,74.6,596.852,10,2,4,0,0,2,184.951599999999,0.4,4,0.0645394465097067,1,1,15,1310,2,0,0.0180212650928095,0,1,98,0,1000,25,15,
"Chitosan oligosaccharide/alginate nanoparticles as an effective carrier for astaxanthin with improving stability, in vitro oral bioaccessibility, and bioavailability",10.1016/j.foodhyd.2021.107246,Astaxanthin,0.00712104188755084,0.0474736125836722,99.8132704571709,0.053012200718434,43.5813793103448,264,22.1,71.3,8.9054,74.6,596.852,10,2,4,0,0,2,184.951599999999,0.4,4,0.0791226876394537,1,1,15,1310,2,0,0.0180212650928095,0,1,98,0,1000,25,15,
"Chitosan oligosaccharide/alginate nanoparticles as an effective carrier for astaxanthin with improving stability, in vitro oral bioaccessibility, and bioavailability",10.1016/j.foodhyd.2021.107246,Astaxanthin,0.0061968107080889,0.0413120713872594,99.8375058525434,0.0461318130491063,50.0813793103448,421,-19.6,72.3,8.9054,74.6,596.852,10,2,4,0,0,2,184.951599999999,0.4,4,0.0688534523120989,1,1,15,1310,2,0,0.0180212650928095,0,1,98,0,1000,25,15,
"Chitosan oligosaccharide/alginate nanoparticles as an effective carrier for astaxanthin with improving stability, in vitro oral bioaccessibility, and bioavailability",10.1016/j.foodhyd.2021.107246,Astaxanthin,0.00343918376705262,0.0687836753410524,99.736329244526,0.0768084374641752,30.0793103448276,311,-30.2,53.4,8.9054,74.6,596.852,10,2,4,0,0,2,184.951599999999,0.4,4,0.114639458901754,1,1,15,1310,2,0,0.0180212650928095,0,1,98,0,1000,25,15,
"Chitosan oligosaccharide/alginate nanoparticles as an effective carrier for astaxanthin with improving stability, in vitro oral bioaccessibility, and bioavailability",10.1016/j.foodhyd.2021.107246,Astaxanthin,0.0061989448018404,0.041326298678936,99.8718884740953,0.0461477001914785,50.0641379310345,393,-20.7,67.2,8.9054,74.6,596.852,10,2,4,0,0,2,184.951599999999,0.4,4,0.0344385822324467,1,1,15,1310,2,0,0.0180212650928095,0,1,98,0,1000,25,15,
"Chitosan oligosaccharide/alginate nanoparticles as an effective carrier for astaxanthin with improving stability, in vitro oral bioaccessibility, and bioavailability",10.1016/j.foodhyd.2021.107246,Astaxanthin,0.00206568890725057,0.0413137781450114,99.8416305171108,0.046133718928596,50.0793103448276,354,-26.4,60.1,8.9054,74.6,596.852,10,2,4,0,0,2,184.951599999999,0.4,4,0.0688562969083523,1,1,15,1310,2,0,0.0180212650928095,0,1,98,0,1000,25,15,
"Chitosan oligosaccharide/alginate nanoparticles as an effective carrier for astaxanthin with improving stability, in vitro oral bioaccessibility, and bioavailability",10.1016/j.foodhyd.2021.107246,Astaxanthin,0.00343918376705262,0.0687836753410524,99.736329244526,0.0768084374641752,30.0793103448276,271,-29.5,49.8,8.9054,74.6,596.852,10,2,4,0,0,2,184.951599999999,0.4,4,0.114639458901754,1,1,15,1310,2,0,0.0180212650928095,0,1,98,0,1000,25,15,
"Chitosan oligosaccharide/alginate nanoparticles as an effective carrier for astaxanthin with improving stability, in vitro oral bioaccessibility, and bioavailability",10.1016/j.foodhyd.2021.107246,Astaxanthin,0.00206640033062405,0.0413280066124811,99.8760159801626,0.0461496073839372,50.0620689655173,308,-28.1,56.4,8.9054,74.6,596.852,10,2,4,0,0,2,184.951599999999,0.4,4,0.0344400055104009,1,1,15,1310,2,0,0.0180212650928095,0,1,98,0,1000,25,15,
"Chitosan oligosaccharide/alginate nanoparticles as an effective carrier for astaxanthin with improving stability, in vitro oral bioaccessibility, and bioavailability",10.1016/j.foodhyd.2021.107246,Astaxanthin,0.0103168416708698,0.0687789444724655,99.729469485075,0.0768031546609198,30.0813793103448,339,-22.6,58.8,8.9054,74.6,596.852,10,2,4,0,0,2,184.951599999999,0.4,4,0.114631574120776,1,1,15,1310,2,0,0.0180212650928095,0,1,98,0,1000,25,15,
"Chitosan oligosaccharide/alginate nanoparticles as an effective carrier for astaxanthin with improving stability, in vitro oral bioaccessibility, and bioavailability",10.1016/j.foodhyd.2021.107246,Astaxanthin,0.010322758241002,0.0688183882733466,99.7866629963526,0.0768472002385704,30.0641379310345,247,-25.5,63.5,8.9054,74.6,596.852,10,2,4,0,0,2,184.951599999999,0.4,4,0.0573486568944555,1,1,15,1310,2,0,0.0180212650928095,0,1,98,0,1000,25,15,
"Chitosan oligosaccharide/alginate nanoparticles as an effective carrier for astaxanthin with improving stability, in vitro oral bioaccessibility, and bioavailability",10.1016/j.foodhyd.2021.107246,Astaxanthin,0.010322758241002,0.0688183882733466,99.7866629963526,0.0768472002385704,30.0641379310345,257,-24.8,61.3,8.9054,74.6,596.852,10,2,4,0,0,2,184.951599999999,0.4,4,0.0573486568944555,1,1,15,1310,2,0,0.0180212650928095,0,1,98,0,1000,25,15,
"Chitosan oligosaccharide/alginate nanoparticles as an effective carrier for astaxanthin with improving stability, in vitro oral bioaccessibility, and bioavailability",10.1016/j.foodhyd.2021.107246,Astaxanthin,0.00206640033062405,0.0413280066124811,99.8760159801626,0.0461496073839372,50.0620689655173,298,-21.2,58.3,8.9054,74.6,596.852,10,2,4,0,0,2,184.951599999999,0.4,4,0.0344400055104009,1,1,15,1310,2,0,0.0180212650928095,0,1,98,0,1000,25,15,
"Chitosan oligosaccharide/alginate nanoparticles as an effective carrier for astaxanthin with improving stability, in vitro oral bioaccessibility, and bioavailability",10.1016/j.foodhyd.2021.107246,Astaxanthin,0.0061968107080889,0.0413120713872594,99.8375058525434,0.0461318130491063,50.0813793103448,438,-18.3,67.8,8.9054,74.6,596.852,10,2,4,0,0,2,184.951599999999,0.4,4,0.0688534523120989,1,1,15,1310,2,0,0.0180212650928095,0,1,98,0,1000,25,15,
"Chitosan oligosaccharide/alginate nanoparticles as an effective carrier for astaxanthin with improving stability, in vitro oral bioaccessibility, and bioavailability",10.1016/j.foodhyd.2021.107246,Astaxanthin,0.00344115622849277,0.0688231245698555,99.7935306262904,0.0768524891030053,30.0620689655172,227,-27.7,48.8,8.9054,74.6,596.852,10,2,4,0,0,2,184.951599999999,0.4,4,0.0573526038082129,1,1,15,1310,2,0,0.0180212650928095,0,1,98,0,1000,25,15,
"Preparation, characterization and optimization of glipizide controlled release nanoparticles","Emami J, Boushehri MS, Varshosaz J. Preparation, characterization and optimization of glipizide controlled release nanoparticles. Res Pharm Sci. 2014 Sep-Oct;9(5):301-14. PMID: 25657802; PMCID: PMC4317998.",Glipizide,11.7647058823529,58.8235294117647,0,0,0.894736842105263,1252,-23.97,92.51,2.07812,130.15,445.545,7,3,6,2,1,1,114.9744,0.428571428571429,10,29.4117647058824,0,0,0,0,2,0,0.0180212650928095,0,1,60,1,1000,25,,5.95
"Preparation, characterization and optimization of glipizide controlled release nanoparticles","Emami J, Boushehri MS, Varshosaz J. Preparation, characterization and optimization of glipizide controlled release nanoparticles. Res Pharm Sci. 2014 Sep-Oct;9(5):301-14. PMID: 25657802; PMCID: PMC4317998.",Glipizide,58.8235294117647,11.7647058823529,0,0,0.894736842105263,4522,31.23,94.46,2.07812,130.15,445.545,7,3,6,2,1,1,114.9744,0.428571428571429,10,29.4117647058824,0,0,0,0,2,0,0.0180212650928095,0,1,60,1,500,25,,5.95
"Preparation, characterization and optimization of glipizide controlled release nanoparticles","Emami J, Boushehri MS, Varshosaz J. Preparation, characterization and optimization of glipizide controlled release nanoparticles. Res Pharm Sci. 2014 Sep-Oct;9(5):301-14. PMID: 25657802; PMCID: PMC4317998.",Glipizide,58.8235294117647,11.7647058823529,0,0,0.894736842105263,3340,11.3,92.17,2.07812,130.15,445.545,7,3,6,2,1,1,114.9744,0.428571428571429,10,29.4117647058824,0,0,0,0,2,0,0.0180212650928095,0,1,60,1,1000,25,,5.95
"Preparation, characterization and optimization of glipizide controlled release nanoparticles","Emami J, Boushehri MS, Varshosaz J. Preparation, characterization and optimization of glipizide controlled release nanoparticles. Res Pharm Sci. 2014 Sep-Oct;9(5):301-14. PMID: 25657802; PMCID: PMC4317998.",Glipizide,25,12.5,0,0,0.421052631578947,311.9,-21.37,92.89,2.07812,130.15,445.545,7,3,6,2,1,1,114.9744,0.428571428571429,10,62.5,0,0,0,0,2,0,0.0180212650928095,0,1,60,1,1000,25,,5.95
"Preparation, characterization and optimization of glipizide controlled release nanoparticles","Emami J, Boushehri MS, Varshosaz J. Preparation, characterization and optimization of glipizide controlled release nanoparticles. Res Pharm Sci. 2014 Sep-Oct;9(5):301-14. PMID: 25657802; PMCID: PMC4317998.",Glipizide,6.25,62.5,0,0,0.842105263157895,433.6,-31.67,91.88,2.07812,130.15,445.545,7,3,6,2,1,1,114.9744,0.428571428571429,10,31.25,0,0,0,0,2,0,0.0180212650928095,0,1,60,1,1000,25,,5.95
"Preparation, characterization and optimization of glipizide controlled release nanoparticles","Emami J, Boushehri MS, Varshosaz J. Preparation, characterization and optimization of glipizide controlled release nanoparticles. Res Pharm Sci. 2014 Sep-Oct;9(5):301-14. PMID: 25657802; PMCID: PMC4317998.",Glipizide,22.2222222222222,22.2222222222222,0,0,0.473684210526316,359.9,-23.17,92.9,2.07812,130.15,445.545,7,3,6,2,1,1,114.9744,0.428571428571429,10,55.5555555555556,0,0,0,0,2,0,0.0180212650928095,0,1,60,1,1000,25,,5.95
"Preparation, characterization and optimization of glipizide controlled release nanoparticles","Emami J, Boushehri MS, Varshosaz J. Preparation, characterization and optimization of glipizide controlled release nanoparticles. Res Pharm Sci. 2014 Sep-Oct;9(5):301-14. PMID: 25657802; PMCID: PMC4317998.",Glipizide,12.5,25,0,0,0.421052631578947,387.5,-25.9,94.1,2.07812,130.15,445.545,7,3,6,2,1,1,114.9744,0.428571428571429,10,62.5,0,0,0,0,2,0,0.0180212650928095,0,1,60,1,2000,25,,5.95
"Preparation, characterization and optimization of glipizide controlled release nanoparticles","Emami J, Boushehri MS, Varshosaz J. Preparation, characterization and optimization of glipizide controlled release nanoparticles. Res Pharm Sci. 2014 Sep-Oct;9(5):301-14. PMID: 25657802; PMCID: PMC4317998.",Glipizide,25,12.5,0,0,0.421052631578947,709.3,-24.83,92.2,2.07812,130.15,445.545,7,3,6,2,1,1,114.9744,0.428571428571429,10,62.5,0,0,0,0,2,0,0.0180212650928095,0,1,60,1,2000,25,,5.95
"Preparation, characterization and optimization of glipizide controlled release nanoparticles","Emami J, Boushehri MS, Varshosaz J. Preparation, characterization and optimization of glipizide controlled release nanoparticles. Res Pharm Sci. 2014 Sep-Oct;9(5):301-14. PMID: 25657802; PMCID: PMC4317998.",Glipizide,58.8235294117647,11.7647058823529,0,0,0.894736842105263,661.1,-14.77,91.61,2.07812,130.15,445.545,7,3,6,2,1,1,114.9744,0.428571428571429,10,29.4117647058824,0,0,0,0,2,0,0.0180212650928095,0,1,60,1,1000,25,,5.95
"Preparation, characterization and optimization of glipizide controlled release nanoparticles","Emami J, Boushehri MS, Varshosaz J. Preparation, characterization and optimization of glipizide controlled release nanoparticles. Res Pharm Sci. 2014 Sep-Oct;9(5):301-14. PMID: 25657802; PMCID: PMC4317998.",Glipizide,22.2222222222222,22.2222222222222,0,0,0.473684210526316,399.9,-25.17,91.9,2.07812,130.15,445.545,7,3,6,2,1,1,114.9744,0.428571428571429,10,55.5555555555556,0,0,0,0,2,0,0.0180212650928095,0,1,60,1,1000,25,,5.95
"Preparation, characterization and optimization of glipizide controlled release nanoparticles","Emami J, Boushehri MS, Varshosaz J. Preparation, characterization and optimization of glipizide controlled release nanoparticles. Res Pharm Sci. 2014 Sep-Oct;9(5):301-14. PMID: 25657802; PMCID: PMC4317998.",Glipizide,62.5,6.25,0,0,0.842105263157895,2010,-19.23,91.96,2.07812,130.15,445.545,7,3,6,2,1,1,114.9744,0.428571428571429,10,31.25,0,0,0,0,2,0,0.0180212650928095,0,1,60,1,1000,25,,5.95
"Preparation, characterization and optimization of glipizide controlled release nanoparticles","Emami J, Boushehri MS, Varshosaz J. Preparation, characterization and optimization of glipizide controlled release nanoparticles. Res Pharm Sci. 2014 Sep-Oct;9(5):301-14. PMID: 25657802; PMCID: PMC4317998.",Glipizide,12.5,25,0,0,0.421052631578947,713.7,-20.87,91.54,2.07812,130.15,445.545,7,3,6,2,1,1,114.9744,0.428571428571429,10,62.5,0,0,0,0,2,0,0.0180212650928095,0,1,60,1,1000,25,,5.95
"Preparation, characterization and optimization of glipizide controlled release nanoparticles","Emami J, Boushehri MS, Varshosaz J. Preparation, characterization and optimization of glipizide controlled release nanoparticles. Res Pharm Sci. 2014 Sep-Oct;9(5):301-14. PMID: 25657802; PMCID: PMC4317998.",Glipizide,22.2222222222222,22.2222222222222,0,0,0.473684210526316,603,10.06,92.06,2.07812,130.15,445.545,7,3,6,2,1,1,114.9744,0.428571428571429,10,55.5555555555556,0,0,0,0,2,0,0.0180212650928095,0,1,60,1,2000,25,,5.95
"Preparation, characterization and optimization of glipizide controlled release nanoparticles","Emami J, Boushehri MS, Varshosaz J. Preparation, characterization and optimization of glipizide controlled release nanoparticles. Res Pharm Sci. 2014 Sep-Oct;9(5):301-14. PMID: 25657802; PMCID: PMC4317998.",Glipizide,11.7647058823529,58.8235294117647,0,0,0.894736842105263,431.9,-37.8,93.79,2.07812,130.15,445.545,7,3,6,2,1,1,114.9744,0.428571428571429,10,29.4117647058824,0,0,0,0,2,0,0.0180212650928095,0,1,60,1,500,25,,5.95
"Preparation, characterization and optimization of glipizide controlled release nanoparticles","Emami J, Boushehri MS, Varshosaz J. Preparation, characterization and optimization of glipizide controlled release nanoparticles. Res Pharm Sci. 2014 Sep-Oct;9(5):301-14. PMID: 25657802; PMCID: PMC4317998.",Glipizide,25,12.5,0,0,0.421052631578947,1108,-25.83,92.1,2.07812,130.15,445.545,7,3,6,2,1,1,114.9744,0.428571428571429,10,62.5,0,0,0,0,2,0,0.0180212650928095,0,1,60,1,500,25,,5.95
"Preparation, characterization and optimization of glipizide controlled release nanoparticles","Emami J, Boushehri MS, Varshosaz J. Preparation, characterization and optimization of glipizide controlled release nanoparticles. Res Pharm Sci. 2014 Sep-Oct;9(5):301-14. PMID: 25657802; PMCID: PMC4317998.",Glipizide,11.7647058823529,58.8235294117647,0,0,0.894736842105263,356.5,-35.53,92.95,2.07812,130.15,445.545,7,3,6,2,1,1,114.9744,0.428571428571429,10,29.4117647058824,0,0,0,0,2,0,0.0180212650928095,0,1,60,1,1000,25,,5.95
"Preparation, characterization and optimization of glipizide controlled release nanoparticles","Emami J, Boushehri MS, Varshosaz J. Preparation, characterization and optimization of glipizide controlled release nanoparticles. Res Pharm Sci. 2014 Sep-Oct;9(5):301-14. PMID: 25657802; PMCID: PMC4317998.",Glipizide,12.5,25,0,0,0.421052631578947,233.9,-23.47,90.38,2.07812,130.15,445.545,7,3,6,2,1,1,114.9744,0.428571428571429,10,62.5,0,0,0,0,2,0,0.0180212650928095,0,1,60,1,500,25,,5.95
"Preparation, characterization and optimization of glipizide controlled release nanoparticles","Emami J, Boushehri MS, Varshosaz J. Preparation, characterization and optimization of glipizide controlled release nanoparticles. Res Pharm Sci. 2014 Sep-Oct;9(5):301-14. PMID: 25657802; PMCID: PMC4317998.",Glipizide,22.2222222222222,22.2222222222222,0,0,0.473684210526316,496,-28,92.34,2.07812,130.15,445.545,7,3,6,2,1,1,114.9744,0.428571428571429,10,55.5555555555556,0,0,0,0,2,0,0.0180212650928095,0,1,60,1,2000,25,,5.95
"Preparation, characterization and optimization of glipizide controlled release nanoparticles","Emami J, Boushehri MS, Varshosaz J. Preparation, characterization and optimization of glipizide controlled release nanoparticles. Res Pharm Sci. 2014 Sep-Oct;9(5):301-14. PMID: 25657802; PMCID: PMC4317998.",Glipizide,12.5,25,0,0,0.421052631578947,353.6,-30.97,91.92,2.07812,130.15,445.545,7,3,6,2,1,1,114.9744,0.428571428571429,10,62.5,0,0,0,0,2,0,0.0180212650928095,0,1,60,1,1000,25,,5.95
"Preparation, characterization and optimization of glipizide controlled release nanoparticles","Emami J, Boushehri MS, Varshosaz J. Preparation, characterization and optimization of glipizide controlled release nanoparticles. Res Pharm Sci. 2014 Sep-Oct;9(5):301-14. PMID: 25657802; PMCID: PMC4317998.",Glipizide,25,12.5,0,0,0.421052631578947,4284,-26.13,90.33,2.07812,130.15,445.545,7,3,6,2,1,1,114.9744,0.428571428571429,10,62.5,0,0,0,0,2,0,0.0180212650928095,0,1,60,1,1000,25,,5.95
"Preparation, characterization and optimization of glipizide controlled release nanoparticles","Emami J, Boushehri MS, Varshosaz J. Preparation, characterization and optimization of glipizide controlled release nanoparticles. Res Pharm Sci. 2014 Sep-Oct;9(5):301-14. PMID: 25657802; PMCID: PMC4317998.",Glipizide,58.8235294117647,11.7647058823529,0,0,0.894736842105263,889.7,16.33,93.17,2.07812,130.15,445.545,7,3,6,2,1,1,114.9744,0.428571428571429,10,29.4117647058824,0,0,0,0,2,0,0.0180212650928095,0,1,60,1,2000,25,,5.95
"Preparation, characterization and optimization of glipizide controlled release nanoparticles","Emami J, Boushehri MS, Varshosaz J. Preparation, characterization and optimization of glipizide controlled release nanoparticles. Res Pharm Sci. 2014 Sep-Oct;9(5):301-14. PMID: 25657802; PMCID: PMC4317998.",Glipizide,22.2222222222222,22.2222222222222,0,0,0.473684210526316,359.9,-27.17,93.9,2.07812,130.15,445.545,7,3,6,2,1,1,114.9744,0.428571428571429,10,55.5555555555556,0,0,0,0,2,0,0.0180212650928095,0,1,60,1,1000,25,,5.95
"Preparation, characterization and optimization of glipizide controlled release nanoparticles","Emami J, Boushehri MS, Varshosaz J. Preparation, characterization and optimization of glipizide controlled release nanoparticles. Res Pharm Sci. 2014 Sep-Oct;9(5):301-14. PMID: 25657802; PMCID: PMC4317998.",Glipizide,40,40,0,0,1.31578947368421,675,-33.93,92.83,2.07812,130.15,445.545,7,3,6,2,1,1,114.9744,0.428571428571429,10,20,0,0,0,0,2,0,0.0180212650928095,0,1,60,1,1000,25,,5.95
"Preparation, characterization and optimization of glipizide controlled release nanoparticles","Emami J, Boushehri MS, Varshosaz J. Preparation, characterization and optimization of glipizide controlled release nanoparticles. Res Pharm Sci. 2014 Sep-Oct;9(5):301-14. PMID: 25657802; PMCID: PMC4317998.",Glipizide,22.2222222222222,22.2222222222222,0,0,0.473684210526316,173,9.607,92.37,2.07812,130.15,445.545,7,3,6,2,1,1,114.9744,0.428571428571429,10,55.5555555555556,0,0,0,0,2,0,0.0180212650928095,0,1,60,1,500,25,,5.95
"Preparation, characterization and optimization of glipizide controlled release nanoparticles","Emami J, Boushehri MS, Varshosaz J. Preparation, characterization and optimization of glipizide controlled release nanoparticles. Res Pharm Sci. 2014 Sep-Oct;9(5):301-14. PMID: 25657802; PMCID: PMC4317998.",Glipizide,14.2857142857143,14.2857142857143,0,0,0.368421052631579,372.3,-29.93,93.46,2.07812,130.15,445.545,7,3,6,2,1,1,114.9744,0.428571428571429,10,71.4285714285714,0,0,0,0,2,0,0.0180212650928095,0,1,60,1,1000,25,,5.95
"Preparation, characterization and optimization of glipizide controlled release nanoparticles","Emami J, Boushehri MS, Varshosaz J. Preparation, characterization and optimization of glipizide controlled release nanoparticles. Res Pharm Sci. 2014 Sep-Oct;9(5):301-14. PMID: 25657802; PMCID: PMC4317998.",Glipizide,22.2222222222222,22.2222222222222,0,0,0.473684210526316,703,-16.1,92.37,2.07812,130.15,445.545,7,3,6,2,1,1,114.9744,0.428571428571429,10,55.5555555555556,0,0,0,0,2,0,0.0180212650928095,0,1,60,1,500,25,,5.95
"Preparation, characterization and optimization of glipizide controlled release nanoparticles","Emami J, Boushehri MS, Varshosaz J. Preparation, characterization and optimization of glipizide controlled release nanoparticles. Res Pharm Sci. 2014 Sep-Oct;9(5):301-14. PMID: 25657802; PMCID: PMC4317998.",Glipizide,11.7647058823529,58.8235294117647,0,0,0.894736842105263,384.8,-32.57,90.15,2.07812,130.15,445.545,7,3,6,2,1,1,114.9744,0.428571428571429,10,29.4117647058824,0,0,0,0,2,0,0.0180212650928095,0,1,60,1,2000,25,,5.95
Chitosan coated sodium alginate-chitosan nanoparticles loaded with 5-FU for ocular delivery: In vitro characterization and in vivo study in rabbit eye,10.1016/j.ejps.2012.08.001,5-FU,35.2941176470588,58.8235294117647,0,0,0.85,329,,6.19,-0.7977,65.72,130.078,0,2,2,1,0,0,27.6414,0,5,5.88235294117647,0,0,0,0,0,0,0,0,0,,2,500,,5,
Chitosan coated sodium alginate-chitosan nanoparticles loaded with 5-FU for ocular delivery: In vitro characterization and in vivo study in rabbit eye,10.1016/j.ejps.2012.08.001,5-FU,42.1052631578947,52.6315789473684,0,0,0.95,345,,9.98,-0.7977,65.72,130.078,0,2,2,1,0,0,27.6414,0,5,5.26315789473684,0,0,0,0,0,0,0,0,0,,2,500,,5,
Chitosan coated sodium alginate-chitosan nanoparticles loaded with 5-FU for ocular delivery: In vitro characterization and in vivo study in rabbit eye,10.1016/j.ejps.2012.08.001,5-FU,47.6190476190476,47.6190476190476,0,0,1.05,376,,12.29,-0.7977,65.72,130.078,0,2,2,1,0,0,27.6414,0,5,4.76190476190476,0,0,0,0,0,0,0,0,0,,2,500,,5,
Chitosan coated sodium alginate-chitosan nanoparticles loaded with 5-FU for ocular delivery: In vitro characterization and in vivo study in rabbit eye,10.1016/j.ejps.2012.08.001,5-FU,27.2727272727273,68.1818181818182,0,0,1.1,355,,14.31,-0.7977,65.72,130.078,0,2,2,1,0,0,27.6414,0,5,4.54545454545455,0,0,0,0,0,0,0,0,0,,2,500,,5,
Chitosan coated sodium alginate-chitosan nanoparticles loaded with 5-FU for ocular delivery: In vitro characterization and in vivo study in rabbit eye,10.1016/j.ejps.2012.08.001,5-FU,33.3333333333333,62.5,0,0,1.2,377,,16.83,-0.7977,65.72,130.078,0,2,2,1,0,0,27.6414,0,5,4.16666666666667,0,0,0,0,0,0,0,0,0,,2,500,,5,
Chitosan coated sodium alginate-chitosan nanoparticles loaded with 5-FU for ocular delivery: In vitro characterization and in vivo study in rabbit eye,10.1016/j.ejps.2012.08.001,5-FU,38.4615384615385,57.6923076923077,0,0,1.3,367,,15.52,-0.7977,65.72,130.078,0,2,2,1,0,0,27.6414,0,5,3.84615384615385,0,0,0,0,0,0,0,0,0,,2,500,,5,
Chitosan coated sodium alginate-chitosan nanoparticles loaded with 5-FU for ocular delivery: In vitro characterization and in vivo study in rabbit eye,10.1016/j.ejps.2012.08.001,5-FU,22.2222222222222,74.0740740740741,0,0,1.35,362,,13.29,-0.7977,65.72,130.078,0,2,2,1,0,0,27.6414,0,5,3.7037037037037,0,0,0,0,0,0,0,0,0,,2,500,,5,
Chitosan coated sodium alginate-chitosan nanoparticles loaded with 5-FU for ocular delivery: In vitro characterization and in vivo study in rabbit eye,10.1016/j.ejps.2012.08.001,5-FU,27.5862068965517,68.9655172413793,0,0,1.45,381,,18.5,-0.7977,65.72,130.078,0,2,2,1,0,0,27.6414,0,5,3.44827586206897,0,0,0,0,0,0,0,0,0,,2,500,,5,
Chitosan coated sodium alginate-chitosan nanoparticles loaded with 5-FU for ocular delivery: In vitro characterization and in vivo study in rabbit eye,10.1016/j.ejps.2012.08.001,5-FU,32.258064516129,64.5161290322581,0,0,1.55,412,,26.66,-0.7977,65.72,130.078,0,2,2,1,0,0,27.6414,0,5,3.2258064516129,0,0,0,0,0,0,0,0,0,,2,500,,5,
Chitosan coated sodium alginate-chitosan nanoparticles loaded with 5-FU for ocular delivery: In vitro characterization and in vivo study in rabbit eye,10.1016/j.ejps.2012.08.001,5-FU,35.2941176470588,58.8235294117647,0,0,0.85,412,,6.19,-0.7977,65.72,130.078,0,2,2,1,0,0,27.6414,0,5,5.88235294117647,0,0,0,0,0,0,0,0,0,,2,500,,5,
Chitosan coated sodium alginate-chitosan nanoparticles loaded with 5-FU for ocular delivery: In vitro characterization and in vivo study in rabbit eye,10.1016/j.ejps.2012.08.001,5-FU,42.1052631578947,52.6315789473684,0,0,0.95,425,,9.98,-0.7977,65.72,130.078,0,2,2,1,0,0,27.6414,0,5,5.26315789473684,0,0,0,0,0,0,0,0,0,,2,500,,5,
Chitosan coated sodium alginate-chitosan nanoparticles loaded with 5-FU for ocular delivery: In vitro characterization and in vivo study in rabbit eye,10.1016/j.ejps.2012.08.001,5-FU,47.6190476190476,47.6190476190476,0,0,1.05,436,,12.29,-0.7977,65.72,130.078,0,2,2,1,0,0,27.6414,0,5,4.76190476190476,0,0,0,0,0,0,0,0,0,,2,500,,5,
Chitosan coated sodium alginate-chitosan nanoparticles loaded with 5-FU for ocular delivery: In vitro characterization and in vivo study in rabbit eye,10.1016/j.ejps.2012.08.001,5-FU,27.2727272727273,68.1818181818182,0,0,1.1,435,,14.31,-0.7977,65.72,130.078,0,2,2,1,0,0,27.6414,0,5,4.54545454545455,0,0,0,0,0,0,0,0,0,,2,500,,5,
Chitosan coated sodium alginate-chitosan nanoparticles loaded with 5-FU for ocular delivery: In vitro characterization and in vivo study in rabbit eye,10.1016/j.ejps.2012.08.001,5-FU,33.3333333333333,62.5,0,0,1.2,427,,16.83,-0.7977,65.72,130.078,0,2,2,1,0,0,27.6414,0,5,4.16666666666667,0,0,0,0,0,0,0,0,0,,2,500,,5,
Chitosan coated sodium alginate-chitosan nanoparticles loaded with 5-FU for ocular delivery: In vitro characterization and in vivo study in rabbit eye,10.1016/j.ejps.2012.08.001,5-FU,38.4615384615385,57.6923076923077,0,0,1.3,478,,15.52,-0.7977,65.72,130.078,0,2,2,1,0,0,27.6414,0,5,3.84615384615385,0,0,0,0,0,0,0,0,0,,2,500,,5,
Chitosan coated sodium alginate-chitosan nanoparticles loaded with 5-FU for ocular delivery: In vitro characterization and in vivo study in rabbit eye,10.1016/j.ejps.2012.08.001,5-FU,22.2222222222222,74.0740740740741,0,0,1.35,425,,13.29,-0.7977,65.72,130.078,0,2,2,1,0,0,27.6414,0,5,3.7037037037037,0,0,0,0,0,0,0,0,0,,2,500,,5,
Chitosan coated sodium alginate-chitosan nanoparticles loaded with 5-FU for ocular delivery: In vitro characterization and in vivo study in rabbit eye,10.1016/j.ejps.2012.08.001,5-FU,27.5862068965517,68.9655172413793,0,0,1.45,469,,18.5,-0.7977,65.72,130.078,0,2,2,1,0,0,27.6414,0,5,3.44827586206897,0,0,0,0,0,0,0,0,0,,2,500,,5,
Chitosan coated sodium alginate-chitosan nanoparticles loaded with 5-FU for ocular delivery: In vitro characterization and in vivo study in rabbit eye,10.1016/j.ejps.2012.08.001,5-FU,32.258064516129,64.5161290322581,0,0,1.55,505,,26.66,-0.7977,65.72,130.078,0,2,2,1,0,0,27.6414,0,5,3.2258064516129,0,0,0,0,0,0,0,0,0,,2,500,,5,
"Preparation and characterization of novel, mucoadhesive ofloxacin nanoparticles for ocular drug delivery",http://dx.doi.org/10.1590/s2175-97902019000117105,Ofloxacin,25,0,0,25,0.166666666666667,113.8,16.2,19.78,1.544,75.01,361.373,2,1,6,2,1,2,95.0413000000001,0.444444444444444,8,50,0,0,0,0,0,-5,0,-0.0135921274397869,1,85,1,1000,25,,
"Preparation and characterization of novel, mucoadhesive ofloxacin nanoparticles for ocular drug delivery",http://dx.doi.org/10.1590/s2175-97902019000117105,Ofloxacin,50,0,0,16.6666666666667,0.25,165.5,23.8,28.62,1.544,75.01,361.373,2,1,6,2,1,2,95.0413000000001,0.444444444444444,8,33.3333333333333,0,0,0,0,0,-5,0,-0.0135921274397869,1,85,1,1000,25,,
"Preparation and characterization of novel, mucoadhesive ofloxacin nanoparticles for ocular drug delivery",http://dx.doi.org/10.1590/s2175-97902019000117105,Ofloxacin,66.6666666666667,0,0,14.2857142857143,0.4375,287.4,30.6,24.06,1.544,75.01,361.373,2,1,6,2,1,2,95.0413000000001,0.444444444444444,8,19.047619047619,0,0,0,0,0,-5,0,-0.0135921274397869,1,85,1,1000,25,,
"Preparation and characterization of novel, mucoadhesive ofloxacin nanoparticles for ocular drug delivery",http://dx.doi.org/10.1590/s2175-97902019000117105,Ofloxacin,74.0740740740741,0,0,11.1111111111111,0.5625,396.1,40.3,33.1,1.544,75.01,361.373,2,1,6,2,1,2,95.0413000000001,0.444444444444444,8,14.8148148148148,0,0,0,0,0,-5,0,-0.0135921274397869,1,85,1,1000,25,,
"Preparation and characterization of novel, mucoadhesive ofloxacin nanoparticles for ocular drug delivery",http://dx.doi.org/10.1590/s2175-97902019000117105,Ofloxacin,45.4545454545455,1.51515151515152,0,22.7272727272727,0.235714285714286,227.6,28.1,29.88,1.544,75.01,361.373,2,1,6,2,1,2,95.0413000000001,0.444444444444444,8,30.3030303030303,0,0,0,0,0,-5,0,-0.0135921274397869,1,85,1,1000,25,,
"Preparation and characterization of novel, mucoadhesive ofloxacin nanoparticles for ocular drug delivery",http://dx.doi.org/10.1590/s2175-97902019000117105,Ofloxacin,44.7761194029851,2.98507462686567,0,22.3880597014925,0.239285714285714,243.1,32.4,29.77,1.544,75.01,361.373,2,1,6,2,1,2,95.0413000000001,0.444444444444444,8,29.8507462686567,0,0,0,0,0,-5,0,-0.0135921274397869,1,85,1,1000,25,,
"Preparation and characterization of novel, mucoadhesive ofloxacin nanoparticles for ocular drug delivery",http://dx.doi.org/10.1590/s2175-97902019000117105,Ofloxacin,63.6363636363636,4.54545454545455,0,13.6363636363636,0.392857142857143,439.8,37.4,24.82,1.544,75.01,361.373,2,1,6,2,1,2,95.0413000000001,0.444444444444444,8,18.1818181818182,0,0,0,0,0,-5,0,-0.0135921274397869,1,85,1,1000,25,,
"Preparation and characterization of novel, mucoadhesive ofloxacin nanoparticles for ocular drug delivery",http://dx.doi.org/10.1590/s2175-97902019000117105,Ofloxacin,60.8695652173913,8.69565217391304,0,13.0434782608696,0.410714285714286,509,35.3,22.95,1.544,75.01,361.373,2,1,6,2,1,2,95.0413000000001,0.444444444444444,8,17.3913043478261,0,0,0,0,0,-5,0,-0.0135921274397869,1,85,1,1000,25,,
Kinetic Study of Chitosan-Alginate Biopolymeric Nanoparticles for the Controlled Release of Curcumin Diethyl Disuccinate,http://dx.doi.org/10.1590/s2175-97902019000117105,Curcumin diethyl disuccinate (CDD),0.0147504228454549,0.0590016913818196,99.5653542068206,0.0658852220430319,40.6768,327,-27.3,51.2,3.7261,157.8,598.601,17,0,12,1,0,1,151.378,0.354838709677419,12,0.295008456909098,1,1,15,1310,2,0,0.0180212650928095,0,1,85,1,1000,25,15,
Enhanced oral delivery of zeaxanthin via chitosan/alginate nanoparticles: Optimizing stability and antioxidant efficacy in retinal cells,10.1016/j.fhfh.2025.100254,Zeaxanthin,0.0156858644218452,0.26143107369742,98.5595147839272,0.291931365628785,7.914,268,25.2,75.4,10.5474,40.46,568.886,10,2,2,0,0,2,184.171599999999,0.45,2,0.871436912324732,0,1,22,12600,2,0,0.0180212650928095,0,1,85,1,1000,25,15,
Development of Turmeric Oil-Loaded Chitosan/Alginate Nanocapsules for Cytotoxicity Enhancement against Breast Cancer,10.3390/polym14091835,Turmerone,0.0251654629186904,0.150992777512142,39.258122153157,0.168608601555226,16.5570833333333,184.8,-21.8,70.3,4.02392,17.07,216.324,4,0,1,1,0,0,68.649,0.4,1,60.3971110048569,1,1,22,12600,2,0,0.0180212650928095,0,1,91.74,1,1000,,15,5.45
Dual-drugs-loaded polymeric nanoparticles formulation design based on response surface methodology of particle size and zeta potential,10.14456/jcst.2020.15,α-mangostin + Resveratrol,2.38095238095238,2.38095238095238,0,0,21,948,46.6,,4.0314,80.41,319.3565,3.5,3,4.5,2.5,0,0,92.3064,0.145833333333333,4.5,95.2380952380952,0,0,0,0,0,0,0,0,0,85,1,750,25,,5.25
Dual-drugs-loaded polymeric nanoparticles formulation design based on response surface methodology of particle size and zeta potential,10.14456/jcst.2020.15,α-mangostin + Resveratrol,1.21951219512195,1.21951219512195,0,0,41,319,41.6,,4.5602,90.27,364.91125,4.25,3,5.25,2.75,0,0,105.0564,0.21875,5.25,97.5609756097561,0,0,0,0,0,0,0,0,0,85,1,750,25,,5.25
Dual-drugs-loaded polymeric nanoparticles formulation design based on response surface methodology of particle size and zeta potential,10.14456/jcst.2020.15,α-mangostin + Resveratrol,1.21951219512195,1.21951219512195,0,0,41,485,43.3,,3.5026,70.55,273.80175,2.75,3,3.75,2.25,0,0,79.5564,0.0729166666666667,3.75,97.5609756097561,0,0,0,0,0,0,0,0,0,85,1,750,25,,5.25
Dual-drugs-loaded polymeric nanoparticles formulation design based on response surface methodology of particle size and zeta potential,10.14456/jcst.2020.15,α-mangostin + Resveratrol,0.819672131147541,0.819672131147541,0,0,61,390,45.6,,4.0314,80.41,319.3565,3.5,3,4.5,2.5,0,0,92.3064,0.145833333333333,4.5,98.3606557377049,0,0,0,0,0,0,0,0,0,85,1,750,25,,5.25
Dual-drugs-loaded polymeric nanoparticles formulation design based on response surface methodology of particle size and zeta potential,10.14456/jcst.2020.15,α-mangostin + Resveratrol,0.617283950617284,0.617283950617284,0,0,40.5,595,41.1,,4.0314,80.41,319.3565,3.5,3,4.5,2.5,0,0,92.3064,0.145833333333333,4.5,98.7654320987654,0,0,0,0,0,0,0,0,0,85,1,750,25,,5.25
Dual-drugs-loaded polymeric nanoparticles formulation design based on response surface methodology of particle size and zeta potential,10.14456/jcst.2020.15,α-mangostin + Resveratrol,1.82926829268293,0.609756097560976,0,0,41,734,52.1,,4.0314,80.41,319.3565,3.5,3,4.5,2.5,0,0,92.3064,0.145833333333333,4.5,97.5609756097561,0,0,0,0,0,0,0,0,0,85,1,750,25,,5.25
Dual-drugs-loaded polymeric nanoparticles formulation design based on response surface methodology of particle size and zeta potential,10.14456/jcst.2020.15,α-mangostin + Resveratrol,0.609756097560976,1.82926829268293,0,0,41,2453,-26.4,,4.0314,80.41,319.3565,3.5,3,4.5,2.5,0,0,92.3064,0.145833333333333,4.5,97.5609756097561,0,0,0,0,0,0,0,0,0,85,1,750,25,,5.25
Dual-drugs-loaded polymeric nanoparticles formulation design based on response surface methodology of particle size and zeta potential,10.14456/jcst.2020.15,α-mangostin + Resveratrol,1.80722891566265,1.80722891566265,0,0,41.5,441,40.7,,4.0314,80.41,319.3565,3.5,3,4.5,2.5,0,0,92.3064,0.145833333333333,4.5,96.3855421686747,0,0,0,0,0,0,0,0,0,85,1,750,25,,5.25
Dual-drugs-loaded polymeric nanoparticles formulation design based on response surface methodology of particle size and zeta potential,10.14456/jcst.2020.15,α-mangostin + Resveratrol,1.6260162601626,0.813008130081301,0,0,30.75,656,51.1,,3.67886666666667,73.8366666666667,288.986666666667,3,3,4,2.33333333333333,0,0,83.8064,0.0972222222222222,4,97.5609756097561,0,0,0,0,0,0,0,0,0,85,1,750,25,,5.25
Dual-drugs-loaded polymeric nanoparticles formulation design based on response surface methodology of particle size and zeta potential,10.14456/jcst.2020.15,α-mangostin + Resveratrol,0.985221674876847,0.492610837438424,0,0,50.75,660,52.4,,4.24292,84.354,337.5784,3.8,3,4.8,2.6,0,0,97.4064,0.175,4.8,98.5221674876847,0,0,0,0,0,0,0,0,0,85,1,750,25,,5.25
Dual-drugs-loaded polymeric nanoparticles formulation design based on response surface methodology of particle size and zeta potential,10.14456/jcst.2020.15,α-mangostin + Resveratrol,1.6,2.4,0,0,31.25,40107,6.5,,3.67886666666667,73.8366666666667,288.986666666667,3,3,4,2.33333333333333,0,0,83.8064,0.0972222222222222,4,96,0,0,0,0,0,0,0,0,0,85,1,750,25,,5.25
Dual-drugs-loaded polymeric nanoparticles formulation design based on response surface methodology of particle size and zeta potential,10.14456/jcst.2020.15,α-mangostin + Resveratrol,0.975609756097561,1.46341463414634,0,0,51.25,28990,25.2,,4.24292,84.354,337.5784,3.8,3,4.8,2.6,0,0,97.4064,0.175,4.8,97.5609756097561,0,0,0,0,0,0,0,0,0,85,1,750,25,,5.25
Dual-drugs-loaded polymeric nanoparticles formulation design based on response surface methodology of particle size and zeta potential,10.14456/jcst.2020.15,α-mangostin + Resveratrol,0.813008130081301,1.6260162601626,0,0,30.75,643,-17.6,,4.38393333333334,86.9833333333333,349.726333333333,4,3,5,2.66666666666667,0,0,100.8064,0.194444444444444,5,97.5609756097561,0,0,0,0,0,0,0,0,0,85,1,750,25,,5.25
Dual-drugs-loaded polymeric nanoparticles formulation design based on response surface methodology of particle size and zeta potential,10.14456/jcst.2020.15,α-mangostin + Resveratrol,0.492610837438424,0.985221674876847,0,0,50.75,536,-18.8,,3.81988,76.466,301.1346,3.2,3,4.2,2.4,0,0,87.2064,0.116666666666667,4.2,98.5221674876847,0,0,0,0,0,0,0,0,0,85,1,750,25,,5.25
Dual-drugs-loaded polymeric nanoparticles formulation design based on response surface methodology of particle size and zeta potential,10.14456/jcst.2020.15,α-mangostin + Resveratrol,2.4,1.6,0,0,31.25,585,55.9,,4.38393333333334,86.9833333333333,349.726333333333,4,3,5,2.66666666666667,0,0,100.8064,0.194444444444444,5,96,0,0,0,0,0,0,0,0,0,85,1,750,25,,5.25
Dual-drugs-loaded polymeric nanoparticles formulation design based on response surface methodology of particle size and zeta potential,10.14456/jcst.2020.15,α-mangostin + Resveratrol,1.46341463414634,0.975609756097561,0,0,51.25,2361,52,,3.81988,76.466,301.1346,3.2,3,4.2,2.4,0,0,87.2064,0.116666666666667,4.2,97.5609756097561,0,0,0,0,0,0,0,0,0,85,1,750,25,,5.25
Dual-drugs-loaded polymeric nanoparticles formulation design based on response surface methodology of particle size and zeta potential,10.14456/jcst.2020.15,α-mangostin + Resveratrol,0.813008130081301,1.6260162601626,0,0,30.75,2556,-17.4,,3.67886666666667,73.8366666666667,288.986666666667,3,3,4,2.33333333333333,0,0,83.8064,0.0972222222222222,4,97.5609756097561,0,0,0,0,0,0,0,0,0,85,1,750,25,,5.25
Dual-drugs-loaded polymeric nanoparticles formulation design based on response surface methodology of particle size and zeta potential,10.14456/jcst.2020.15,α-mangostin + Resveratrol,0.492610837438424,0.985221674876847,0,0,50.75,1294,-16.1,,4.24292,84.354,337.5784,3.8,3,4.8,2.6,0,0,97.4064,0.175,4.8,98.5221674876847,0,0,0,0,0,0,0,0,0,85,1,750,25,,5.25
Dual-drugs-loaded polymeric nanoparticles formulation design based on response surface methodology of particle size and zeta potential,10.14456/jcst.2020.15,α-mangostin + Resveratrol,2.4,1.6,0,0,31.25,505,52.8,,3.67886666666667,73.8366666666667,288.986666666667,3,3,4,2.33333333333333,0,0,83.8064,0.0972222222222222,4,96,0,0,0,0,0,0,0,0,0,85,1,750,25,,5.25
Dual-drugs-loaded polymeric nanoparticles formulation design based on response surface methodology of particle size and zeta potential,10.14456/jcst.2020.15,α-mangostin + Resveratrol,1.46341463414634,0.975609756097561,0,0,51.25,522,51.8,,4.24292,84.354,337.5784,3.8,3,4.8,2.6,0,0,97.4064,0.175,4.8,97.5609756097561,0,0,0,0,0,0,0,0,0,85,1,750,25,,5.25
Dual-drugs-loaded polymeric nanoparticles formulation design based on response surface methodology of particle size and zeta potential,10.14456/jcst.2020.15,α-mangostin + Resveratrol,1.6260162601626,0.813008130081301,0,0,30.75,668,53.3,,4.38393333333334,86.9833333333333,349.726333333333,4,3,5,2.66666666666667,0,0,100.8064,0.194444444444444,5,97.5609756097561,0,0,0,0,0,0,0,0,0,85,1,750,25,,5.25
Dual-drugs-loaded polymeric nanoparticles formulation design based on response surface methodology of particle size and zeta potential,10.14456/jcst.2020.15,α-mangostin + Resveratrol,0.985221674876847,0.492610837438424,0,0,50.75,674,49.9,,3.81988,76.466,301.1346,3.2,3,4.2,2.4,0,0,87.2064,0.116666666666667,4.2,98.5221674876847,0,0,0,0,0,0,0,0,0,85,1,750,25,,5.25
Dual-drugs-loaded polymeric nanoparticles formulation design based on response surface methodology of particle size and zeta potential,10.14456/jcst.2020.15,α-mangostin + Resveratrol,1.6,2.4,0,0,31.25,25650,2.5,,4.38393333333334,86.9833333333333,349.726333333333,4,3,5,2.66666666666667,0,0,100.8064,0.194444444444444,5,96,0,0,0,0,0,0,0,0,0,85,1,750,25,,5.25
Dual-drugs-loaded polymeric nanoparticles formulation design based on response surface methodology of particle size and zeta potential,10.14456/jcst.2020.15,α-mangostin + Resveratrol,0.975609756097561,1.46341463414634,0,0,51.25,31773,8.7,,3.81988,76.466,301.1346,3.2,3,4.2,2.4,0,0,87.2064,0.116666666666667,4.2,97.5609756097561,0,0,0,0,0,0,0,0,0,85,1,750,25,,5.25
Dual-drugs-loaded polymeric nanoparticles formulation design based on response surface methodology of particle size and zeta potential,10.14456/jcst.2020.15,α-mangostin + Resveratrol,1.21951219512195,1.21951219512195,0,0,41,503,42.2,,4.0314,80.41,319.3565,3.5,3,4.5,2.5,0,0,92.3064,0.145833333333333,4.5,97.5609756097561,0,0,0,0,0,0,0,0,0,85,1,750,25,,5.25
Dual-drugs-loaded polymeric nanoparticles formulation design based on response surface methodology of particle size and zeta potential,10.14456/jcst.2020.15,α-mangostin + Resveratrol,1.22699386503067,0.613496932515337,0,0,40.75,683,51.8,,4.0314,80.41,319.3565,3.5,3,4.5,2.5,0,0,92.3064,0.145833333333333,4.5,98.159509202454,0,0,0,0,0,0,0,0,0,85,1,750,25,,5.25
Dual-drugs-loaded polymeric nanoparticles formulation design based on response surface methodology of particle size and zeta potential,10.14456/jcst.2020.15,α-mangostin + Resveratrol,1.81818181818182,1.21212121212121,0,0,41.25,690,48.3,,4.0314,80.41,319.3565,3.5,3,4.5,2.5,0,0,92.3064,0.145833333333333,4.5,96.969696969697,0,0,0,0,0,0,0,0,0,85,1,750,25,,5.25
Preparation of turmeric oil-loaded chitosan-alginate biopolymeric nanocapsules,DOI not found,Turmerone,0.0195229883187453,0.195229883187453,93.059577652686,0.218006702892656,10.7458041958042,667,-21.8,68.5,4.02392,17.07,216.324,4,0,1,1,0,0,68.649,0.4,1,6.50766277291511,1,1,15,1310,2,0,0.0180212650928095,0,1,92,1,,25,15,
Preparation of turmeric oil-loaded chitosan-alginate biopolymeric nanocapsules,DOI not found,Turmerone,0.0195229883187453,0.195229883187453,93.059577652686,0.218006702892656,10.7458041958042,522,-22.2,67.3,4.02392,17.07,216.324,4,0,1,1,0,0,68.649,0.4,1,6.50766277291511,1,1,15,1310,2,0,0.0180212650928095,0,1,92,1,,25,15,
Preparation of turmeric oil-loaded chitosan-alginate biopolymeric nanocapsules,DOI not found,Turmerone,0,0.195268005337325,93.0777492107918,0.21804927262668,10.7437062937063,162,-23.1,52,4.02392,17.07,216.324,4,0,1,1,0,0,68.649,0.4,1,6.50893351124418,1,1,15,1310,2,0,0.0180212650928095,0,1,,,,25,15,
Preparation of turmeric oil-loaded chitosan-alginate biopolymeric nanocapsules,DOI not found,Turmerone,0.0195229883187453,0.195229883187453,93.059577652686,0.218006702892656,10.7458041958042,777,,66.3,4.02392,17.07,216.324,4,0,1,1,0,0,68.649,0.4,1,6.50766277291511,1,1,15,1310,2,0,0.0180212650928095,0,1,92,1,,25,15,
Preparation of turmeric oil-loaded chitosan-alginate biopolymeric nanocapsules,DOI not found,Turmerone,0.0195229883187453,0.195229883187453,93.059577652686,0.218006702892656,10.7458041958042,759,,61.9,4.02392,17.07,216.324,4,0,1,1,0,0,68.649,0.4,1,6.50766277291511,1,1,15,1310,2,0,0.0180212650928095,0,1,92,1,,25,15,
Preparation of turmeric oil-loaded chitosan-alginate biopolymeric nanocapsules,DOI not found,Turmerone,0,0.195268005337325,93.0777492107918,0.21804927262668,10.7437062937063,162,-23.1,52,4.02392,17.07,216.324,4,0,1,1,0,0,68.649,0.4,1,6.50893351124418,1,1,15,1310,2,0,0.0180212650928095,0,1,92,1,,25,15,
Preparation of turmeric oil-loaded chitosan-alginate biopolymeric nanocapsules,DOI not found,Turmerone,0.0130161725944486,0.195242588916729,93.0656340503075,0.218020890957014,10.7451048951049,226.8,-19,,4.02392,17.07,216.324,4,0,1,1,0,0,68.649,0.4,1,6.5080862972243,1,1,15,1310,2,0,0.0180212650928095,0,1,92,1,,25,15,
Preparation of turmeric oil-loaded chitosan-alginate biopolymeric nanocapsules,DOI not found,Turmerone,0.0390383551839682,0.195191775919841,93.0414131884576,0.217964149777156,10.7479020979021,,-23,,4.02392,17.07,216.324,4,0,1,1,0,0,68.649,0.4,1,6.50639253066137,1,1,15,1310,2,0,0.0180212650928095,0,1,92,1,,25,15,
Folic Acid-Grafted Chitosan-Alginate Nanocapsules as Effective Targeted Nanocarriers for Delivery of Turmeric Oil for Breast Cancer Therapy,https://doi.org/10.3390/pharmaceutics15010110,Turmerone,0.0544110756767378,0.0906851261278963,63.4795882895274,0.101265057509484,27.5679166666667,175,,33.1,4.02392,17.07,216.324,4,0,1,1,0,0,68.649,0.4,1,36.2740504511585,1,1,22,12600,2,0,0.0180212650928095,0,1,91.74,1,1000,25,15,4.9
Folic Acid-Grafted Chitosan-Alginate Nanocapsules as Effective Targeted Nanocarriers for Delivery of Turmeric Oil for Breast Cancer Therapy,https://doi.org/10.3390/pharmaceutics15010110,Turmerone,0.126867136880579,0.0906193834861277,63.4335684402894,0.101191644892843,27.5879166666667,188,,28.6,4.02392,17.07,216.324,4,0,1,1,0,0,68.649,0.4,1,36.2477533944511,1,1,22,12600,2,0,0.0180212650928095,0,1,91.74,1,1000,25,15,4.9
Folic Acid-Grafted Chitosan-Alginate Nanocapsules as Effective Targeted Nanocarriers for Delivery of Turmeric Oil for Breast Cancer Therapy,https://doi.org/10.3390/pharmaceutics15010110,Turmerone,0.0399276865232967,0.0665461442054945,46.5823009438461,0.0743098610294689,37.5679166666667,279,,29.2,4.02392,17.07,216.324,4,0,1,1,0,0,68.649,0.4,1,53.2369153643956,1,1,22,12600,2,0,0.0180212650928095,0,1,91.74,1,1000,25,15,4.9
Folic Acid-Grafted Chitosan-Alginate Nanocapsules as Effective Targeted Nanocarriers for Delivery of Turmeric Oil for Breast Cancer Therapy,https://doi.org/10.3390/pharmaceutics15010110,Turmerone,0.0931150303178105,0.0665107359412932,46.5575151589052,0.0742703218011107,37.5879166666667,279,,25.6,4.02392,17.07,216.324,4,0,1,1,0,0,68.649,0.4,1,53.2085887530346,1,1,22,12600,2,0,0.0180212650928095,0,1,91.74,1,1000,25,15,4.9
Folic Acid-Grafted Chitosan-Alginate Nanocapsules as Effective Targeted Nanocarriers for Delivery of Turmeric Oil for Breast Cancer Therapy,https://doi.org/10.3390/pharmaceutics15010110,Turmerone,0.074746174449266,0.124576957415443,24.9153914830887,0.139110935780578,20.0679166666667,310,,37.1,4.02392,17.07,216.324,4,0,1,1,0,0,68.649,0.4,1,74.746174449266,1,1,22,12600,2,0,0.0180212650928095,0,1,91.74,1,1000,25,15,4.9
Folic Acid-Grafted Chitosan-Alginate Nanocapsules as Effective Targeted Nanocarriers for Delivery of Turmeric Oil for Breast Cancer Therapy,https://doi.org/10.3390/pharmaceutics15010110,Turmerone,0.174234095953206,0.124452925680861,24.8905851361722,0.138972433676962,20.0879166666667,345,,33.3,4.02392,17.07,216.324,4,0,1,1,0,0,68.649,0.4,1,74.6717554085167,1,1,22,12600,2,0,0.0180212650928095,0,1,91.74,1,1000,25,15,4.9
Folic Acid-Grafted Chitosan-Alginate Nanocapsules as Effective Targeted Nanocarriers for Delivery of Turmeric Oil for Breast Cancer Therapy,https://doi.org/10.3390/pharmaceutics15010110,Turmerone,0.0332831005057182,0.055471834176197,66.5662010114364,0.06194354816342,45.0679166666667,297,,23.3,4.02392,17.07,216.324,4,0,1,1,0,0,68.649,0.4,1,33.2831005057182,1,1,22,12600,2,0,0.0180212650928095,0,1,91.74,1,1000,25,15,4.9
Folic Acid-Grafted Chitosan-Alginate Nanocapsules as Effective Targeted Nanocarriers for Delivery of Turmeric Oil for Breast Cancer Therapy,https://doi.org/10.3390/pharmaceutics15010110,Turmerone,0.0776261193409173,0.0554472281006552,66.5366737207862,0.061916071379065,45.0879166666667,278,,23,4.02392,17.07,216.324,4,0,1,1,0,0,68.649,0.4,1,33.2683368603931,1,1,22,12600,2,0,0.0180212650928095,0,1,91.74,1,1000,25,15,4.9
Folic Acid-Grafted Chitosan-Alginate Nanocapsules as Effective Targeted Nanocarriers for Delivery of Turmeric Oil for Breast Cancer Therapy,https://doi.org/10.3390/pharmaceutics15010110,Turmerone,0.165805399729185,0.165805399729185,33.1610799458369,0.185149363030923,15.0779166666667,230,,33.2,4.02392,17.07,216.324,4,0,1,1,0,0,68.649,0.4,1,66.3221598916738,1,1,22,12600,2,0,0.0180212650928095,0,1,91.74,1,1000,25,15,4.9
Folic Acid-Grafted Chitosan-Alginate Nanocapsules as Effective Targeted Nanocarriers for Delivery of Turmeric Oil for Breast Cancer Therapy,https://doi.org/10.3390/pharmaceutics15010110,Turmerone,0.0996893016764418,0.0996893016764418,19.9378603352884,0.11131972020536,25.0779166666667,365,,38.3,4.02392,17.07,216.324,4,0,1,1,0,0,68.649,0.4,1,79.7514413411534,1,1,22,12600,2,0,0.0180212650928095,0,1,91.74,1,1000,25,15,4.9
Folic Acid-Grafted Chitosan-Alginate Nanocapsules as Effective Targeted Nanocarriers for Delivery of Turmeric Oil for Breast Cancer Therapy,https://doi.org/10.3390/pharmaceutics15010110,Turmerone,0.0623784918959943,0.0623784918959943,74.8541902751931,0.0696559826171936,40.0779166666667,250,,28,4.02392,17.07,216.324,4,0,1,1,0,0,68.649,0.4,1,24.9513967583977,1,1,22,12600,2,0,0.0180212650928095,0,1,91.74,1,1000,25,15,4.9
Folic Acid-Grafted Chitosan-Alginate Nanocapsules as Effective Targeted Nanocarriers for Delivery of Turmeric Oil for Breast Cancer Therapy,https://doi.org/10.3390/pharmaceutics15010110,Turmerone,0.0499222045645536,0.0499222045645536,59.9066454774643,0.0557464617637515,50.0779166666667,310,,16.9,4.02392,17.07,216.324,4,0,1,1,0,0,68.649,0.4,1,39.9377636516429,1,1,22,12600,2,0,0.0180212650928095,0,1,91.74,1,1000,25,15,4.9
Folic Acid-Grafted Chitosan-Alginate Nanocapsules as Effective Targeted Nanocarriers for Delivery of Turmeric Oil for Breast Cancer Therapy,https://doi.org/10.3390/pharmaceutics15010110,Turmerone,0.0767390998503588,0.0767390998503588,53.7173698952511,0.0856919948329006,32.5779166666667,244,,28.2,4.02392,17.07,216.324,4,0,1,1,0,0,68.649,0.4,1,46.0434599102153,1,1,22,12600,2,0,0.0180212650928095,0,1,91.74,1,1000,25,15,4.9
Folic Acid-Grafted Chitosan-Alginate Nanocapsules as Effective Targeted Nanocarriers for Delivery of Turmeric Oil for Breast Cancer Therapy,https://doi.org/10.3390/pharmaceutics15010110,Turmerone,0.0767390998503588,0.0767390998503588,53.7173698952511,0.0856919948329006,32.5779166666667,248,,28.8,4.02392,17.07,216.324,4,0,1,1,0,0,68.649,0.4,1,46.0434599102153,1,1,22,12600,2,0,0.0180212650928095,0,1,91.74,1,1000,25,15,4.9
Folic Acid-Grafted Chitosan-Alginate Nanocapsules as Effective Targeted Nanocarriers for Delivery of Turmeric Oil for Breast Cancer Therapy,https://doi.org/10.3390/pharmaceutics15010110,Turmerone,0.0767390998503588,0.0767390998503588,53.7173698952511,0.0856919948329006,32.5779166666667,258,,28,4.02392,17.07,216.324,4,0,1,1,0,0,68.649,0.4,1,46.0434599102153,1,1,22,12600,2,0,0.0180212650928095,0,1,91.74,1,1000,25,15,4.9
Folic Acid-Grafted Chitosan-Alginate Nanocapsules as Effective Targeted Nanocarriers for Delivery of Turmeric Oil for Breast Cancer Therapy,https://doi.org/10.3390/pharmaceutics15010110,Turmerone,0.0905364283379021,0.150894047229837,39.2324522797576,0.168498352739984,16.5679166666667,189,-12.61,35.9,4.02392,17.07,216.324,4,0,1,1,0,0,68.649,0.4,1,60.3576188919347,1,1,22,12600,2,0,0.0180212650928095,0,1,91.74,1,1000,25,15,4.9
Application of central composite experimental design for the formulation and optimization of meropenem loaded chitosan-alginate nanoparticles,https://doi.org/10.4103/PJHRD_2024281_32,Meropenem,6.97674418604651,34.8837209302326,0,0,0.0593103448275862,616.72,-29.9,,-0.307999999999998,110.18,383.47,5,3,6,0,2,3,96.1113,0.705882352941177,9,58.1395348837209,0,0,0,0,2,0,0.0180212650928095,0,1,90,1,1000,25,15,4.6
Application of central composite experimental design for the formulation and optimization of meropenem loaded chitosan-alginate nanoparticles,https://doi.org/10.4103/PJHRD_2024281_32,Meropenem,1.92976906042392,18.9813350205631,0,0,0.109,611.18,-29.8,,-0.307999999999998,110.18,383.47,5,3,6,0,2,3,96.1113,0.705882352941177,9,79.088895919013,0,0,0,0,2,0,0.0180212650928095,0,1,90,1,1000,25,15,4.6
Application of central composite experimental design for the formulation and optimization of meropenem loaded chitosan-alginate nanoparticles,https://doi.org/10.4103/PJHRD_2024281_32,Meropenem,2.6993094789705,18.8323917137476,0,0,0.109862068965517,466.3,-29.4,,-0.307999999999998,110.18,383.47,5,3,6,0,2,3,96.1113,0.705882352941177,9,78.4682988072819,0,0,0,0,2,0,0.0180212650928095,0,1,90,1,1000,25,15,4.6
Application of central composite experimental design for the formulation and optimization of meropenem loaded chitosan-alginate nanoparticles,https://doi.org/10.4103/PJHRD_2024281_32,Meropenem,2.6993094789705,18.8323917137476,0,0,0.109862068965517,487.7,-29.93,,-0.307999999999998,110.18,383.47,5,3,6,0,2,3,96.1113,0.705882352941177,9,78.4682988072819,0,0,0,0,2,0,0.0180212650928095,0,1,90,1,1000,25,15,4.6
Application of central composite experimental design for the formulation and optimization of meropenem loaded chitosan-alginate nanoparticles,https://doi.org/10.4103/PJHRD_2024281_32,Meropenem,7.91896869244936,55.2486187845304,0,0,0.037448275862069,483.07,-29.63,,-0.307999999999998,110.18,383.47,5,3,6,0,2,3,96.1113,0.705882352941177,9,36.8324125230203,0,0,0,0,2,0,0.0180212650928095,0,1,90,1,1000,25,15,4.6
Application of central composite experimental design for the formulation and optimization of meropenem loaded chitosan-alginate nanoparticles,https://doi.org/10.4103/PJHRD_2024281_32,Meropenem,1.62693908437382,11.3507377979569,0,0,0.182275862068966,451.9,-28.03,,-0.307999999999998,110.18,383.47,5,3,6,0,2,3,96.1113,0.705882352941177,9,87.0223231176693,0,0,0,0,2,0,0.0180212650928095,0,1,90,1,1000,25,15,4.6
Application of central composite experimental design for the formulation and optimization of meropenem loaded chitosan-alginate nanoparticles,https://doi.org/10.4103/PJHRD_2024281_32,Meropenem,2.6993094789705,18.8323917137476,0,0,0.109862068965517,525.68,-29.07,,-0.307999999999998,110.18,383.47,5,3,6,0,2,3,96.1113,0.705882352941177,9,78.4682988072819,0,0,0,0,2,0,0.0180212650928095,0,1,90,1,1000,25,15,4.6
Application of central composite experimental design for the formulation and optimization of meropenem loaded chitosan-alginate nanoparticles,https://doi.org/10.4103/PJHRD_2024281_32,Meropenem,2.6993094789705,18.8323917137476,0,0,0.109862068965517,609.25,-29.87,,-0.307999999999998,110.18,383.47,5,3,6,0,2,3,96.1113,0.705882352941177,9,78.4682988072819,0,0,0,0,2,0,0.0180212650928095,0,1,90,1,1000,25,15,4.6
Application of central composite experimental design for the formulation and optimization of meropenem loaded chitosan-alginate nanoparticles,https://doi.org/10.4103/PJHRD_2024281_32,Meropenem,2.54237288135593,12.7118644067797,0,0,0.162758620689655,606.93,-29.08,,-0.307999999999998,110.18,383.47,5,3,6,0,2,3,96.1113,0.705882352941177,9,84.7457627118644,0,0,0,0,2,0,0.0180212650928095,0,1,90,1,1000,25,15,4.6
Application of central composite experimental design for the formulation and optimization of meropenem loaded chitosan-alginate nanoparticles,https://doi.org/10.4103/PJHRD_2024281_32,Meropenem,2.6993094789705,18.8323917137476,0,0,0.109862068965517,506.05,-28.4,,-0.307999999999998,110.18,383.47,5,3,6,0,2,3,96.1113,0.705882352941177,9,78.4682988072819,0,0,0,0,2,0,0.0180212650928095,0,1,90,1,1000,25,15,4.6
Application of central composite experimental design for the formulation and optimization of meropenem loaded chitosan-alginate nanoparticles,https://doi.org/10.4103/PJHRD_2024281_32,Meropenem,1.43561174201843,12.8562245553889,0,0,0.160931034482759,502.47,-30.62,,-0.307999999999998,110.18,383.47,5,3,6,0,2,3,96.1113,0.705882352941177,9,85.7081637025927,0,0,0,0,2,0,0.0180212650928095,0,1,90,1,1000,25,15,4.6
Application of central composite experimental design for the formulation and optimization of meropenem loaded chitosan-alginate nanoparticles,https://doi.org/10.4103/PJHRD_2024281_32,Meropenem,4.40949737897009,18.5013876040703,0,0,0.111827586206897,750.1,-28.7,,-0.307999999999998,110.18,383.47,5,3,6,0,2,3,96.1113,0.705882352941177,9,77.0891150169596,0,0,0,0,2,0,0.0180212650928095,0,1,90,1,1000,25,15,4.6
Application of central composite experimental design for the formulation and optimization of meropenem loaded chitosan-alginate nanoparticles,https://doi.org/10.4103/PJHRD_2024281_32,Meropenem,4.01919616076785,35.9928014397121,0,0,0.0574827586206897,326.82,-27.45,,-0.307999999999998,110.18,383.47,5,3,6,0,2,3,96.1113,0.705882352941177,9,59.9880023995201,0,0,0,0,2,0,0.0180212650928095,0,1,90,1,1000,25,15,4.6
Design and Optimization of Chitosan-Alginate Nanoparticles for Plant Growth Hormone Indole-3-Acetic Acid,DOI Missing,Indole-3-acetic acid (IAA),0.0205952013180929,0.205952013180929,96.1109394844334,0.229979748052037,10.4046428571429,303,-25.9,52,1.795,53.09,175.187,2,2,1,2,0,0,49.6385,0.1,3,3.43253355301548,1,1,15,1310,2,0,0.0180212650928095,0,1,85,1,1000,25,15,4.6
Design and Optimization of Chitosan-Alginate Nanoparticles for Plant Growth Hormone Indole-3-Acetic Acid,DOI Missing,Indole-3-acetic acid (IAA),0.0308896210873147,0.205930807248764,96.1010433827567,0.229956068094454,10.4057142857143,516,-19.8,62,1.795,53.09,175.187,2,2,1,2,0,0,49.6385,0.1,3,3.43218012081274,1,1,15,1310,2,0,0.0180212650928095,0,1,85,1,1000,25,15,4.6
Design and Optimization of Chitosan-Alginate Nanoparticles for Plant Growth Hormone Indole-3-Acetic Acid,DOI Missing,Indole-3-acetic acid (IAA),0.00704779580186297,0.0704779580186297,98.6691412260816,0.0787003864541365,30.4046428571429,441,-22.6,57,1.795,53.09,175.187,2,2,1,2,0,0,49.6385,0.1,3,1.17463263364383,1,1,15,1310,2,0,0.0180212650928095,0,1,85,1,1000,25,15,4.6
Design and Optimization of Chitosan-Alginate Nanoparticles for Plant Growth Hormone Indole-3-Acetic Acid,DOI Missing,Indole-3-acetic acid (IAA),0.0105713211802293,0.0704754745348619,98.6656643488066,0.0786976132305958,30.4057142857143,541,-16.9,62,1.795,53.09,175.187,2,2,1,2,0,0,49.6385,0.1,3,1.1745912422477,1,1,15,1310,2,0,0.0180212650928095,0,1,85,1,1000,25,15,4.6
Design and Optimization of Chitosan-Alginate Nanoparticles for Plant Growth Hormone Indole-3-Acetic Acid,DOI Missing,Indole-3-acetic acid (IAA),0.0105945296911695,0.105945296911695,98.8822771175816,0.118305581551392,20.2260714285714,265,-24.2,35,1.795,53.09,175.187,2,2,1,2,0,0,49.6385,0.1,3,0.882877474264122,1,1,15,1310,2,0,0.0180212650928095,0,1,85,1,1000,25,15,4.6
Design and Optimization of Chitosan-Alginate Nanoparticles for Plant Growth Hormone Indole-3-Acetic Acid,DOI Missing,Indole-3-acetic acid (IAA),0.0158909527509005,0.105939685006003,98.8770393389364,0.11829931492337,20.2271428571429,426,-18.8,50,1.795,53.09,175.187,2,2,1,2,0,0,49.6385,0.1,3,0.88283070838336,1,1,15,1310,2,0,0.0180212650928095,0,1,85,1,1000,25,15,4.6
Design and Optimization of Chitosan-Alginate Nanoparticles for Plant Growth Hormone Indole-3-Acetic Acid,DOI Missing,Indole-3-acetic acid (IAA),0.0104107022018635,0.104107022018635,97.1665538840595,0.116252841254143,20.5832142857143,309,-21.3,66,1.795,53.09,175.187,2,2,1,2,0,0,49.6385,0.1,3,2.60267555046588,1,1,15,1310,2,0,0.0180212650928095,0,1,85,1,1000,25,15,4.6
Design and Optimization of Chitosan-Alginate Nanoparticles for Plant Growth Hormone Indole-3-Acetic Acid,DOI Missing,Indole-3-acetic acid (IAA),0.0156152404747033,0.104101603164689,97.1614962870428,0.116246790200569,20.5842857142857,470,-16.6,59,1.795,53.09,175.187,2,2,1,2,0,0,49.6385,0.1,3,2.60254007911722,1,1,15,1310,2,0,0.0180212650928095,0,1,85,1,1000,25,15,4.6
Design and Optimization of Chitosan-Alginate Nanoparticles for Plant Growth Hormone Indole-3-Acetic Acid,DOI Missing,Indole-3-acetic acid (IAA),0.0261921807609702,0.209537446087761,97.7841415076219,0.233983481464667,10.2266071428571,404,-20.6,36,1.795,53.09,175.187,2,2,1,2,0,0,49.6385,0.1,3,1.74614538406468,1,1,15,1310,2,0,0.0180212650928095,0,1,85,1,1000,25,15,4.6
Design and Optimization of Chitosan-Alginate Nanoparticles for Plant Growth Hormone Indole-3-Acetic Acid,DOI Missing,Indole-3-acetic acid (IAA),0.00886163443985609,0.0708930755188487,99.2503057263882,0.0791639343293811,30.2266071428571,478,-18.2,46,1.795,53.09,175.187,2,2,1,2,0,0,49.6385,0.1,3,0.590775629323739,1,1,15,1310,2,0,0.0180212650928095,0,1,85,1,1000,25,15,4.6
Design and Optimization of Chitosan-Alginate Nanoparticles for Plant Growth Hormone Indole-3-Acetic Acid,DOI Missing,Indole-3-acetic acid (IAA),0.0253083399416221,0.202466719532977,94.4844691153892,0.226087836811824,10.58375,424,-19.3,70,1.795,53.09,175.187,2,2,1,2,0,0,49.6385,0.1,3,5.06166798832442,1,1,15,1310,2,0,0.0180212650928095,0,1,85,1,1000,25,15,4.6
Design and Optimization of Chitosan-Alginate Nanoparticles for Plant Growth Hormone Indole-3-Acetic Acid,DOI Missing,Indole-3-acetic acid (IAA),0.00875815238017388,0.070065219041391,98.0913066579475,0.07823949459622,30.58375,524,-15.3,63,1.795,53.09,175.187,2,2,1,2,0,0,49.6385,0.1,3,1.75163047603478,1,1,15,1310,2,0,0.0180212650928095,0,1,85,1,1000,25,15,4.6
Design and Optimization of Chitosan-Alginate Nanoparticles for Plant Growth Hormone Indole-3-Acetic Acid,DOI Missing,Indole-3-acetic acid (IAA),0.0131269198120225,0.10501535849618,98.0143345964347,0.117267150320734,20.4051785714286,438,-16.1,70.1,1.795,53.09,175.187,2,2,1,2,0,0,49.6385,0.1,3,1.75025597493633,1,1,15,1310,2,0,0.0180212650928095,0,1,85,1,1000,25,15,4.6
Design and Optimization of Chitosan-Alginate Nanoparticles for Plant Growth Hormone Indole-3-Acetic Acid,DOI Missing,Indole-3-acetic acid (IAA),0.0131269198120225,0.10501535849618,98.0143345964347,0.117267150320734,20.4051785714286,421,-17.1,68,1.795,53.09,175.187,2,2,1,2,0,0,49.6385,0.1,3,1.75025597493633,1,1,15,1310,2,0,0.0180212650928095,0,1,85,1,1000,25,15,4.6
Design and Optimization of Chitosan-Alginate Nanoparticles for Plant Growth Hormone Indole-3-Acetic Acid,DOI Missing,Indole-3-acetic acid (IAA),0.0131269198120225,0.10501535849618,98.0143345964347,0.117267150320734,20.4051785714286,447,-15.8,70,1.795,53.09,175.187,2,2,1,2,0,0,49.6385,0.1,3,1.75025597493633,1,1,15,1310,2,0,0.0180212650928095,0,1,85,1,1000,25,15,4.6
Preparation of Chitosan-Alginate Nanoparticles for Trans-cinnamaldehyde Entrapment,10.1111/1750-3841.12997,Trans-cinnamaldehyde,33.3333333333333,50,0,10,0.642398286937902,648.08,,40.17,1.8987,17.07,132.162,2,0,1,1,0,0,41.54,0,1,6.66666666666667,0,0,0,0,2,0,0.0180212650928095,0,1,90,1,,25,15,4.7
Preparation of Chitosan-Alginate Nanoparticles for Trans-cinnamaldehyde Entrapment,10.1111/1750-3841.12997,Trans-cinnamaldehyde,33.3333333333333,50,0,10,0.642398286937902,375.29,,57.6,1.8987,17.07,132.162,2,0,1,1,0,0,41.54,0,1,6.66666666666667,0,0,0,0,2,0,0.0180212650928095,0,1,90,1,,25,15,4.7
Preparation of Chitosan-Alginate Nanoparticles for Trans-cinnamaldehyde Entrapment,10.1111/1750-3841.12997,Trans-cinnamaldehyde,33.3333333333333,50,0,10,0.642398286937902,294.78,,60.61,1.8987,17.07,132.162,2,0,1,1,0,0,41.54,0,1,6.66666666666667,0,0,0,0,2,0,0.0180212650928095,0,1,90,1,,25,15,4.7
Preparation of Chitosan-Alginate Nanoparticles for Trans-cinnamaldehyde Entrapment,10.1111/1750-3841.12997,Trans-cinnamaldehyde,33.3333333333333,50,0,10,0.642398286937902,303.93,,65.58,1.8987,17.07,132.162,2,0,1,1,0,0,41.54,0,1,6.66666666666667,0,0,0,0,2,0,0.0180212650928095,0,1,90,1,,25,15,4.7
Preparation of Chitosan-Alginate Nanoparticles for Trans-cinnamaldehyde Entrapment,10.1111/1750-3841.12997,Trans-cinnamaldehyde,33.3333333333333,50,0,10,0.642398286937902,213.01,,65.18,1.8987,17.07,132.162,2,0,1,1,0,0,41.54,0,1,6.66666666666667,0,0,0,0,2,0,0.0180212650928095,0,1,90,1,,25,15,4.7
Preparation of Chitosan-Alginate Nanoparticles for Trans-cinnamaldehyde Entrapment,10.1111/1750-3841.12997,Trans-cinnamaldehyde,33.3333333333333,50,0,10,0.642398286937902,263.23,,60.48,1.8987,17.07,132.162,2,0,1,1,0,0,41.54,0,1,6.66666666666667,0,0,0,0,2,0,0.0180212650928095,0,1,90,1,,25,15,4.7
Preparation of Chitosan-Alginate Nanoparticles for Trans-cinnamaldehyde Entrapment,10.1111/1750-3841.12997,Trans-cinnamaldehyde,33.3333333333333,50,0,10,0.642398286937902,401.53,,58.58,1.8987,17.07,132.162,2,0,1,1,0,0,41.54,0,1,6.66666666666667,0,0,0,0,2,0,0.0180212650928095,0,1,90,1,,25,15,4.7
Preparation of Chitosan-Alginate Nanoparticles for Trans-cinnamaldehyde Entrapment,10.1111/1750-3841.12997,Trans-cinnamaldehyde,33.3333333333333,50,0,10,0.642398286937902,384.41,,60.16,1.8987,17.07,132.162,2,0,1,1,0,0,41.54,0,1,6.66666666666667,0,0,0,0,2,0,0.0180212650928095,0,1,90,1,,25,15,4.7
Preparation of Chitosan-Alginate Nanoparticles for Trans-cinnamaldehyde Entrapment,10.1111/1750-3841.12997,Trans-cinnamaldehyde,33.3333333333333,50,0,10,0.642398286937902,406.12,,48.03,1.8987,17.07,132.162,2,0,1,1,0,0,41.54,0,1,6.66666666666667,0,0,0,0,2,0,0.0180212650928095,0,1,90,1,,25,15,4.7
Preparation of Chitosan-Alginate Nanoparticles for Trans-cinnamaldehyde Entrapment,10.1111/1750-3841.12997,Trans-cinnamaldehyde,33.3333333333333,50,0,10,0.642398286937902,310.56,,57.62,1.8987,17.07,132.162,2,0,1,1,0,0,41.54,0,1,6.66666666666667,0,0,0,0,2,0,0.0180212650928095,0,1,90,1,,25,15,4.7
Preparation of Chitosan-Alginate Nanoparticles for Trans-cinnamaldehyde Entrapment,10.1111/1750-3841.12997,Trans-cinnamaldehyde,33.3333333333333,50,0,10,0.642398286937902,166.26,,73.24,1.8987,17.07,132.162,2,0,1,1,0,0,41.54,0,1,6.66666666666667,0,0,0,0,2,0,0.0180212650928095,0,1,90,1,,25,15,4.7
Metformin and curcumin co-encapsulated chitosan/alginate nanoparticles as effective oral carriers against pain-like behaviors in mice,10.1016/j.ijpharm.2023.123037,Metformin + Curcumin,0.0291502696399942,0.291502696399942,97.1675654666473,0.325511344313268,4.1166,321,25.4,26.7,0.294080000000001,92.0133333333333,208.906333333333,2.66666666666667,2.66666666666667,2.66666666666667,0.666666666666667,0,0,58.8212,0.380952380952381,5.33333333333333,2.18627022299956,0,1,22,12600,2,0,0.0180212650928095,0,1,85,1,1000,25,,
Metformin and curcumin co-encapsulated chitosan/alginate nanoparticles as effective oral carriers against pain-like behaviors in mice,10.1016/j.ijpharm.2023.123037,Metformin + Curcumin,0.00990376838387007,0.0990376838387006,99.0376838387006,0.110592080286549,12.1166,306,19.9,25.3,0.294080000000001,92.0133333333333,208.906333333333,2.66666666666667,2.66666666666667,2.66666666666667,0.666666666666667,0,0,58.8212,0.380952380952381,5.33333333333333,0.742782628790255,0,1,22,12600,2,0,0.0180212650928095,0,1,85,1,1000,25,,
Metformin and curcumin co-encapsulated chitosan/alginate nanoparticles as effective oral carriers against pain-like behaviors in mice,10.1016/j.ijpharm.2023.123037,Metformin + Curcumin,0.0283245999150262,0.283245999150262,94.4153330500873,0.316291365717793,4.2366,348,27.5,36.8,-0.584725714285713,91.7142857142857,163.341,1.14285714285714,2.85714285714286,1.71428571428571,0.285714285714286,0,0,46.4796571428571,0.448979591836735,5.14285714285714,4.95680498512959,0,1,22,12600,2,0,0.0180212650928095,0,1,85,1,1000,25,,
Metformin and curcumin co-encapsulated chitosan/alginate nanoparticles as effective oral carriers against pain-like behaviors in mice,10.1016/j.ijpharm.2023.123037,Metformin + Curcumin,0.00980664563685991,0.0980664563685991,98.0664563685991,0.109507542944936,12.2366,315,20.4,32.1,-0.584725714285713,91.7142857142857,163.341,1.14285714285714,2.85714285714286,1.71428571428571,0.285714285714286,0,0,46.4796571428571,0.448979591836735,5.14285714285714,1.71616298645048,0,1,22,12600,2,0,0.0180212650928095,0,1,85,1,1000,25,,
Metformin and curcumin co-encapsulated chitosan/alginate nanoparticles as effective oral carriers against pain-like behaviors in mice,10.1016/j.ijpharm.2023.123037,Metformin + Curcumin,0.014367816091954,0.28735632183908,95.7854406130268,0.32088122605364,4.176,261,26.8,30.7,-0.321083999999999,91.804,177.0106,1.6,2.8,2,0.4,0,0,50.18212,0.428571428571429,5.2,3.59195402298851,0,1,22,12600,2,0,0.0180212650928095,0,1,85,1,1000,25,,
Metformin and curcumin co-encapsulated chitosan/alginate nanoparticles as effective oral carriers against pain-like behaviors in mice,10.1016/j.ijpharm.2023.123037,Metformin + Curcumin,0.00492772667542707,0.0985545335085414,98.5545335085414,0.110052562417871,12.176,257,21.4,32.7,-0.321083999999999,91.804,177.0106,1.6,2.8,2,0.4,0,0,50.18212,0.428571428571429,5.2,1.23193166885677,0,1,22,12600,2,0,0.0180212650928095,0,1,85,1,1000,25,,
Metformin and curcumin co-encapsulated chitosan/alginate nanoparticles as effective oral carriers against pain-like behaviors in mice,10.1016/j.ijpharm.2023.123037,Metformin + Curcumin,0.0430910657856938,0.287273771904625,95.7579239682084,0.320789045293498,4.1772,423,22.9,35.7,-0.321083999999999,91.804,177.0106,1.6,2.8,2,0.4,0,0,50.18212,0.428571428571429,5.2,3.59092214880781,0,1,22,12600,2,0,0.0180212650928095,0,1,85,1,1000,25,,
Metformin and curcumin co-encapsulated chitosan/alginate nanoparticles as effective oral carriers against pain-like behaviors in mice,10.1016/j.ijpharm.2023.123037,Metformin + Curcumin,0.0147817232204448,0.0985448214696318,98.5448214696318,0.110041717307755,12.1772,384,17.1,35.4,-0.321083999999999,91.804,177.0106,1.6,2.8,2,0.4,0,0,50.18212,0.428571428571429,5.2,1.2318102683704,0,1,22,12600,2,0,0.0180212650928095,0,1,85,1,1000,25,,
Metformin and curcumin co-encapsulated chitosan/alginate nanoparticles as effective oral carriers against pain-like behaviors in mice,10.1016/j.ijpharm.2023.123037,Metformin + Curcumin,0.00739280433711188,0.147856086742238,98.570724494825,0.165105963528832,8.116,236,23.9,28.6,0.294080000000001,92.0133333333333,208.906333333333,2.66666666666667,2.66666666666667,2.66666666666667,0.666666666666667,0,0,58.8212,0.380952380952381,5.33333333333333,1.10892065056678,0,1,22,12600,2,0,0.0180212650928095,0,1,85,1,1000,25,,
Metformin and curcumin co-encapsulated chitosan/alginate nanoparticles as effective oral carriers against pain-like behaviors in mice,10.1016/j.ijpharm.2023.123037,Metformin + Curcumin,0.00728508984944148,0.14570179698883,97.1345313258864,0.16270033997086,8.236,244,23.5,44.2,-0.584725714285713,91.7142857142857,163.341,1.14285714285714,2.85714285714286,1.71428571428571,0.285714285714286,0,0,46.4796571428571,0.448979591836735,5.14285714285714,2.54978144730452,0,1,22,12600,2,0,0.0180212650928095,0,1,85,1,1000,25,,
Metformin and curcumin co-encapsulated chitosan/alginate nanoparticles as effective oral carriers against pain-like behaviors in mice,10.1016/j.ijpharm.2023.123037,Metformin + Curcumin,0.0221751342827576,0.147834228551717,98.5561523678116,0.165081555216084,8.1172,350,16.3,40.1,0.294080000000001,92.0133333333333,208.906333333333,2.66666666666667,2.66666666666667,2.66666666666667,0.666666666666667,0,0,58.8212,0.380952380952381,5.33333333333333,1.10875671413788,0,1,22,12600,2,0,0.0180212650928095,0,1,85,1,1000,25,,
Metformin and curcumin co-encapsulated chitosan/alginate nanoparticles as effective oral carriers against pain-like behaviors in mice,10.1016/j.ijpharm.2023.123037,Metformin + Curcumin,0.0218520856601758,0.145680571067839,97.1203807118924,0.16267663769242,8.2372,399,20.1,43.5,-0.584725714285713,91.7142857142857,163.341,1.14285714285714,2.85714285714286,1.71428571428571,0.285714285714286,0,0,46.4796571428571,0.448979591836735,5.14285714285714,2.54940999368718,0,1,22,12600,2,0,0.0180212650928095,0,1,85,1,1000,25,,
Metformin and curcumin co-encapsulated chitosan/alginate nanoparticles as effective oral carriers against pain-like behaviors in mice,10.1016/j.ijpharm.2023.123037,Metformin + Curcumin,0.0146760267103686,0.146760267103686,97.8401780691241,0.163882298265783,8.1766,340,23.4,31.5,-0.321083999999999,91.804,177.0106,1.6,2.8,2,0.4,0,0,50.18212,0.428571428571429,5.2,1.83450333879608,0,1,22,12600,2,0,0.0180212650928095,0,1,85,1,1000,25,,
Metformin and curcumin co-encapsulated chitosan/alginate nanoparticles as effective oral carriers against pain-like behaviors in mice,10.1016/j.ijpharm.2023.123037,Metformin + Curcumin,0.0146760267103686,0.146760267103686,97.8401780691241,0.163882298265783,8.1766,335,22.6,32.9,-0.321083999999999,91.804,177.0106,1.6,2.8,2,0.4,0,0,50.18212,0.428571428571429,5.2,1.83450333879608,0,1,22,12600,2,0,0.0180212650928095,0,1,85,1,1000,25,,
Metformin and curcumin co-encapsulated chitosan/alginate nanoparticles as effective oral carriers against pain-like behaviors in mice,10.1016/j.ijpharm.2023.123037,Metformin + Curcumin,0.0146760267103686,0.146760267103686,97.8401780691241,0.163882298265783,8.1766,318,22,32.6,-0.321083999999999,91.804,177.0106,1.6,2.8,2,0.4,0,0,50.18212,0.428571428571429,5.2,1.83450333879608,0,1,22,12600,2,0,0.0180212650928095,0,1,85,1,1000,25,,
Metformin and curcumin co-encapsulated chitosan/alginate nanoparticles as effective oral carriers against pain-like behaviors in mice,10.1016/j.ijpharm.2023.123037,Metformin + Curcumin,0.00631964778496345,0.126392955699269,98.1651955930989,0.14113880053085,9.4942,243,21.6,32.6,-0.309876558704452,91.8078137651822,177.591696356275,1.61943319838057,2.79757085020243,2.01214574898785,0.404858299595142,0,0,50.339512145749,0.427703875072296,5.20242914979757,1.56095300288597,0,1,22,12600,2,0,0.0180212650928095,0,1,85,1,1000,25,,
