"API Name","Chitosan Mass Fraction (%)","Alginate Mass Fraction (%)","Surfactant Mass Fraction (%)","Crosslinker Mass Fraction (%)","Total Solid Concentration (mg/mL)","Particle Size (nm)","Zeta Potential (mV)","Encapsulation Efficiency (%)","Effective SLogP","Effective TPSA","Effective AMW","Effective NumRotBonds","Effective NumHBD","Effective NumHBA","Effective NumAromaticRings","Effective NumSaturatedRings","Effective NumAliphaticRings","Effective MolMR","Effective FractionCSP3","Effective NumHeteroatoms","Total API Mass Fraction (%)","Emulsion_Solvent_Evaporation","Contains_Surfactant","Surfactant_HLB","Surfactant_MW","Crosslinker_Cationic_Valency","Crosslinker_Anic_Valency","Crosslinker_Cationic_Charge_Density","Crosslinker_Anic_Charge_Density","Contains_Crosslinker","Chitosan_DDA_Pct","Chitosan_MW_Grade_Encoded","Stirring_Speed_RPM","Temperature_C","Sonication_Time_min","pH_Standardized"
"Curcumin diglutaric acid",0.03413979106447869,0.2731183285158295,99.00539408698819,0.23215057923845506,7.575344827586207,226,-28.5,67.8,4.762000000000004,182.95999999999998,596.5850000000004,17,3,10,2,0,0,154.01839999999976,0.25806451612903225,12,0.45519721419304915,1,1,22,12600,2,0,0.018021265092809515,0,1,84.3,1,1000,25,15,4.6
"Curcumin diglutaric acid",0.10234948938976961,0.2729319717060523,98.93783974344396,0.23199217595014443,7.58051724137931,390,-19.2,39.2,4.762000000000004,182.95999999999998,596.5850000000004,17,3,10,2,0,0,154.01839999999976,0.25806451612903225,12,0.45488661951008713,1,1,22,12600,2,0,0.018021265092809515,0,1,84.3,1,1000,25,15,4.6
"Curcumin diglutaric acid",0.0335292934260232,0.2682343474081856,97.2349509354673,0.22799919529695778,7.713275862068966,316,-28.5,31.2,4.762000000000004,182.95999999999998,596.5850000000004,17,3,10,2,0,0,154.01839999999976,0.25806451612903225,12,2.235286228401547,1,1,22,12600,2,0,0.018021265092809515,0,1,84.3,1,1000,25,15,4.6
"Curcumin diglutaric acid",0.10052047266960039,0.26805459378560104,97.16979024728037,0.22784640471776085,7.718448275862068,536,-18.4,28.2,4.762000000000004,182.95999999999998,596.5850000000004,17,3,10,2,0,0,154.01839999999976,0.25806451612903225,12,2.2337882815466754,1,1,22,12600,2,0,0.018021265092809515,0,1,84.3,1,1000,25,15,4.6
"Curcumin diglutaric acid",0.05027315078593692,0.4021852062874954,97.19475818614471,0.3418574253443711,5.144310344827586,212,-29.2,66.8,4.762000000000004,182.95999999999998,596.5850000000004,17,3,10,2,0,0,154.01839999999976,0.25806451612903225,12,2.010926031437477,1,1,22,12600,2,0,0.018021265092809515,0,1,84.3,1,1000,25,15,4.6
"Curcumin diglutaric acid",0.15066796129507487,0.40178123012019956,97.09713061238158,0.3415140456021697,5.149482758620689,356,-19.7,43.1,4.762000000000004,182.95999999999998,596.5850000000004,17,3,10,2,0,0,154.01839999999976,0.25806451612903225,12,2.008906150600998,1,1,22,12600,2,0,0.018021265092809515,0,1,84.3,1,1000,25,15,4.6
"Curcumin diglutaric acid",0.025494161836939342,0.20395329469551474,98.57742576949879,0.17336030049118753,10.144310344827586,326,-28.8,42.2,4.762000000000004,182.95999999999998,596.5850000000004,17,3,10,2,0,0,154.01839999999976,0.25806451612903225,12,1.0197664734775735,1,1,22,12600,2,0,0.018021265092809515,0,1,84.3,1,1000,25,15,4.6
"Curcumin diglutaric acid",0.07644350824740517,0.20384935532641377,98.52718840776666,0.17327195202745171,10.149482758620689,552,-17.2,31.6,4.762000000000004,182.95999999999998,596.5850000000004,17,3,10,2,0,0,154.01839999999976,0.25806451612903225,12,1.019246776632069,1,1,22,12600,2,0,0.018021265092809515,0,1,84.3,1,1000,25,15,4.6
"Curcumin diglutaric acid",0.10186065462447372,0.40744261849789487,98.4652994703246,0.34632622572321065,5.077931034482758,257,-25.6,75.7,4.762000000000004,182.95999999999998,596.5850000000004,17,3,10,2,0,0,154.01839999999976,0.25806451612903225,12,0.6790710308298248,1,1,22,12600,2,0,0.018021265092809515,0,1,84.3,1,1000,25,15,4.6
"Curcumin diglutaric acid",0.09916699722332409,0.39666798889329635,95.86143064921329,0.3371677905593019,5.215862068965517,345,-22.1,55.7,4.762000000000004,182.95999999999998,596.5850000000004,17,3,10,2,0,0,154.01839999999976,0.25806451612903225,12,3.3055665741108027,1,1,22,12600,2,0,0.018021265092809515,0,1,84.3,1,1000,25,15,4.6
"Curcumin diglutaric acid",0.05132416341613632,0.20529665366454528,99.22671593786355,0.17450215561486349,10.077931034482758,372,-21.5,58.7,4.762000000000004,182.95999999999998,596.5850000000004,17,3,10,2,0,0,154.01839999999976,0.25806451612903225,12,0.3421610894409088,1,1,22,12600,2,0,0.018021265092809515,0,1,84.3,1,1000,25,15,4.6
"Curcumin diglutaric acid",0.050631202322284484,0.20252480928913794,97.88699115641667,0.17214608789576724,10.215862068965517,518,-23.5,28.3,4.762000000000004,182.95999999999998,596.5850000000004,17,3,10,2,0,0,154.01839999999976,0.25806451612903225,12,1.6877067440761493,1,1,22,12600,2,0,0.018021265092809515,0,1,84.3,1,1000,25,15,4.6
"Curcumin diglutaric acid",0.06764069264069264,0.27056277056277056,98.07900432900433,0.229978354978355,7.646896551724137,335,-26.4,75.7,4.762000000000004,182.95999999999998,596.5850000000004,17,3,10,2,0,0,154.01839999999976,0.25806451612903225,12,1.3528138528138527,1,1,22,12600,2,0,0.018021265092809515,0,1,84.3,1,1000,25,15,4.6
"Curcumin diglutaric acid",0.06764069264069264,0.27056277056277056,98.07900432900433,0.229978354978355,7.646896551724137,339,-26.7,78.2,4.762000000000004,182.95999999999998,596.5850000000004,17,3,10,2,0,0,154.01839999999976,0.25806451612903225,12,1.3528138528138527,1,1,22,12600,2,0,0.018021265092809515,0,1,84.3,1,1000,25,15,4.6
"Curcumin diglutaric acid",0.06764069264069264,0.27056277056277056,98.07900432900433,0.229978354978355,7.646896551724137,334,-25.8,77.8,4.762000000000004,182.95999999999998,596.5850000000004,17,3,10,2,0,0,154.01839999999976,0.25806451612903225,12,1.3528138528138527,1,1,22,12600,2,0,0.018021265092809515,0,1,84.3,1,1000,25,15,4.6
"Curcumin diglutaric acid",0.08041278563291564,0.40206392816457814,97.16544930643974,0.3417543389398915,5.145862068965517,233,-28.4,76.6,4.762000000000004,182.95999999999998,596.5850000000004,17,3,10,2,0,0,154.01839999999976,0.25806451612903225,12,2.0103196408228907,1,1,22,12600,2,0,0.018021265092809515,0,1,84.3,1,1000,25,15,4.6
"Curcumin diethyl disuccinate (CDD)",0.020366598778004074,0.4073319755600815,98.43856076035303,0.4548540393754244,5.079310344827586,279,-27.8,38.71,3.7261000000000024,157.79999999999998,598.6010000000002,17,0,12,1,0,1,151.3779999999998,0.3548387096774194,12,0.6788866259334692,1,1,22,12600,2,0,0.018021265092809515,0,1,85,1,1000,25,15,4.6
"Curcumin diethyl disuccinate (CDD)",0.06107491856677525,0.40716612377850164,98.3984799131379,0.4546688382193269,5.081379310344827,434,-19.8,17.08,3.7261000000000024,157.79999999999998,598.6010000000002,17,0,12,1,0,1,151.3779999999998,0.3548387096774194,12,0.6786102062975028,1,1,22,12600,2,0,0.018021265092809515,0,1,85,1,1000,25,15,4.6
"Curcumin diethyl disuccinate (CDD)",0.00686027898467871,0.13720557969357422,99.4740452778413,0.1532128973244912,15.079310344827586,308,-17.5,25.42,3.7261000000000024,157.79999999999998,598.6010000000002,17,0,12,1,0,1,151.3779999999998,0.3548387096774194,12,0.22867596615595698,1,1,22,12600,2,0,0.018021265092809515,0,1,85,1,1000,25,15,4.6
"Curcumin diethyl disuccinate (CDD)",0.020578013535760012,0.13718675690506676,99.46039875617339,0.15319187854399122,15.081379310344827,645,-12.4,13.64,3.7261000000000024,157.79999999999998,598.6010000000002,17,0,12,1,0,1,151.3779999999998,0.3548387096774194,12,0.22864459484177793,1,1,22,12600,2,0,0.018021265092809515,0,1,85,1,1000,25,15,4.6
"Curcumin diethyl disuccinate (CDD)",0.01028101439342015,0.205620287868403,99.38313913639479,0.22960932145305005,10.062068965517241,285,-24.9,24.52,3.7261000000000024,157.79999999999998,598.6010000000002,17,0,12,1,0,1,151.3779999999998,0.3548387096774194,12,0.17135023989033585,1,1,22,12600,2,0,0.018021265092809515,0,1,85,1,1000,25,15,4.6
"Curcumin diethyl disuccinate (CDD)",0.030836702528609608,0.20557801685739735,99.36270814774207,0.22956211882409375,10.064137931034484,558,-16.5,19.09,3.7261000000000024,157.79999999999998,598.6010000000002,17,0,12,1,0,1,151.3779999999998,0.3548387096774194,12,0.17131501404783114,1,1,22,12600,2,0,0.018021265092809515,0,1,85,1,1000,25,15,4.6
"Curcumin diethyl disuccinate (CDD)",0.010245901639344262,0.20491803278688522,99.04371584699453,0.22882513661202186,10.096551724137932,340,-23.2,39.97,3.7261000000000024,157.79999999999998,598.6010000000002,17,0,12,1,0,1,151.3779999999998,0.3548387096774194,12,0.5122950819672131,1,1,22,12600,2,0,0.018021265092809515,0,1,85,1,1000,25,15,4.6
"Curcumin diethyl disuccinate (CDD)",0.030731407498463426,0.2048760499897562,99.0234241617155,0.2287782558218944,10.098620689655172,585,-17.1,16.55,3.7261000000000024,157.79999999999998,598.6010000000002,17,0,12,1,0,1,151.3779999999998,0.3548387096774194,12,0.5121901249743905,1,1,22,12600,2,0,0.018021265092809515,0,1,85,1,1000,25,15,4.6
"Curcumin diethyl disuccinate (CDD)",0.040863583736293674,0.4086358373629368,98.75366069604306,0.45631001838861274,5.063103448275862,427,-25.7,35.16,3.7261000000000024,157.79999999999998,598.6010000000002,17,0,12,1,0,1,151.3779999999998,0.3548387096774194,12,0.340529864469114,1,1,22,12600,2,0,0.018021265092809515,0,1,85,1,1000,25,15,4.6
"Curcumin diethyl disuccinate (CDD)",0.013735320376347776,0.13735320376347776,99.58107272852138,0.15337774420255018,15.063103448275864,615,-13.4,23.38,3.7261000000000024,157.79999999999998,598.6010000000002,17,0,12,1,0,1,151.3779999999998,0.3548387096774194,12,0.11446100313623148,1,1,22,12600,2,0,0.018021265092809515,0,1,85,1,1000,25,15,4.6
"Curcumin diethyl disuccinate (CDD)",0.04058716092809308,0.40587160928093086,98.08563890955828,0.4532232970303728,5.097586206896551,482,-20.8,40.12,3.7261000000000024,157.79999999999998,598.6010000000002,17,0,12,1,0,1,151.3779999999998,0.3548387096774194,12,1.014679023202327,1,1,22,12600,2,0,0.018021265092809515,0,1,85,1,1000,25,15,4.6
"Curcumin diethyl disuccinate (CDD)",0.01370394902130964,0.1370394902130964,99.35363040449488,0.15302743073795766,15.097586206896553,607,-17.2,37.37,3.7261000000000024,157.79999999999998,598.6010000000002,17,0,12,1,0,1,151.3779999999998,0.3548387096774194,12,0.342598725532741,1,1,22,12600,2,0,0.018021265092809515,0,1,85,1,1000,25,15,4.6
"Curcumin diethyl disuccinate (CDD)",0.02052474942701741,0.20524749427017408,99.20295556391747,0.22919303526836107,10.080344827586208,505,-21,45.11,3.7261000000000024,157.79999999999998,598.6010000000002,17,0,12,1,0,1,151.3779999999998,0.3548387096774194,12,0.3420791571169568,1,1,22,12600,2,0,0.018021265092809515,0,1,85,1,1000,25,15,4.6
"Curcumin diethyl disuccinate (CDD)",0.02052474942701741,0.20524749427017408,99.20295556391747,0.22919303526836107,10.080344827586208,529,-20.6,43.44,3.7261000000000024,157.79999999999998,598.6010000000002,17,0,12,1,0,1,151.3779999999998,0.3548387096774194,12,0.3420791571169568,1,1,22,12600,2,0,0.018021265092809515,0,1,85,1,1000,25,15,4.6
"Curcumin diethyl disuccinate (CDD)",0.02052474942701741,0.20524749427017408,99.20295556391747,0.22919303526836107,10.080344827586208,519,-22.3,44.31,3.7261000000000024,157.79999999999998,598.6010000000002,17,0,12,1,0,1,151.3779999999998,0.3548387096774194,12,0.3420791571169568,1,1,22,12600,2,0,0.018021265092809515,0,1,85,1,1000,25,15,4.6
"Curcumin diethyl disuccinate (CDD)",0.015682174594877158,0.31364349189754315,98.53633037114481,0.3502352326189232,6.596551724137931,324,-25.24,44.24,3.7261000000000024,157.79999999999998,598.6010000000002,17,0,12,1,0,1,151.3779999999998,0.3548387096774194,12,0.7841087297438579,1,1,22,12600,2,0,0.018021265092809515,0,1,85,1,1000,25,15,4.6
"Simvastatin",28.901734104046245,34.68208092485549,35.83815028901734,0,7.863636363636363,109,,66,4.585600000000006,72.83000000000001,418.5740000000003,6,1,5,0,1,3,115.45480000000008,0.76,5,0.5780346820809248,0,1,15,1310,0,0,0,0,0,75,2,,60,,4.8
"Simvastatin",32.92181069958848,41.1522633744856,25.514403292181072,0,11.045454545454545,296,,79,4.585600000000006,72.83000000000001,418.5740000000003,6,1,5,0,1,3,115.45480000000008,0.76,5,0.411522633744856,0,1,15,1310,0,0,0,0,0,75,2,,60,,4.8
"Simvastatin",49.079754601226995,12.269938650306749,38.036809815950924,0,7.409090909090909,110,,41,4.585600000000006,72.83000000000001,418.5740000000003,6,1,5,0,1,3,115.45480000000008,0.76,5,0.6134969325153374,0,1,15,1310,0,0,0,0,0,75,2,,60,,4.8
"Simvastatin",42.90393377970388,27.85173961965664,28.780130940311864,0,9.792109090909092,219,,56,4.585600000000006,72.83000000000001,418.5740000000003,6,1,5,0,1,3,115.45480000000008,0.76,5,0.4641956603276107,0,1,15,1310,0,0,0,0,0,75,2,,60,,4.8
"Simvastatin",10.92896174863388,54.644808743169406,33.87978142076503,0,8.318181818181818,309,,87,4.585600000000006,72.83000000000001,418.5740000000003,6,1,5,0,1,3,115.45480000000008,0.76,5,0.546448087431694,0,1,15,1310,0,0,0,0,0,75,2,,60,,4.8
"Simvastatin",28.901734104046245,34.68208092485549,35.83815028901734,0,7.863636363636363,118,,71,4.585600000000006,72.83000000000001,418.5740000000003,6,1,5,0,1,3,115.45480000000008,0.76,5,0.5780346820809248,0,1,15,1310,0,0,0,0,0,75,2,,60,,4.8
"Simvastatin",28.901734104046245,34.68208092485549,35.83815028901734,0,7.863636363636363,132,,67,4.585600000000006,72.83000000000001,418.5740000000003,6,1,5,0,1,3,115.45480000000008,0.76,5,0.5780346820809248,0,1,15,1310,0,0,0,0,0,75,2,,60,,4.8
"Simvastatin",42.943719850287884,2.947193138349377,53.250212614356975,0,5.292339090909092,206,,37,4.585600000000006,72.83000000000001,418.5740000000003,6,1,5,0,1,3,115.45480000000008,0.76,5,0.8588743970057575,0,1,15,1310,0,0,0,0,0,75,2,,60,,4.8
"Simvastatin",28.901734104046245,34.68208092485549,35.83815028901734,0,7.863636363636363,127,,78,4.585600000000006,72.83000000000001,418.5740000000003,6,1,5,0,1,3,115.45480000000008,0.76,5,0.5780346820809248,0,1,15,1310,0,0,0,0,0,75,2,,60,,4.8
"Simvastatin",5.800253650048709,45.95109578046405,47.48279897314618,0,5.935163636363636,307,,60,4.585600000000006,72.83000000000001,418.5740000000003,6,1,5,0,1,3,115.45480000000008,0.76,5,0.7658515963410675,0,1,15,1310,0,0,0,0,0,75,2,,60,,4.8
"Simvastatin",21.779982105566706,50.77724044141926,27.007177810902718,0,10.434936363636362,351,,91,4.585600000000006,72.83000000000001,418.5740000000003,6,1,5,0,1,3,115.45480000000008,0.76,5,0.4355996421113341,0,1,15,1310,0,0,0,0,0,75,2,,60,,4.8
"Simvastatin",19.41747572815534,19.41747572815534,60.19417475728155,0,4.681818181818182,209,,46,4.585600000000006,72.83000000000001,418.5740000000003,6,1,5,0,1,3,115.45480000000008,0.76,5,0.9708737864077669,0,1,15,1310,0,0,0,0,0,75,2,,60,,4.8
"Simvastatin",28.901734104046245,34.68208092485549,35.83815028901734,0,7.863636363636363,128,,70,4.585600000000006,72.83000000000001,418.5740000000003,6,1,5,0,1,3,115.45480000000008,0.76,5,0.5780346820809248,0,1,15,1310,0,0,0,0,0,75,2,,60,,4.8
"Simvastatin",27.861771058315334,38.120950323974085,33.477321814254864,0,8.418181818181818,143.23,36.2,74.72,4.585600000000006,72.83000000000001,418.5740000000003,6,1,5,0,1,3,115.45480000000008,0.76,5,0.5399568034557235,0,1,15,1310,0,0,0,0,0,75,2,,60,,4.8
"Gatifloxacin",11.627906976744185,23.25581395348837,58.139534883720934,0,8.6,205,27.3,77.67,1.9803999999999997,83.8,375.40000000000015,4,2,6,2,2,2,99.62600000000006,0.47368421052631576,8,6.976744186046512,0,1,22,12600,0,0,0,0,0,80,1,1000,25,,5.5
"Gatifloxacin",28.30188679245283,18.867924528301888,47.16981132075472,0,10.6,468,47.8,61.31,1.9803999999999997,83.8,375.40000000000015,4,2,6,2,2,2,99.62600000000006,0.47368421052631576,8,5.660377358490567,0,1,22,12600,0,0,0,0,0,80,1,1000,25,,5.5
"Gatifloxacin",7.936507936507936,47.61904761904761,39.682539682539684,0,12.6,273,17.6,71.82,1.9803999999999997,83.8,375.40000000000015,4,2,6,2,2,2,99.62600000000006,0.47368421052631576,8,4.761904761904762,0,1,22,12600,0,0,0,0,0,80,1,1000,25,,5.5
"Gatifloxacin",20.54794520547945,41.0958904109589,34.24657534246575,0,14.6,572,38.1,68.51,1.9803999999999997,83.8,375.40000000000015,4,2,6,2,2,2,99.62600000000006,0.47368421052631576,8,4.10958904109589,0,1,22,12600,0,0,0,0,0,80,1,1000,25,,5.5
"Gatifloxacin",9.900990099009901,39.603960396039604,49.504950495049506,0,10.1,243,21.9,74.53,1.9803999999999997,83.8,375.40000000000015,4,2,6,2,2,2,99.62600000000006,0.47368421052631576,8,0.9900990099009901,0,1,22,12600,0,0,0,0,0,80,1,1000,25,,5.5
"Gatifloxacin",24.793388429752067,33.057851239669425,41.32231404958678,0,12.1,483,42.2,63.29,1.9803999999999997,83.8,375.40000000000015,4,2,6,2,2,2,99.62600000000006,0.47368421052631576,8,0.8264462809917356,0,1,22,12600,0,0,0,0,0,80,1,1000,25,,5.5
"Gatifloxacin",9.090909090909092,36.36363636363637,45.45454545454545,0,11,261,20.5,76.84,1.9803999999999997,83.8,375.40000000000015,4,2,6,2,2,2,99.62600000000006,0.47368421052631576,8,9.090909090909092,0,1,22,12600,0,0,0,0,0,80,1,1000,25,,5.5
"Gatifloxacin",23.076923076923077,30.76923076923077,38.46153846153847,0,13,528,42.3,67.08,1.9803999999999997,83.8,375.40000000000015,4,2,6,2,2,2,99.62600000000006,0.47368421052631576,8,7.6923076923076925,0,1,22,12600,0,0,0,0,0,80,1,1000,25,,5.5
"Gatifloxacin",21.978021978021978,21.978021978021978,54.94505494505495,0,9.1,338,39.6,62.54,1.9803999999999997,83.8,375.40000000000015,4,2,6,2,2,2,99.62600000000006,0.47368421052631576,8,1.098901098901099,0,1,22,12600,0,0,0,0,0,80,1,1000,25,,5.5
"Gatifloxacin",15.267175572519085,45.80152671755725,38.16793893129771,0,13.1,389,30.2,66.91,1.9803999999999997,83.8,375.40000000000015,4,2,6,2,2,2,99.62600000000006,0.47368421052631576,8,0.7633587786259541,0,1,22,12600,0,0,0,0,0,80,1,1000,25,,5.5
"Gatifloxacin",20,20,50,0,10,391,37.8,64.43,1.9803999999999997,83.8,375.40000000000015,4,2,6,2,2,2,99.62600000000006,0.47368421052631576,8,10,0,1,22,12600,0,0,0,0,0,80,1,1000,25,,5.5
"Gatifloxacin",14.285714285714285,42.857142857142854,35.714285714285715,0,14,409,30.8,68.22,1.9803999999999997,83.8,375.40000000000015,4,2,6,2,2,2,99.62600000000006,0.47368421052631576,8,7.142857142857142,0,1,22,12600,0,0,0,0,0,80,1,1000,25,,5.5
"Gatifloxacin",17.24137931034483,34.48275862068966,43.103448275862064,0,11.6,317,34.7,81.48,1.9803999999999997,83.8,375.40000000000015,4,2,6,2,2,2,99.62600000000006,0.47368421052631576,8,5.172413793103448,0,1,22,12600,0,0,0,0,0,80,1,1000,25,,5.5
"Gatifloxacin",17.24137931034483,34.48275862068966,43.103448275862064,0,11.6,298,33.1,77.67,1.9803999999999997,83.8,375.40000000000015,4,2,6,2,2,2,99.62600000000006,0.47368421052631576,8,5.172413793103448,0,1,22,12600,0,0,0,0,0,80,1,1000,25,,5.5
"Gatifloxacin",17.24137931034483,34.48275862068966,43.103448275862064,0,11.6,317,35.5,82.56,1.9803999999999997,83.8,375.40000000000015,4,2,6,2,2,2,99.62600000000006,0.47368421052631576,8,5.172413793103448,0,1,22,12600,0,0,0,0,0,80,1,1000,25,,5.5
"Gatifloxacin",19.130434782608695,33.04347826086956,43.47826086956522,0,11.5,347,38.6,79.63,1.9803999999999997,83.8,375.40000000000015,4,2,6,2,2,2,99.62600000000006,0.47368421052631576,8,4.3478260869565215,0,1,22,12600,0,0,0,0,0,80,1,1000,25,,5.5
"Gatifloxacin",14.655172413793101,37.06896551724138,43.103448275862064,0,11.6,281,31.3,,1.9803999999999997,83.8,375.40000000000015,4,2,6,2,2,2,99.62600000000006,0.47368421052631576,8,5.172413793103448,0,1,22,12600,0,0,0,0,0,80,1,1000,25,,5.5
"Gatifloxacin",17.543859649122805,34.21052631578947,43.859649122807014,0,11.4,315,34.1,79.13,1.9803999999999997,83.8,375.40000000000015,4,2,6,2,2,2,99.62600000000006,0.47368421052631576,8,4.385964912280701,0,1,22,12600,0,0,0,0,0,80,1,1000,25,,5.5
"Gatifloxacin",18.421052631578945,32.45614035087719,43.859649122807014,0,11.4,323,34.4,80.18,1.9803999999999997,83.8,375.40000000000015,4,2,6,2,2,2,99.62600000000006,0.47368421052631576,8,5.263157894736842,0,1,22,12600,0,0,0,0,0,80,1,1000,25,,5.5
"Gatifloxacin",20.689655172413794,31.896551724137932,43.103448275862064,0,11.6,370,40.2,77.89,1.9803999999999997,83.8,375.40000000000015,4,2,6,2,2,2,99.62600000000006,0.47368421052631576,8,4.310344827586207,0,1,22,12600,0,0,0,0,0,80,1,1000,25,,5.5
"Gatifloxacin",22.413793103448278,30.17241379310345,43.103448275862064,0,11.6,403,39.7,75.88,1.9803999999999997,83.8,375.40000000000015,4,2,6,2,2,2,99.62600000000006,0.47368421052631576,8,4.310344827586207,0,1,22,12600,0,0,0,0,0,80,1,1000,25,,5.5
"Meloxicam",23.565371721553937,70.81443502267798,0,0,0.6248921749845964,332,-25.1,14,1.9509199999999998,99.6,351.4090000000001,2,2,6,2,0,1,86.42030000000004,0.14285714285714285,9,5.620193255768093,0,1,22,12600,2,0,0.018021265092809515,0,1,85,1,1200,25,1,5
"Meloxicam",8.20712602574274,85.04339794673835,0,0,0.5203388786198397,247,-21.6,22,1.9509199999999998,99.6,351.4090000000001,2,2,6,2,0,1,86.42030000000004,0.14285714285714285,9,6.749476027518915,0,1,22,12600,2,0,0.018021265092809515,0,1,85,1,1200,25,1,5
"Meloxicam",21.090716554888814,63.378044475820694,10.501235439463468,0,0.6982131854590264,428,-24.2,25,1.9509199999999998,99.6,351.4090000000001,2,2,6,2,0,1,86.42030000000004,0.14285714285714285,9,5.030003529827039,0,1,22,12600,2,0,0.018021265092809515,0,1,85,1,1200,25,1,5
"Meloxicam",7.193490467146166,74.53996325933308,12.350676173573705,0,0.5936598890942698,275,-19.6,20,1.9509199999999998,99.6,351.4090000000001,2,2,6,2,0,1,86.42030000000004,0.14285714285714285,9,5.915870099947068,0,1,22,12600,2,0,0.018021265092809515,0,1,85,1,1200,25,1,5
"Meloxicam",22.86643704554152,68.71412169919631,5.6926903941829305,0,0.6439926062846582,375,-24.4,37,1.9509199999999998,99.6,351.4090000000001,2,2,6,2,0,1,86.42030000000004,0.14285714285714285,9,2.7267508610792186,0,1,22,12600,2,0,0.018021265092809515,0,1,85,1,1200,25,1,5
"Meloxicam",7.916528651871483,82.03218695388973,6.7960388801955425,0,0.5394393099199014,265,-19.6,40,1.9509199999999998,99.6,351.4090000000001,2,2,6,2,0,1,86.42030000000004,0.14285714285714285,9,3.255245514043243,0,1,22,12600,2,0,0.018021265092809515,0,1,85,1,1200,25,1,5
"Meloxicam",21.68390491743785,65.16058791507893,5.398294320450009,0,0.6791127541589649,410,-22.3,10,1.9509199999999998,99.6,351.4090000000001,2,2,6,2,0,1,86.42030000000004,0.14285714285714285,9,7.757212847033205,0,1,22,12600,2,0,0.018021265092809515,0,1,85,1,1200,25,1,5
"Meloxicam",7.432628068331708,77.01794082637183,6.380628625966477,0,0.5745594577942083,321,-20.8,20,1.9509199999999998,99.6,351.4090000000001,2,2,6,2,0,1,86.42030000000004,0.14285714285714285,9,9.16880247932998,0,1,22,12600,2,0,0.018021265092809515,0,1,85,1,1200,25,1,5
"Meloxicam",13.076376843649232,83.60592761603203,0,0,0.5292852741836106,315,-23.7,34,1.9509199999999998,99.6,351.4090000000001,2,2,6,2,0,1,86.42030000000004,0.14285714285714285,9,3.317695540318731,0,1,22,12600,2,0,0.018021265092809515,0,1,85,1,1200,25,1,5
"Meloxicam",11.48533276075376,73.43333026594277,12.167315931004161,0,0.6026062846580407,319,-20.4,37,1.9509199999999998,99.6,351.4090000000001,2,2,6,2,0,1,86.42030000000004,0.14285714285714285,9,2.9140210422993156,0,1,22,12600,2,0,0.018021265092809515,0,1,85,1,1200,25,1,5
"Meloxicam",12.262698819907646,78.40354573540169,0,0,0.5644054220579174,347,-19.1,10,1.9509199999999998,99.6,351.4090000000001,2,2,6,2,0,1,86.42030000000004,0.14285714285714285,9,9.333755444690677,0,1,22,12600,2,0,0.018021265092809515,0,1,85,1,1200,25,1,5
"Meloxicam",10.852825521965547,69.38929306396918,11.497251287402298,0,0.6377264325323474,446,-22.3,18,1.9509199999999998,99.6,351.4090000000001,2,2,6,2,0,1,86.42030000000004,0.14285714285714285,9,8.260630126662996,0,1,22,12600,2,0,0.018021265092809515,0,1,85,1,1200,25,1,5
"Meloxicam",11.861292672882591,75.8370906940646,6.282799911301648,0,0.583505853357979,253,-17.2,55,1.9509199999999998,99.6,351.4090000000001,2,2,6,2,0,1,86.42030000000004,0.14285714285714285,9,6.018816721751159,0,1,22,12600,2,0,0.018021265092809515,0,1,85,1,1200,25,1,5
"Meloxicam",11.861292672882591,75.8370906940646,6.282799911301648,0,0.583505853357979,276,-18.2,45,1.9509199999999998,99.6,351.4090000000001,2,2,6,2,0,1,86.42030000000004,0.14285714285714285,9,6.018816721751159,0,1,22,12600,2,0,0.018021265092809515,0,1,85,1,1200,25,1,5
"Meloxicam",11.861292672882591,75.8370906940646,6.282799911301648,0,0.583505853357979,257,-16.2,51,1.9509199999999998,99.6,351.4090000000001,2,2,6,2,0,1,86.42030000000004,0.14285714285714285,9,6.018816721751159,0,1,22,12600,2,0,0.018021265092809515,0,1,85,1,1200,25,1,5
"Amoxicillin",14.084507042253522,70.42253521126761,8.450704225352112,0,1.42,265,41.59,61.5,0.023699999999999555,132.95999999999998,365.4110000000001,4,4,6,1,2,2,90.69370000000004,0.4375,9,7.042253521126761,0,1,22,12600,0,0,0,0,0,,2,,25,,5
"Amoxicillin",32.967032967032964,54.94505494505495,6.593406593406594,0,1.8199999999999998,633,57.81,91.6,0.023699999999999555,132.95999999999998,365.4110000000001,4,4,6,1,2,2,90.69370000000004,0.4375,9,5.4945054945054945,0,1,22,12600,0,0,0,0,0,,2,,25,,5
"Amoxicillin",11.627906976744185,58.139534883720934,6.976744186046512,0,1.72,300,35.04,23.5,0.023699999999999555,132.95999999999998,365.4110000000001,4,4,6,1,2,2,90.69370000000004,0.4375,9,23.25581395348837,0,1,22,12600,0,0,0,0,0,,2,,25,,5
"Amoxicillin",28.30188679245283,47.16981132075472,5.660377358490567,0,2.12,638,41.97,47.5,0.023699999999999555,132.95999999999998,365.4110000000001,4,4,6,1,2,2,90.69370000000004,0.4375,9,18.867924528301888,0,1,22,12600,0,0,0,0,0,,2,,25,,5
"Amoxicillin",13.793103448275861,68.96551724137932,0,0,1.45,268,56.75,24,0.023699999999999555,132.95999999999998,365.4110000000001,4,4,6,1,2,2,90.69370000000004,0.4375,9,17.24137931034483,0,1,22,12600,0,0,0,0,0,,2,,25,,5
"Amoxicillin",32.432432432432435,54.054054054054056,0,0,1.85,616,61.9,66.4,0.023699999999999555,132.95999999999998,365.4110000000001,4,4,6,1,2,2,90.69370000000004,0.4375,9,13.513513513513514,0,1,22,12600,0,0,0,0,0,,2,,25,,5
"Amoxicillin",11.76470588235294,58.82352941176471,14.705882352941178,0,1.7,321,58.15,33.2,0.023699999999999555,132.95999999999998,365.4110000000001,4,4,6,1,2,2,90.69370000000004,0.4375,9,14.705882352941178,0,1,22,12600,0,0,0,0,0,,2,,25,,5
"Amoxicillin",28.57142857142857,47.61904761904761,11.904761904761903,0,2.1,601,60.99,88,0.023699999999999555,132.95999999999998,365.4110000000001,4,4,6,1,2,2,90.69370000000004,0.4375,9,11.904761904761903,0,1,22,12600,0,0,0,0,0,,2,,25,,5
"Amoxicillin",26.666666666666668,66.66666666666666,0,0,1.5,382,57.12,79.6,0.023699999999999555,132.95999999999998,365.4110000000001,4,4,6,1,2,2,90.69370000000004,0.4375,9,6.666666666666667,0,1,22,12600,0,0,0,0,0,,2,,25,,5
"Amoxicillin",22.22222222222222,55.55555555555556,0,0,1.8,574,53.46,31.8,0.023699999999999555,132.95999999999998,365.4110000000001,4,4,6,1,2,2,90.69370000000004,0.4375,9,22.22222222222222,0,1,22,12600,0,0,0,0,0,,2,,25,,5
"Amoxicillin",22.857142857142858,57.14285714285714,14.285714285714285,0,1.75,414,46.79,84.9,0.023699999999999555,132.95999999999998,365.4110000000001,4,4,6,1,2,2,90.69370000000004,0.4375,9,5.714285714285714,0,1,22,12600,0,0,0,0,0,,2,,25,,5
"Amoxicillin",19.51219512195122,48.78048780487805,12.195121951219512,0,2.05,519,54.08,36,0.023699999999999555,132.95999999999998,365.4110000000001,4,4,6,1,2,2,90.69370000000004,0.4375,9,19.51219512195122,0,1,22,12600,0,0,0,0,0,,2,,25,,5
"Amoxicillin",22.598870056497177,56.49717514124294,6.779661016949152,0,1.77,600,59.22,52.4,0.023699999999999555,132.95999999999998,365.4110000000001,4,4,6,1,2,2,90.69370000000004,0.4375,9,14.124293785310735,0,1,22,12600,0,0,0,0,0,,2,,25,,5
"Amoxicillin",22.598870056497177,56.49717514124294,6.779661016949152,0,1.77,508,59.76,52,0.023699999999999555,132.95999999999998,365.4110000000001,4,4,6,1,2,2,90.69370000000004,0.4375,9,14.124293785310735,0,1,22,12600,0,0,0,0,0,,2,,25,,5
"Amoxicillin",22.598870056497177,56.49717514124294,6.779661016949152,0,1.77,594,60.06,52.8,0.023699999999999555,132.95999999999998,365.4110000000001,4,4,6,1,2,2,90.69370000000004,0.4375,9,14.124293785310735,0,1,22,12600,0,0,0,0,0,,2,,25,,5
"Curcumin diethyl diglutarate (CDG)",0.005105774631107782,0.2042309852443113,98.7116428680838,0.2280579335228143,10.13051724137931,125,-34.5,61.3,5.719000000000006,160.95999999999998,652.6930000000002,19,1,12,2,0,0,172.0127999999995,0.34285714285714286,12,0.8509624385179637,1,1,22,12600,2,0,0.018021265092809515,0,1,84.3,0,1000,25,15,4.6
"Curcumin diethyl diglutarate (CDG)",0.02041997073137528,0.2041997073137528,98.6965252016472,0.2280230065003573,10.132068965517243,214,-22.9,73.1,5.719000000000006,160.95999999999998,652.6930000000002,19,1,12,2,0,0,172.0127999999995,0.34285714285714286,12,0.8508321138073035,1,1,22,12600,2,0,0.018021265092809515,0,1,84.3,0,1000,25,15,4.6
"Curcumin diethyl diglutarate (CDG)",0.003418530715498478,0.13674122861993915,99.13739074945588,0.15269437195893204,15.13051724137931,156,-32.4,68.4,5.719000000000006,160.95999999999998,652.6930000000002,19,1,12,2,0,0,172.0127999999995,0.34285714285714286,12,0.5697551192497464,1,1,22,12600,2,0,0.018021265092809515,0,1,84.3,0,1000,25,15,4.6
"Curcumin diethyl diglutarate (CDG)",0.013672720643529384,0.13672720643529382,99.12722466558803,0.15267871385274479,15.132068965517243,382,-21.4,73.5,5.719000000000006,160.95999999999998,652.6930000000002,19,1,12,2,0,0,172.0127999999995,0.34285714285714286,12,0.569696693480391,1,1,22,12600,2,0,0.018021265092809515,0,1,84.3,0,1000,25,15,4.6
"Curcumin diethyl diglutarate (CDG)",0.004112011184670422,0.16448044738681689,99.3736036295352,0.18366983291527886,12.578793103448277,150,-33.6,41.4,5.719000000000006,160.95999999999998,652.6930000000002,19,1,12,2,0,0,172.0127999999995,0.34285714285714286,12,0.2741340789780281,1,1,22,12600,2,0,0.018021265092809515,0,1,84.3,0,1000,25,15,4.6
"Curcumin diethyl diglutarate (CDG)",0.016446015952635472,0.1644601595263547,99.36134638050598,0.1836471781377628,12.580344827586208,291,-22.7,61.3,5.719000000000006,160.95999999999998,652.6930000000002,19,1,12,2,0,0,172.0127999999995,0.34285714285714286,12,0.2741002658772579,1,1,22,12600,2,0,0.018021265092809515,0,1,84.3,0,1000,25,15,4.6
"Curcumin diethyl diglutarate (CDG)",0.0040674105508629686,0.16269642203451876,98.29575497918842,0.18167767127187928,12.716724137931035,148,-34.3,78.2,5.719000000000006,160.95999999999998,652.6930000000002,19,1,12,2,0,0,172.0127999999995,0.34285714285714286,12,1.355803516954323,1,1,22,12600,2,0,0.018021265092809515,0,1,84.3,0,1000,25,15,4.6
"Curcumin diethyl diglutarate (CDG)",0.016267657186237558,0.1626765718623756,98.28376216685193,0.18165550524631943,12.718275862068968,320,-20.3,70.7,5.719000000000006,160.95999999999998,652.6930000000002,19,1,12,2,0,0,172.0127999999995,0.34285714285714286,12,1.35563809885313,1,1,22,12600,2,0,0.018021265092809515,0,1,84.3,0,1000,25,15,4.6
"Curcumin diethyl diglutarate (CDG)",0.010263427984946972,0.20526855969893945,99.21313718782073,0.22921655833048238,10.079310344827586,209,-30.2,42.9,5.719000000000006,160.95999999999998,652.6930000000002,19,1,12,2,0,0,172.0127999999995,0.34285714285714286,12,0.34211426616489904,1,1,22,12600,2,0,0.018021265092809515,0,1,84.3,0,1000,25,15,4.6
"Curcumin diethyl diglutarate (CDG)",0.00686027898467871,0.13720557969357422,99.4740452778413,0.1532128973244912,15.079310344827586,341,-26.1,55.1,5.719000000000006,160.95999999999998,652.6930000000002,19,1,12,2,0,0,172.0127999999995,0.34285714285714286,12,0.22867596615595698,1,1,22,12600,2,0,0.018021265092809515,0,1,84.3,0,1000,25,15,4.6
"Curcumin diethyl diglutarate (CDG)",0.01012487343908201,0.2024974687816402,97.87377657779277,0.2261221734728316,10.217241379310344,248,-25.6,82.9,5.719000000000006,160.95999999999998,652.6930000000002,19,1,12,2,0,0,172.0127999999995,0.34285714285714286,12,1.6874789065136686,1,1,22,12600,2,0,0.018021265092809515,0,1,84.3,0,1000,25,15,4.6
"Curcumin diethyl diglutarate (CDG)",0.006798096532970767,0.13596193065941536,98.57239972807614,0.15182415590301382,15.217241379310344,315,-27.1,73.5,5.719000000000006,160.95999999999998,652.6930000000002,19,1,12,2,0,0,172.0127999999995,0.34285714285714286,12,1.1330160888284613,1,1,22,12600,2,0,0.018021265092809515,0,1,84.3,0,1000,25,15,4.6
"Curcumin diethyl diglutarate (CDG)",0.008190008190008188,0.1638001638001638,98.96259896259896,0.1829101829101829,12.63103448275862,244,-30.8,83.4,5.719000000000006,160.95999999999998,652.6930000000002,19,1,12,2,0,0,172.0127999999995,0.34285714285714286,12,0.6825006825006825,1,1,22,12600,2,0,0.018021265092809515,0,1,84.3,0,1000,25,15,4.6
"Curcumin diethyl diglutarate (CDG)",0.008190008190008188,0.1638001638001638,98.96259896259896,0.1829101829101829,12.63103448275862,261,-30.4,81.9,5.719000000000006,160.95999999999998,652.6930000000002,19,1,12,2,0,0,172.0127999999995,0.34285714285714286,12,0.6825006825006825,1,1,22,12600,2,0,0.018021265092809515,0,1,84.3,0,1000,25,15,4.6
"Curcumin diethyl diglutarate (CDG)",0.008190008190008188,0.1638001638001638,98.96259896259896,0.1829101829101829,12.63103448275862,253,-29.5,82.8,5.719000000000006,160.95999999999998,652.6930000000002,19,1,12,2,0,0,172.0127999999995,0.34285714285714286,12,0.6825006825006825,1,1,22,12600,2,0,0.018021265092809515,0,1,84.3,0,1000,25,15,4.6
"Curcumin diethyl diglutarate (CDG)",0.01318418303702727,0.2028335851850349,98.03623283943355,0.22649750345662234,10.200310344827587,215,-24.1,85.3,5.719000000000006,160.95999999999998,652.6930000000002,19,1,12,2,0,0,172.0127999999995,0.34285714285714286,12,1.521251888887762,1,1,22,12600,2,0,0.018021265092809515,0,1,84.3,0,1000,25,15,4.6
"D-Cycloserine",2.0408163265306123,16.3265306122449,0,0,1.96,263,,98.07,-1.6248999999999993,64.35,102.093,0,2,3,0,1,1,22.0701,0.6666666666666666,4,81.63265306122449,0,0,0,0,2,0,0.018021265092809515,0,1,,,,,2,5
"D-Cycloserine",2.158273381294964,11.510791366906476,0,0,5.56,344,,98.1,-1.6248999999999993,64.35,102.093,0,2,3,0,1,1,22.0701,0.6666666666666666,4,86.33093525179856,0,0,0,0,2,0,0.018021265092809515,0,1,,,,,2,5
"D-Cycloserine",0.7751937984496124,6.2015503875969,0,0,5.16,366,,97.69,-1.6248999999999993,64.35,102.093,0,2,3,0,1,1,22.0701,0.6666666666666666,4,93.02325581395348,0,0,0,0,2,0,0.018021265092809515,0,1,,,,,2,5
"D-Cycloserine",1.7543859649122806,28.07017543859649,0,0,2.28,441,,97.93,-1.6248999999999993,64.35,102.093,0,2,3,0,1,1,22.0701,0.6666666666666666,4,70.17543859649122,0,0,0,0,2,0,0.018021265092809515,0,1,,,,,2,5
"D-Cycloserine",2.2900763358778624,6.106870229007633,0,0,5.24,176,,98.02,-1.6248999999999993,64.35,102.093,0,2,3,0,1,1,22.0701,0.6666666666666666,4,91.6030534351145,0,0,0,0,2,0,0.018021265092809515,0,1,,,,,2,5
"D-Cycloserine",2.127659574468085,12.76595744680851,0,0,3.76,377,,99.16,-1.6248999999999993,64.35,102.093,0,2,3,0,1,1,22.0701,0.6666666666666666,4,85.1063829787234,0,0,0,0,2,0,0.018021265092809515,0,1,,,,,2,5
"D-Cycloserine",5.084745762711865,27.11864406779661,0,0,2.36,386,,98.04,-1.6248999999999993,64.35,102.093,0,2,3,0,1,1,22.0701,0.6666666666666666,4,67.79661016949152,0,0,0,0,2,0,0.018021265092809515,0,1,,,,,2,5
"D-Cycloserine",2.127659574468085,12.76595744680851,0,0,3.76,383,,99.21,-1.6248999999999993,64.35,102.093,0,2,3,0,1,1,22.0701,0.6666666666666666,4,85.1063829787234,0,0,0,0,2,0,0.018021265092809515,0,1,,,,,2,5
"D-Cycloserine",0.7299270072992701,11.678832116788321,0,0,5.48,246,,97.58,-1.6248999999999993,64.35,102.093,0,2,3,0,1,1,22.0701,0.6666666666666666,4,87.59124087591242,0,0,0,0,2,0,0.018021265092809515,0,1,,,,,2,5
"D-Cycloserine",2.0408163265306123,16.3265306122449,0,0,1.96,217,,97.96,-1.6248999999999993,64.35,102.093,0,2,3,0,1,1,22.0701,0.6666666666666666,4,81.63265306122449,0,0,0,0,2,0,0.018021265092809515,0,1,,,,,2,5
"D-Cycloserine",2.127659574468085,12.76595744680851,0,0,3.76,372,,99.13,-1.6248999999999993,64.35,102.093,0,2,3,0,1,1,22.0701,0.6666666666666666,4,85.1063829787234,0,0,0,0,2,0,0.018021265092809515,0,1,,,,,2,5
"D-Cycloserine",2.158273381294964,11.510791366906476,0,0,5.56,344,-42,98.1,-1.6248999999999993,64.35,102.093,0,2,3,0,1,1,22.0701,0.6666666666666666,4,86.33093525179856,0,0,0,0,2,0,0.018021265092809515,0,1,,,,,2,5
"β-Sitosterol",28.57142857142857,57.14285714285714,0,0,1.75,121,,90,8.02480000000001,20.23,414.71800000000025,6,1,1,0,3,4,128.2168000000001,0.9310344827586207,1,14.285714285714285,0,0,0,0,2,0,0.018021265092809515,0,1,,2,1000,,10,5.2
"β-Sitosterol",44.44444444444444,44.44444444444444,0,0,2.25,142,,72,8.02480000000001,20.23,414.71800000000025,6,1,1,0,3,4,128.2168000000001,0.9310344827586207,1,11.11111111111111,0,0,0,0,2,0,0.018021265092809515,0,1,,2,1000,,10,5.2
"β-Sitosterol",46.15384615384615,46.15384615384615,0,0,3.25,166,,80,8.02480000000001,20.23,414.71800000000025,6,1,1,0,3,4,128.2168000000001,0.9310344827586207,1,7.6923076923076925,0,0,0,0,2,0,0.018021265092809515,0,1,,2,1000,,10,5.2
"β-Sitosterol",40,40,0,0,1.25,151,,86,8.02480000000001,20.23,414.71800000000025,6,1,1,0,3,4,128.2168000000001,0.9310344827586207,1,20,0,0,0,0,2,0,0.018021265092809515,0,1,,2,1000,,10,5.2
"β-Sitosterol",44.44444444444444,44.44444444444444,0,0,2.25,137,,73,8.02480000000001,20.23,414.71800000000025,6,1,1,0,3,4,128.2168000000001,0.9310344827586207,1,11.11111111111111,0,0,0,0,2,0,0.018021265092809515,0,1,,2,1000,,10,5.2
"β-Sitosterol",36.36363636363637,54.54545454545454,0,0,2.75,170,,87,8.02480000000001,20.23,414.71800000000025,6,1,1,0,3,4,128.2168000000001,0.9310344827586207,1,9.090909090909092,0,0,0,0,2,0,0.018021265092809515,0,1,,2,1000,,10,5.2
"β-Sitosterol",44.44444444444444,44.44444444444444,0,0,2.25,145,,74,8.02480000000001,20.23,414.71800000000025,6,1,1,0,3,4,128.2168000000001,0.9310344827586207,1,11.11111111111111,0,0,0,0,2,0,0.018021265092809515,0,1,,2,1000,,10,5.2
"β-Sitosterol",22.22222222222222,66.66666666666666,0,0,2.25,123,,93,8.02480000000001,20.23,414.71800000000025,6,1,1,0,3,4,128.2168000000001,0.9310344827586207,1,11.11111111111111,0,0,0,0,2,0,0.018021265092809515,0,1,,2,1000,,10,5.2
"β-Sitosterol",54.54545454545454,36.36363636363637,0,0,2.75,146,,72,8.02480000000001,20.23,414.71800000000025,6,1,1,0,3,4,128.2168000000001,0.9310344827586207,1,9.090909090909092,0,0,0,0,2,0,0.018021265092809515,0,1,,2,1000,,10,5.2
"β-Sitosterol",36.36363636363637,54.54545454545454,0,0,2.75,168,,75,8.02480000000001,20.23,414.71800000000025,6,1,1,0,3,4,128.2168000000001,0.9310344827586207,1,9.090909090909092,0,0,0,0,2,0,0.018021265092809515,0,1,,2,1000,,10,5.2
"β-Sitosterol",57.14285714285714,28.57142857142857,0,0,1.75,139,,78,8.02480000000001,20.23,414.71800000000025,6,1,1,0,3,4,128.2168000000001,0.9310344827586207,1,14.285714285714285,0,0,0,0,2,0,0.018021265092809515,0,1,,2,1000,,10,5.2
"β-Sitosterol",44.44444444444444,44.44444444444444,0,0,2.25,140,,74,8.02480000000001,20.23,414.71800000000025,6,1,1,0,3,4,128.2168000000001,0.9310344827586207,1,11.11111111111111,0,0,0,0,2,0,0.018021265092809515,0,1,,2,1000,,10,5.2
"β-Sitosterol",28.57142857142857,57.14285714285714,0,0,1.75,149,,70,8.02480000000001,20.23,414.71800000000025,6,1,1,0,3,4,128.2168000000001,0.9310344827586207,1,14.285714285714285,0,0,0,0,2,0,0.018021265092809515,0,1,,2,1000,,10,5.2
"β-Sitosterol",57.14285714285714,28.57142857142857,0,0,1.75,180,,78,8.02480000000001,20.23,414.71800000000025,6,1,1,0,3,4,128.2168000000001,0.9310344827586207,1,14.285714285714285,0,0,0,0,2,0,0.018021265092809515,0,1,,2,1000,,10,5.2
"β-Sitosterol",44.44444444444444,44.44444444444444,0,0,2.25,146,,71,8.02480000000001,20.23,414.71800000000025,6,1,1,0,3,4,128.2168000000001,0.9310344827586207,1,11.11111111111111,0,0,0,0,2,0,0.018021265092809515,0,1,,2,1000,,10,5.2
"β-Sitosterol",54.54545454545454,36.36363636363637,0,0,2.75,138,,67,8.02480000000001,20.23,414.71800000000025,6,1,1,0,3,4,128.2168000000001,0.9310344827586207,1,9.090909090909092,0,0,0,0,2,0,0.018021265092809515,0,1,,2,1000,,10,5.2
"β-Sitosterol",66.66666666666666,22.22222222222222,0,0,2.25,131,,79,8.02480000000001,20.23,414.71800000000025,6,1,1,0,3,4,128.2168000000001,0.9310344827586207,1,11.11111111111111,0,0,0,0,2,0,0.018021265092809515,0,1,,2,1000,,10,5.2
"β-Sitosterol",25.64102564102564,61.53846153846154,0,0,1.95,126,25,91.06,8.02480000000001,20.23,414.71800000000025,6,1,1,0,3,4,128.2168000000001,0.9310344827586207,1,12.82051282051282,0,0,0,0,2,0,0.018021265092809515,0,1,,2,1000,,10,5.2
"Fucoxanthin",0.38459467567131,0.00538432545939834,96.1486689178275,0.38459467567131,5.20028,218,36.7,85.5,8.692200000000005,96.36,658.9200000000002,11,2,6,0,3,3,194.10359999999935,0.5476190476190477,6,3.07675740537048,1,1,15,1310,0,-5,0,-0.013592127439786874,1,85,1,1000,25,,
"Fucoxanthin",0.3845503068711449,0.016920213502330375,96.13757671778622,0.3845503068711449,5.20088,395,23.7,69.3,8.692200000000005,96.36,658.9200000000002,11,2,6,0,3,3,194.10359999999935,0.5476190476190477,6,3.076402454969159,1,1,15,1310,0,-5,0,-0.013592127439786874,1,85,1,1000,25,,
"Fucoxanthin",0.1315765235903549,0.0018420713302649686,98.68239269276619,0.1315765235903549,15.20028,307,32.1,71.1,8.692200000000005,96.36,658.9200000000002,11,2,6,0,3,3,194.10359999999935,0.5476190476190477,6,1.0526121887228392,1,1,15,1310,0,-5,0,-0.013592127439786874,1,85,1,1000,25,,
"Fucoxanthin",0.13157133008089006,0.005789138523559162,98.67849756066754,0.13157133008089006,15.20088,505,20.2,73.7,8.692200000000005,96.36,658.9200000000002,11,2,6,0,3,3,194.10359999999935,0.5476190476190477,6,1.0525706406471205,1,1,15,1310,0,-5,0,-0.013592127439786874,1,85,1,1000,25,,
"Fucoxanthin",0.19684496883944141,0.00275582956375218,98.42248441972072,0.19684496883944141,10.16028,261,33.1,65.7,8.692200000000005,96.36,658.9200000000002,11,2,6,0,3,3,194.10359999999935,0.5476190476190477,6,1.1810698130366486,1,1,15,1310,0,-5,0,-0.013592127439786874,1,85,1,1000,25,,
"Fucoxanthin",0.19683334514333403,0.008660667186306698,98.41667257166702,0.19683334514333403,10.160879999999999,441,21.2,82.8,8.692200000000005,96.36,658.9200000000002,11,2,6,0,3,3,194.10359999999935,0.5476190476190477,6,1.1810000708600044,1,1,15,1310,0,-5,0,-0.013592127439786874,1,85,1,1000,25,,
"Fucoxanthin",0.1953071595698555,0.0027343002339779775,97.65357978492776,0.1953071595698555,10.24028,247,35.1,81.8,8.692200000000005,96.36,658.9200000000002,11,2,6,0,3,3,194.10359999999935,0.5476190476190477,6,1.953071595698555,1,1,15,1310,0,-5,0,-0.013592127439786874,1,85,1,1000,25,,
"Fucoxanthin",0.1952957167743397,0.008593011538070947,97.64785838716986,0.1952957167743397,10.240879999999999,438,23,55.7,8.692200000000005,96.36,658.9200000000002,11,2,6,0,3,3,194.10359999999935,0.5476190476190477,6,1.9529571677433972,1,1,15,1310,0,-5,0,-0.013592127439786874,1,85,1,1000,25,,
"Fucoxanthin",0.38755183505793905,0.011626555051738171,96.88795876448476,0.38755183505793905,5.1606,310,27.6,76.5,8.692200000000005,96.36,658.9200000000002,11,2,6,0,3,3,194.10359999999935,0.5476190476190477,6,2.3253110103476344,1,1,15,1310,0,-5,0,-0.013592127439786874,1,85,1,1000,25,,
"Fucoxanthin",0.13192090022822317,0.003957627006846695,98.94067517116737,0.13192090022822317,15.160599999999999,460,26.7,61.8,8.692200000000005,96.36,658.9200000000002,11,2,6,0,3,3,194.10359999999935,0.5476190476190477,6,0.791525401369339,1,1,15,1310,0,-5,0,-0.013592127439786874,1,85,1,1000,25,,
"Fucoxanthin",0.38163569056978214,0.011449070717093463,95.40892264244553,0.38163569056978214,5.2406,286,33.8,63.7,8.692200000000005,96.36,658.9200000000002,11,2,6,0,3,3,194.10359999999935,0.5476190476190477,6,3.8163569056978215,1,1,15,1310,0,-5,0,-0.013592127439786874,1,85,1,1000,25,,
"Fucoxanthin",0.1312284293269294,0.003936852879807882,98.42132199519705,0.1312284293269294,15.240599999999999,439,27.6,70.2,8.692200000000005,96.36,658.9200000000002,11,2,6,0,3,3,194.10359999999935,0.5476190476190477,6,1.312284293269294,1,1,15,1310,0,-5,0,-0.013592127439786874,1,85,1,1000,25,,
"Fucoxanthin",0.19606689802560634,0.00588200694076819,98.03344901280317,0.19606689802560634,10.2006,325,26.9,64.8,8.692200000000005,96.36,658.9200000000002,11,2,6,0,3,3,194.10359999999935,0.5476190476190477,6,1.5685351842048507,1,1,15,1310,0,-5,0,-0.013592127439786874,1,85,1,1000,25,,
"Fucoxanthin",0.19606689802560634,0.00588200694076819,98.03344901280317,0.19606689802560634,10.2006,341,25.7,62.6,8.692200000000005,96.36,658.9200000000002,11,2,6,0,3,3,194.10359999999935,0.5476190476190477,6,1.5685351842048507,1,1,15,1310,0,-5,0,-0.013592127439786874,1,85,1,1000,25,,
"Fucoxanthin",0.19606689802560634,0.00588200694076819,98.03344901280317,0.19606689802560634,10.2006,336,27.6,65.7,8.692200000000005,96.36,658.9200000000002,11,2,6,0,3,3,194.10359999999935,0.5476190476190477,6,1.5685351842048507,1,1,15,1310,0,-5,0,-0.013592127439786874,1,85,1,1000,25,,
"Fucoxanthin",0.27246917011340166,0.0038145683815876234,96.72655539025759,0.27246917011340166,7.34028,227,35.3,81.2,8.692200000000005,96.36,658.9200000000002,11,2,6,0,3,3,194.10359999999935,0.5476190476190477,6,2.7246917011340166,1,1,15,1310,0,-5,0,-0.013592127439786874,1,85,1,1000,25,,
"Metronidazole",37.735849056603776,37.735849056603776,0,5.660377358490567,26.5,142,-15.4,41.5,0.09201999999999982,81.19,171.15599999999998,3,1,5,1,0,0,40.704200000000014,0.5,6,18.867924528301888,0,0,0,0,2,0,0.018021265092809515,0,1,90,1,,25,,5.5
"Metronidazole",26.31578947368421,52.63157894736842,0,7.894736842105263,38,34.5,-6.22,20.3,0.09201999999999982,81.19,171.15599999999998,3,1,5,1,0,0,40.704200000000014,0.5,6,13.157894736842104,0,0,0,0,2,0,0.018021265092809515,0,1,90,1,,25,,5.5
"Metronidazole",15.151515151515152,60.60606060606061,0,9.090909090909092,33,86.3,-8.42,21.9,0.09201999999999982,81.19,171.15599999999998,3,1,5,1,0,0,40.704200000000014,0.5,6,15.151515151515152,0,0,0,0,2,0,0.018021265092809515,0,1,90,1,,25,,5.5
"Metronidazole",12.195121951219512,48.78048780487805,0,14.634146341463413,20.5,104.2,-6.83,60,0.09201999999999982,81.19,171.15599999999998,3,1,5,1,0,0,40.704200000000014,0.5,6,24.390243902439025,0,0,0,0,2,0,0.018021265092809515,0,1,90,1,,25,,5.5
"Metronidazole",27.397260273972602,54.794520547945204,0,4.10958904109589,36.5,63.2,-5.26,50.3,0.09201999999999982,81.19,171.15599999999998,3,1,5,1,0,0,40.704200000000014,0.5,6,13.698630136986301,0,0,0,0,2,0,0.018021265092809515,0,1,90,1,,25,,5.5
"Metronidazole",8.19672131147541,65.57377049180327,0,9.836065573770492,30.5,34.5,-6.22,20.3,0.09201999999999982,81.19,171.15599999999998,3,1,5,1,0,0,40.704200000000014,0.5,6,16.39344262295082,0,0,0,0,2,0,0.018021265092809515,0,1,90,1,,25,,5.5
"Metronidazole",8.19672131147541,65.57377049180327,0,9.836065573770492,30.5,34.5,-6.22,20.3,0.09201999999999982,81.19,171.15599999999998,3,1,5,1,0,0,40.704200000000014,0.5,6,16.39344262295082,0,0,0,0,2,0,0.018021265092809515,0,1,90,1,,25,,5.5
"Metronidazole",35.714285714285715,35.714285714285715,0,10.714285714285714,28,114.8,-2.41,72.3,0.09201999999999982,81.19,171.15599999999998,3,1,5,1,0,0,40.704200000000014,0.5,6,17.857142857142858,0,0,0,0,2,0,0.018021265092809515,0,1,90,1,,25,,5.5
"Metronidazole",15.151515151515152,60.60606060606061,0,9.090909090909092,33,86.3,-8.42,21.9,0.09201999999999982,81.19,171.15599999999998,3,1,5,1,0,0,40.704200000000014,0.5,6,15.151515151515152,0,0,0,0,2,0,0.018021265092809515,0,1,90,1,,25,,5.5
"Metronidazole",37.735849056603776,37.735849056603776,0,5.660377358490567,26.5,266.1,-23.1,47.1,0.09201999999999982,81.19,171.15599999999998,3,1,5,1,0,0,40.704200000000014,0.5,6,18.867924528301888,0,0,0,0,2,0,0.018021265092809515,0,1,90,1,,25,,5.5
"Metronidazole",26.31578947368421,52.63157894736842,0,7.894736842105263,38,96.9,-4.3,32.3,0.09201999999999982,81.19,171.15599999999998,3,1,5,1,0,0,40.704200000000014,0.5,6,13.157894736842104,0,0,0,0,2,0,0.018021265092809515,0,1,90,1,,25,,5.5
"Metronidazole",12.195121951219512,48.78048780487805,0,14.634146341463413,20.5,104.2,-6.83,60,0.09201999999999982,81.19,171.15599999999998,3,1,5,1,0,0,40.704200000000014,0.5,6,24.390243902439025,0,0,0,0,2,0,0.018021265092809515,0,1,90,1,,25,,5.5
"Metronidazole",13.157894736842104,52.63157894736842,0,7.894736842105263,19,142,-15.4,41.5,0.09201999999999982,81.19,171.15599999999998,3,1,5,1,0,0,40.704200000000014,0.5,6,26.31578947368421,0,0,0,0,2,0,0.018021265092809515,0,1,90,1,,25,,5.5
"Metronidazole",37.735849056603776,37.735849056603776,0,5.660377358490567,26.5,266.1,-23.1,47.1,0.09201999999999982,81.19,171.15599999999998,3,1,5,1,0,0,40.704200000000014,0.5,6,18.867924528301888,0,0,0,0,2,0,0.018021265092809515,0,1,90,1,,25,,5.5
"Metronidazole",15.873015873015872,63.49206349206349,0,4.761904761904762,31.5,129.2,-7.54,53.5,0.09201999999999982,81.19,171.15599999999998,3,1,5,1,0,0,40.704200000000014,0.5,6,15.873015873015872,0,0,0,0,2,0,0.018021265092809515,0,1,90,1,,25,,5.5
"Metronidazole",13.157894736842104,52.63157894736842,0,7.894736842105263,19,142,-15.4,41.5,0.09201999999999982,81.19,171.15599999999998,3,1,5,1,0,0,40.704200000000014,0.5,6,26.31578947368421,0,0,0,0,2,0,0.018021265092809515,0,1,90,1,,25,,5.5
"Metronidazole",8.620689655172415,68.96551724137932,0,5.172413793103448,29,63.2,-5.26,50.3,0.09201999999999982,81.19,171.15599999999998,3,1,5,1,0,0,40.704200000000014,0.5,6,17.24137931034483,0,0,0,0,2,0,0.018021265092809515,0,1,90,1,,25,,5.5
"Metronidazole",12.195121951219512,48.78048780487805,0,14.634146341463413,20.5,104.2,-6.83,60,0.09201999999999982,81.19,171.15599999999998,3,1,5,1,0,0,40.704200000000014,0.5,6,24.390243902439025,0,0,0,0,2,0,0.018021265092809515,0,1,90,1,,25,,5.5
"Metronidazole",23.25581395348837,46.51162790697674,0,6.976744186046512,21.5,227,-10.4,43.2,0.09201999999999982,81.19,171.15599999999998,3,1,5,1,0,0,40.704200000000014,0.5,6,23.25581395348837,0,0,0,0,2,0,0.018021265092809515,0,1,90,1,,25,,5.5
"Metronidazole",8.620689655172415,68.96551724137932,0,5.172413793103448,29,63.2,-5.26,50.3,0.09201999999999982,81.19,171.15599999999998,3,1,5,1,0,0,40.704200000000014,0.5,6,17.24137931034483,0,0,0,0,2,0,0.018021265092809515,0,1,90,1,,25,,5.5
"Metronidazole",21.73913043478261,43.47826086956522,0,13.043478260869565,23,195.4,-6.38,65.1,0.09201999999999982,81.19,171.15599999999998,3,1,5,1,0,0,40.704200000000014,0.5,6,21.73913043478261,0,0,0,0,2,0,0.018021265092809515,0,1,90,1,,25,,5.5
"Metronidazole",27.397260273972602,54.794520547945204,0,4.10958904109589,36.5,233.2,-4.56,63.7,0.09201999999999982,81.19,171.15599999999998,3,1,5,1,0,0,40.704200000000014,0.5,6,13.698630136986301,0,0,0,0,2,0,0.018021265092809515,0,1,90,1,,25,,5.5
"Metronidazole",21.73913043478261,43.47826086956522,0,13.043478260869565,23,195.4,-6.38,65.1,0.09201999999999982,81.19,171.15599999999998,3,1,5,1,0,0,40.704200000000014,0.5,6,21.73913043478261,0,0,0,0,2,0,0.018021265092809515,0,1,90,1,,25,,5.5
"Metronidazole",23.25581395348837,46.51162790697674,0,6.976744186046512,21.5,227,-10.4,43.2,0.09201999999999982,81.19,171.15599999999998,3,1,5,1,0,0,40.704200000000014,0.5,6,23.25581395348837,0,0,0,0,2,0,0.018021265092809515,0,1,90,1,,25,,5.5
"Metronidazole",13.157894736842104,52.63157894736842,0,7.894736842105263,19,142,-15.4,41.5,0.09201999999999982,81.19,171.15599999999998,3,1,5,1,0,0,40.704200000000014,0.5,6,26.31578947368421,0,0,0,0,2,0,0.018021265092809515,0,1,90,1,,25,,5.5
"Metronidazole",27.397260273972602,54.794520547945204,0,4.10958904109589,36.5,233.2,-4.56,63.7,0.09201999999999982,81.19,171.15599999999998,3,1,5,1,0,0,40.704200000000014,0.5,6,13.698630136986301,0,0,0,0,2,0,0.018021265092809515,0,1,90,1,,25,,5.5
"Metronidazole",35.714285714285715,35.714285714285715,0,10.714285714285714,28,114.8,-2.41,72.3,0.09201999999999982,81.19,171.15599999999998,3,1,5,1,0,0,40.704200000000014,0.5,6,17.857142857142858,0,0,0,0,2,0,0.018021265092809515,0,1,90,1,,25,,5.5
"Metronidazole",23.25581395348837,46.51162790697674,0,6.976744186046512,21.5,227,-10.4,43.2,0.09201999999999982,81.19,171.15599999999998,3,1,5,1,0,0,40.704200000000014,0.5,6,23.25581395348837,0,0,0,0,2,0,0.018021265092809515,0,1,90,1,,25,,5.5
"Metronidazole",15.151515151515152,60.60606060606061,0,9.090909090909092,33,86.3,-8.42,21.9,0.09201999999999982,81.19,171.15599999999998,3,1,5,1,0,0,40.704200000000014,0.5,6,15.151515151515152,0,0,0,0,2,0,0.018021265092809515,0,1,90,1,,25,,5.5
"Metronidazole",35.714285714285715,35.714285714285715,0,10.714285714285714,28,114.8,-2.41,72.3,0.09201999999999982,81.19,171.15599999999998,3,1,5,1,0,0,40.704200000000014,0.5,6,17.857142857142858,0,0,0,0,2,0,0.018021265092809515,0,1,90,1,,25,,5.5
"Metronidazole",26.31578947368421,52.63157894736842,0,7.894736842105263,38,96.9,-4.3,32.3,0.09201999999999982,81.19,171.15599999999998,3,1,5,1,0,0,40.704200000000014,0.5,6,13.157894736842104,0,0,0,0,2,0,0.018021265092809515,0,1,90,1,,25,,5.5
"Metronidazole",8.620689655172415,68.96551724137932,0,5.172413793103448,29,63.2,-5.26,50.3,0.09201999999999982,81.19,171.15599999999998,3,1,5,1,0,0,40.704200000000014,0.5,6,17.24137931034483,0,0,0,0,2,0,0.018021265092809515,0,1,90,1,,25,,5.5
"Metronidazole",21.73913043478261,43.47826086956522,0,13.043478260869565,23,195.4,-6.38,65.1,0.09201999999999982,81.19,171.15599999999998,3,1,5,1,0,0,40.704200000000014,0.5,6,21.73913043478261,0,0,0,0,2,0,0.018021265092809515,0,1,90,1,,25,,5.5
"Metronidazole",8.19672131147541,65.57377049180327,0,9.836065573770492,30.5,34.5,-6.22,20.3,0.09201999999999982,81.19,171.15599999999998,3,1,5,1,0,0,40.704200000000014,0.5,6,16.39344262295082,0,0,0,0,2,0,0.018021265092809515,0,1,90,1,,25,,5.5
"Metronidazole",15.873015873015872,63.49206349206349,0,4.761904761904762,31.5,129.2,-7.54,53.5,0.09201999999999982,81.19,171.15599999999998,3,1,5,1,0,0,40.704200000000014,0.5,6,15.873015873015872,0,0,0,0,2,0,0.018021265092809515,0,1,90,1,,25,,5.5
"Metronidazole",15.873015873015872,63.49206349206349,0,4.761904761904762,31.5,129.2,-7.54,53.5,0.09201999999999982,81.19,171.15599999999998,3,1,5,1,0,0,40.704200000000014,0.5,6,15.873015873015872,0,0,0,0,2,0,0.018021265092809515,0,1,90,1,,25,,5.5
"Fucoxanthin",0.2724127598136697,0.02451714838323027,96.70652973385275,0.2724127598136697,7.341799999999999,235,34.4,80.3,8.692200000000005,96.36,658.9200000000002,11,2,6,0,3,3,194.10359999999935,0.5476190476190477,6,2.724127598136697,1,1,15,1310,0,-5,0,-0.013592127439786874,1,85,1,1000,25,,
"Favipiravir",0.008055205004967375,0.32220820019869506,96.6624600596085,0.32220820019869506,15.517916666666666,227,-21.9,33.7,-0.9921000000000004,88.84,157.10399999999996,1,2,3,1,0,0,33.3336,0,6,2.6850683349891256,1,1,22,12600,2,0,0.018021265092809515,0,1,91.7,1,1500,25,,5.5
"Favipiravir",0.03221303554171588,0.3221303554171588,96.63910662514765,0.3221303554171588,15.521666666666667,289,-27.8,60.9,-0.9921000000000004,88.84,157.10399999999996,1,2,3,1,0,0,33.3336,0,6,2.6844196284763235,1,1,22,12600,2,0,0.018021265092809515,0,1,91.7,1,1500,25,,5.5
"Favipiravir",0.007644675483525724,0.3057870193410289,91.73610580230869,0.3057870193410289,16.35125,239,-24.7,34.4,-0.9921000000000004,88.84,157.10399999999996,1,2,3,1,0,0,33.3336,0,6,7.644675483525725,1,1,22,12600,2,0,0.018021265092809515,0,1,91.7,1,1500,25,,5.5
"Favipiravir",0.03057169061449098,0.3057169061449098,91.71507184347296,0.3057169061449098,16.355,284,-20.8,84.8,-0.9921000000000004,88.84,157.10399999999996,1,2,3,1,0,0,33.3336,0,6,7.642922653622746,1,1,22,12600,2,0,0.018021265092809515,0,1,91.7,1,1500,25,,5.5
"Favipiravir",0.011431619860534236,0.4572647944213695,91.4529588842739,0.4572647944213695,10.934583333333334,243,-21.6,33.6,-0.9921000000000004,88.84,157.10399999999996,1,2,3,1,0,0,33.3336,0,6,7.621079907022825,1,1,22,12600,2,0,0.018021265092809515,0,1,91.7,1,1500,25,,5.5
"Favipiravir",0.045710802986439134,0.45710802986439136,91.42160597287827,0.45710802986439136,10.938333333333333,288,-21.3,58.9,-0.9921000000000004,88.84,157.10399999999996,1,2,3,1,0,0,33.3336,0,6,7.618467164406521,1,1,22,12600,2,0,0.018021265092809515,0,1,91.7,1,1500,25,,5.5
"Favipiravir",0.005970981032183588,0.23883924128734352,95.53569651493741,0.23883924128734352,20.934583333333332,231,-20.3,37.4,-0.9921000000000004,88.84,157.10399999999996,1,2,3,1,0,0,33.3336,0,6,3.9806540214557247,1,1,22,12600,2,0,0.018021265092809515,0,1,91.7,1,1500,25,,5.5
"Favipiravir",0.0238796465812306,0.23879646581230599,95.5185863249224,0.23879646581230599,20.938333333333333,274,-21.2,69.4,-0.9921000000000004,88.84,157.10399999999996,1,2,3,1,0,0,33.3336,0,6,3.9799410968717663,1,1,22,12600,2,0,0.018021265092809515,0,1,91.7,1,1500,25,,5.5
"Favipiravir",0.02930994874719773,0.475296466170774,95.05929323415481,0.475296466170774,10.51975,258,-22.5,63.3,-0.9921000000000004,88.84,157.10399999999996,1,2,3,1,0,0,33.3336,0,6,3.96080388475645,1,1,22,12600,2,0,0.018021265092809515,0,1,91.7,1,1500,25,,5.5
"Favipiravir",0.027158554577684475,0.4404089931516401,88.08179863032804,0.4404089931516401,11.353083333333332,281,-20.4,82.8,-0.9921000000000004,88.84,157.10399999999996,1,2,3,1,0,0,33.3336,0,6,11.010224828791005,1,1,22,12600,2,0,0.018021265092809515,0,1,91.7,1,1500,25,,5.5
"Favipiravir",0.015026173970605555,0.2436676860098198,97.46707440392792,0.2436676860098198,20.51975,245,-22.6,73.7,-0.9921000000000004,88.84,157.10399999999996,1,2,3,1,0,0,33.3336,0,6,2.0305640500818316,1,1,22,12600,2,0,0.018021265092809515,0,1,91.7,1,1500,25,,5.5
"Favipiravir",0.014439756943766903,0.23415822070973355,93.66328828389342,0.23415822070973355,21.353083333333334,248,-19.9,84.2,-0.9921000000000004,88.84,157.10399999999996,1,2,3,1,0,0,33.3336,0,6,5.853955517743339,1,1,22,12600,2,0,0.018021265092809515,0,1,91.7,1,1500,25,,5.5
"Favipiravir",0.019347720367920433,0.3137468167770881,94.12404503312644,0.3137468167770881,15.936416666666666,258,-21.4,90.7,-0.9921000000000004,88.84,157.10399999999996,1,2,3,1,0,0,33.3336,0,6,5.229113612951468,1,1,22,12600,2,0,0.018021265092809515,0,1,91.7,1,1500,25,,5.5
"Favipiravir",0.019347720367920433,0.3137468167770881,94.12404503312644,0.3137468167770881,15.936416666666666,260,-22,87.1,-0.9921000000000004,88.84,157.10399999999996,1,2,3,1,0,0,33.3336,0,6,5.229113612951468,1,1,22,12600,2,0,0.018021265092809515,0,1,91.7,1,1500,25,,5.5
"Favipiravir",0.019347720367920433,0.3137468167770881,94.12404503312644,0.3137468167770881,15.936416666666666,251,-21.2,89.8,-0.9921000000000004,88.84,157.10399999999996,1,2,3,1,0,0,33.3336,0,6,5.229113612951468,1,1,22,12600,2,0,0.018021265092809515,0,1,91.7,1,1500,25,,5.5
"Favipiravir",0.020871059820140574,0.36831282035542184,91.34157944814463,0.36831282035542184,13.575416666666667,233.5,-21.6,84.6,-0.9921000000000004,88.84,157.10399999999996,1,2,3,1,0,0,33.3336,0,6,7.900923851324391,1,1,22,12600,2,0,0.018021265092809515,0,1,91.7,1,1500,25,,5.5
"Astaxanthin",0.003440169715039275,0.06880339430078551,99.76492173613899,0.0768304569692105,30.070689655172412,198,32.4,52.7,8.905400000000004,74.6,596.8520000000002,10,2,4,0,0,2,184.95159999999947,0.4,4,0.08600424287598189,1,1,15,1310,2,0,0.018021265092809515,0,1,98,0,1000,25,15,
"Astaxanthin",0.010319799107910699,0.06879866071940466,99.75805804313676,0.07682517113666855,30.072758620689655,337,24.7,65.4,8.905400000000004,74.6,596.8520000000002,10,2,4,0,0,2,184.95159999999947,0.4,4,0.08599832589925582,1,1,15,1310,2,0,0.018021265092809515,0,1,98,0,1000,25,15,
"Astaxanthin",0.002066044557694294,0.04132089115388588,99.85882028855755,0.0461416617885059,50.07068965517242,288,28.2,61.7,8.905400000000004,74.6,596.8520000000002,10,2,4,0,0,2,184.95159999999947,0.4,4,0.05165111394235735,1,1,15,1310,2,0,0.018021265092809515,0,1,98,0,1000,25,15,
"Astaxanthin",0.006197877571258375,0.041319183808389164,99.85469420360715,0.04613975525270124,50.07275862068966,353,21.1,74.3,8.905400000000004,74.6,596.8520000000002,10,2,4,0,0,2,184.95159999999947,0.4,4,0.05164897976048646,1,1,15,1310,2,0,0.018021265092809515,0,1,98,0,1000,25,15,
"Astaxanthin",0.0025822000344293333,0.05164400068858666,99.84506799793422,0.05766913410225512,40.06206896551725,173,30.3,55.8,8.905400000000004,74.6,596.8520000000002,10,2,4,0,0,2,184.95159999999947,0.4,4,0.043036667240488886,1,1,15,1310,2,0,0.018021265092809515,0,1,98,0,1000,25,15,
"Astaxanthin",0.007746200058526843,0.05164133372351229,99.8399118654571,0.057666155991255394,40.06413793103449,278,23.5,75.2,8.905400000000004,74.6,596.8520000000002,10,2,4,0,0,2,184.95159999999947,0.4,4,0.043034444769593574,1,1,15,1310,2,0,0.018021265092809515,0,1,98,0,1000,25,15,
"Astaxanthin",0.002581089219650692,0.05162178439301385,99.8021164931601,0.05764432590553213,40.07931034482759,202,26.6,58.3,8.905400000000004,74.6,596.8520000000002,10,2,4,0,0,2,184.95159999999947,0.4,4,0.08603630732168975,1,1,15,1310,2,0,0.018021265092809515,0,1,98,0,1000,25,15,
"Astaxanthin",0.00774286795829175,0.051619119721945,99.79696479576033,0.057641350356171926,40.08137931034483,307,20.7,75.3,8.905400000000004,74.6,596.8520000000002,10,2,4,0,0,2,184.95159999999947,0.4,4,0.08603186620324167,1,1,15,1310,2,0,0.018021265092809515,0,1,98,0,1000,25,15,
"Astaxanthin",0.006882075634011218,0.06882075634011219,99.79009669316267,0.07684984457979195,30.06310344827586,264,25.7,56.3,8.905400000000004,74.6,596.8520000000002,10,2,4,0,0,2,184.95159999999947,0.4,4,0.057350630283426816,1,1,15,1310,2,0,0.018021265092809515,0,1,98,0,1000,25,15,
"Astaxanthin",0.004132715262806251,0.04132715262806251,99.8739521844844,0.04614865376800314,50.06310344827587,312,22.8,67.9,8.905400000000004,74.6,596.8520000000002,10,2,4,0,0,2,184.95159999999947,0.4,4,0.034439293856718754,1,1,15,1310,2,0,0.018021265092809515,0,1,98,0,1000,25,15,
"Astaxanthin",0.006878130982541011,0.06878130982541011,99.73289924684467,0.07680579597170796,30.080344827586206,277,24.1,61.1,8.905400000000004,74.6,596.8520000000002,10,2,4,0,0,2,184.95159999999947,0.4,4,0.11463551637568353,1,1,15,1310,2,0,0.018021265092809515,0,1,98,0,1000,25,15,
"Astaxanthin",0.004131292474850757,0.04131292474850756,99.83956814222663,0.04613276596916679,50.08034482758621,342,19.1,68.7,8.905400000000004,74.6,596.8520000000002,10,2,4,0,0,2,184.95159999999947,0.4,4,0.06885487458084595,1,1,15,1310,2,0,0.018021265092809515,0,1,98,0,1000,25,15,
"Astaxanthin",0.005163155720776537,0.051631557207765376,99.82101060167975,0.057655238882004675,40.07172413793104,286,20.1,62.8,8.905400000000004,74.6,596.8520000000002,10,2,4,0,0,2,184.95159999999947,0.4,4,0.06453944650970672,1,1,15,1310,2,0,0.018021265092809515,0,1,98,0,1000,25,15,
"Astaxanthin",0.005163155720776537,0.051631557207765376,99.82101060167975,0.057655238882004675,40.07172413793104,275,21.3,63.2,8.905400000000004,74.6,596.8520000000002,10,2,4,0,0,2,184.95159999999947,0.4,4,0.06453944650970672,1,1,15,1310,2,0,0.018021265092809515,0,1,98,0,1000,25,15,
"Astaxanthin",0.005163155720776537,0.051631557207765376,99.82101060167975,0.057655238882004675,40.07172413793104,292,19.7,61.9,8.905400000000004,74.6,596.8520000000002,10,2,4,0,0,2,184.95159999999947,0.4,4,0.06453944650970672,1,1,15,1310,2,0,0.018021265092809515,0,1,98,0,1000,25,15,
"Astaxanthin",0.007121041887550836,0.047473612583672234,99.81327045717087,0.053012200718434,43.58137931034483,264,22.1,71.3,8.905400000000004,74.6,596.8520000000002,10,2,4,0,0,2,184.95159999999947,0.4,4,0.07912268763945372,1,1,15,1310,2,0,0.018021265092809515,0,1,98,0,1000,25,15,
"Astaxanthin",0.006196810708088902,0.041312071387259355,99.83750585254344,0.046131813049106275,50.08137931034483,421,-19.6,72.3,8.905400000000004,74.6,596.8520000000002,10,2,4,0,0,2,184.95159999999947,0.4,4,0.06885345231209893,1,1,15,1310,2,0,0.018021265092809515,0,1,98,0,1000,25,15,
"Astaxanthin",0.0034391837670526195,0.0687836753410524,99.73632924452596,0.07680843746417518,30.079310344827583,311,-30.2,53.4,8.905400000000004,74.6,596.8520000000002,10,2,4,0,0,2,184.95159999999947,0.4,4,0.11463945890175398,1,1,15,1310,2,0,0.018021265092809515,0,1,98,0,1000,25,15,
"Astaxanthin",0.006198944801840397,0.04132629867893598,99.8718884740953,0.04614770019147852,50.06413793103449,393,-20.7,67.2,8.905400000000004,74.6,596.8520000000002,10,2,4,0,0,2,184.95159999999947,0.4,4,0.03443858223244665,1,1,15,1310,2,0,0.018021265092809515,0,1,98,0,1000,25,15,
"Astaxanthin",0.0020656889072505676,0.04131377814501135,99.84163051711079,0.04613371892859602,50.07931034482759,354,-26.4,60.1,8.905400000000004,74.6,596.8520000000002,10,2,4,0,0,2,184.95159999999947,0.4,4,0.06885629690835227,1,1,15,1310,2,0,0.018021265092809515,0,1,98,0,1000,25,15,
"Astaxanthin",0.0034391837670526195,0.0687836753410524,99.73632924452596,0.07680843746417518,30.079310344827583,271,-29.5,49.8,8.905400000000004,74.6,596.8520000000002,10,2,4,0,0,2,184.95159999999947,0.4,4,0.11463945890175398,1,1,15,1310,2,0,0.018021265092809515,0,1,98,0,1000,25,15,
"Astaxanthin",0.002066400330624053,0.04132800661248105,99.87601598016255,0.046149607383937176,50.06206896551725,308,-28.1,56.4,8.905400000000004,74.6,596.8520000000002,10,2,4,0,0,2,184.95159999999947,0.4,4,0.03444000551040088,1,1,15,1310,2,0,0.018021265092809515,0,1,98,0,1000,25,15,
"Astaxanthin",0.010316841670869823,0.06877894447246549,99.72946948507497,0.0768031546609198,30.08137931034483,339,-22.6,58.8,8.905400000000004,74.6,596.8520000000002,10,2,4,0,0,2,184.95159999999947,0.4,4,0.11463157412077583,1,1,15,1310,2,0,0.018021265092809515,0,1,98,0,1000,25,15,
"Astaxanthin",0.010322758241001996,0.06881838827334663,99.78666299635263,0.07684720023857042,30.064137931034484,247,-25.5,63.5,8.905400000000004,74.6,596.8520000000002,10,2,4,0,0,2,184.95159999999947,0.4,4,0.057348656894455535,1,1,15,1310,2,0,0.018021265092809515,0,1,98,0,1000,25,15,
"Astaxanthin",0.010322758241001996,0.06881838827334663,99.78666299635263,0.07684720023857042,30.064137931034484,257,-24.8,61.3,8.905400000000004,74.6,596.8520000000002,10,2,4,0,0,2,184.95159999999947,0.4,4,0.057348656894455535,1,1,15,1310,2,0,0.018021265092809515,0,1,98,0,1000,25,15,
"Astaxanthin",0.002066400330624053,0.04132800661248105,99.87601598016255,0.046149607383937176,50.06206896551725,298,-21.2,58.3,8.905400000000004,74.6,596.8520000000002,10,2,4,0,0,2,184.95159999999947,0.4,4,0.03444000551040088,1,1,15,1310,2,0,0.018021265092809515,0,1,98,0,1000,25,15,
"Astaxanthin",0.006196810708088902,0.041312071387259355,99.83750585254344,0.046131813049106275,50.08137931034483,438,-18.3,67.8,8.905400000000004,74.6,596.8520000000002,10,2,4,0,0,2,184.95159999999947,0.4,4,0.06885345231209893,1,1,15,1310,2,0,0.018021265092809515,0,1,98,0,1000,25,15,
"Astaxanthin",0.0034411562284927736,0.06882312456985547,99.79353062629043,0.07685248910300528,30.06206896551724,227,-27.7,48.8,8.905400000000004,74.6,596.8520000000002,10,2,4,0,0,2,184.95159999999947,0.4,4,0.05735260380821289,1,1,15,1310,2,0,0.018021265092809515,0,1,98,0,1000,25,15,
"Glipizide",11.76470588235294,58.82352941176471,0,0,0.8947368421052632,1252,-23.97,92.51,2.0781199999999993,130.15,445.54500000000024,7,3,6,2,1,1,114.97440000000005,0.42857142857142855,10,29.411764705882355,0,0,0,0,2,0,0.018021265092809515,0,1,60,1,1000,25,,5.95
"Glipizide",58.82352941176471,11.76470588235294,0,0,0.8947368421052632,4522,31.23,94.46,2.0781199999999993,130.15,445.54500000000024,7,3,6,2,1,1,114.97440000000005,0.42857142857142855,10,29.411764705882355,0,0,0,0,2,0,0.018021265092809515,0,1,60,1,500,25,,5.95
"Glipizide",58.82352941176471,11.76470588235294,0,0,0.8947368421052632,3340,11.3,92.17,2.0781199999999993,130.15,445.54500000000024,7,3,6,2,1,1,114.97440000000005,0.42857142857142855,10,29.411764705882355,0,0,0,0,2,0,0.018021265092809515,0,1,60,1,1000,25,,5.95
"Glipizide",25,12.5,0,0,0.42105263157894735,311.9,-21.37,92.89,2.0781199999999993,130.15,445.54500000000024,7,3,6,2,1,1,114.97440000000005,0.42857142857142855,10,62.5,0,0,0,0,2,0,0.018021265092809515,0,1,60,1,1000,25,,5.95
"Glipizide",6.25,62.5,0,0,0.8421052631578947,433.6,-31.67,91.88,2.0781199999999993,130.15,445.54500000000024,7,3,6,2,1,1,114.97440000000005,0.42857142857142855,10,31.25,0,0,0,0,2,0,0.018021265092809515,0,1,60,1,1000,25,,5.95
"Glipizide",22.22222222222222,22.22222222222222,0,0,0.47368421052631576,359.9,-23.17,92.9,2.0781199999999993,130.15,445.54500000000024,7,3,6,2,1,1,114.97440000000005,0.42857142857142855,10,55.55555555555556,0,0,0,0,2,0,0.018021265092809515,0,1,60,1,1000,25,,5.95
"Glipizide",12.5,25,0,0,0.42105263157894735,387.5,-25.9,94.1,2.0781199999999993,130.15,445.54500000000024,7,3,6,2,1,1,114.97440000000005,0.42857142857142855,10,62.5,0,0,0,0,2,0,0.018021265092809515,0,1,60,1,2000,25,,5.95
"Glipizide",25,12.5,0,0,0.42105263157894735,709.3,-24.83,92.2,2.0781199999999993,130.15,445.54500000000024,7,3,6,2,1,1,114.97440000000005,0.42857142857142855,10,62.5,0,0,0,0,2,0,0.018021265092809515,0,1,60,1,2000,25,,5.95
"Glipizide",58.82352941176471,11.76470588235294,0,0,0.8947368421052632,661.1,-14.77,91.61,2.0781199999999993,130.15,445.54500000000024,7,3,6,2,1,1,114.97440000000005,0.42857142857142855,10,29.411764705882355,0,0,0,0,2,0,0.018021265092809515,0,1,60,1,1000,25,,5.95
"Glipizide",22.22222222222222,22.22222222222222,0,0,0.47368421052631576,399.9,-25.17,91.9,2.0781199999999993,130.15,445.54500000000024,7,3,6,2,1,1,114.97440000000005,0.42857142857142855,10,55.55555555555556,0,0,0,0,2,0,0.018021265092809515,0,1,60,1,1000,25,,5.95
"Glipizide",62.5,6.25,0,0,0.8421052631578947,2010,-19.23,91.96,2.0781199999999993,130.15,445.54500000000024,7,3,6,2,1,1,114.97440000000005,0.42857142857142855,10,31.25,0,0,0,0,2,0,0.018021265092809515,0,1,60,1,1000,25,,5.95
"Glipizide",12.5,25,0,0,0.42105263157894735,713.7,-20.87,91.54,2.0781199999999993,130.15,445.54500000000024,7,3,6,2,1,1,114.97440000000005,0.42857142857142855,10,62.5,0,0,0,0,2,0,0.018021265092809515,0,1,60,1,1000,25,,5.95
"Glipizide",22.22222222222222,22.22222222222222,0,0,0.47368421052631576,603,10.06,92.06,2.0781199999999993,130.15,445.54500000000024,7,3,6,2,1,1,114.97440000000005,0.42857142857142855,10,55.55555555555556,0,0,0,0,2,0,0.018021265092809515,0,1,60,1,2000,25,,5.95
"Glipizide",11.76470588235294,58.82352941176471,0,0,0.8947368421052632,431.9,-37.8,93.79,2.0781199999999993,130.15,445.54500000000024,7,3,6,2,1,1,114.97440000000005,0.42857142857142855,10,29.411764705882355,0,0,0,0,2,0,0.018021265092809515,0,1,60,1,500,25,,5.95
"Glipizide",25,12.5,0,0,0.42105263157894735,1108,-25.83,92.1,2.0781199999999993,130.15,445.54500000000024,7,3,6,2,1,1,114.97440000000005,0.42857142857142855,10,62.5,0,0,0,0,2,0,0.018021265092809515,0,1,60,1,500,25,,5.95
"Glipizide",11.76470588235294,58.82352941176471,0,0,0.8947368421052632,356.5,-35.53,92.95,2.0781199999999993,130.15,445.54500000000024,7,3,6,2,1,1,114.97440000000005,0.42857142857142855,10,29.411764705882355,0,0,0,0,2,0,0.018021265092809515,0,1,60,1,1000,25,,5.95
"Glipizide",12.5,25,0,0,0.42105263157894735,233.9,-23.47,90.38,2.0781199999999993,130.15,445.54500000000024,7,3,6,2,1,1,114.97440000000005,0.42857142857142855,10,62.5,0,0,0,0,2,0,0.018021265092809515,0,1,60,1,500,25,,5.95
"Glipizide",22.22222222222222,22.22222222222222,0,0,0.47368421052631576,496,-28,92.34,2.0781199999999993,130.15,445.54500000000024,7,3,6,2,1,1,114.97440000000005,0.42857142857142855,10,55.55555555555556,0,0,0,0,2,0,0.018021265092809515,0,1,60,1,2000,25,,5.95
"Glipizide",12.5,25,0,0,0.42105263157894735,353.6,-30.97,91.92,2.0781199999999993,130.15,445.54500000000024,7,3,6,2,1,1,114.97440000000005,0.42857142857142855,10,62.5,0,0,0,0,2,0,0.018021265092809515,0,1,60,1,1000,25,,5.95
"Glipizide",25,12.5,0,0,0.42105263157894735,4284,-26.13,90.33,2.0781199999999993,130.15,445.54500000000024,7,3,6,2,1,1,114.97440000000005,0.42857142857142855,10,62.5,0,0,0,0,2,0,0.018021265092809515,0,1,60,1,1000,25,,5.95
"Glipizide",58.82352941176471,11.76470588235294,0,0,0.8947368421052632,889.7,16.33,93.17,2.0781199999999993,130.15,445.54500000000024,7,3,6,2,1,1,114.97440000000005,0.42857142857142855,10,29.411764705882355,0,0,0,0,2,0,0.018021265092809515,0,1,60,1,2000,25,,5.95
"Glipizide",22.22222222222222,22.22222222222222,0,0,0.47368421052631576,359.9,-27.17,93.9,2.0781199999999993,130.15,445.54500000000024,7,3,6,2,1,1,114.97440000000005,0.42857142857142855,10,55.55555555555556,0,0,0,0,2,0,0.018021265092809515,0,1,60,1,1000,25,,5.95
"Glipizide",40,40,0,0,1.3157894736842106,675,-33.93,92.83,2.0781199999999993,130.15,445.54500000000024,7,3,6,2,1,1,114.97440000000005,0.42857142857142855,10,20,0,0,0,0,2,0,0.018021265092809515,0,1,60,1,1000,25,,5.95
"Glipizide",22.22222222222222,22.22222222222222,0,0,0.47368421052631576,173,9.607,92.37,2.0781199999999993,130.15,445.54500000000024,7,3,6,2,1,1,114.97440000000005,0.42857142857142855,10,55.55555555555556,0,0,0,0,2,0,0.018021265092809515,0,1,60,1,500,25,,5.95
"Glipizide",14.285714285714285,14.285714285714285,0,0,0.3684210526315789,372.3,-29.93,93.46,2.0781199999999993,130.15,445.54500000000024,7,3,6,2,1,1,114.97440000000005,0.42857142857142855,10,71.42857142857143,0,0,0,0,2,0,0.018021265092809515,0,1,60,1,1000,25,,5.95
"Glipizide",22.22222222222222,22.22222222222222,0,0,0.47368421052631576,703,-16.1,92.37,2.0781199999999993,130.15,445.54500000000024,7,3,6,2,1,1,114.97440000000005,0.42857142857142855,10,55.55555555555556,0,0,0,0,2,0,0.018021265092809515,0,1,60,1,500,25,,5.95
"Glipizide",11.76470588235294,58.82352941176471,0,0,0.8947368421052632,384.8,-32.57,90.15,2.0781199999999993,130.15,445.54500000000024,7,3,6,2,1,1,114.97440000000005,0.42857142857142855,10,29.411764705882355,0,0,0,0,2,0,0.018021265092809515,0,1,60,1,2000,25,,5.95
"5-FU",35.294117647058826,58.82352941176471,0,0,0.85,329,,6.19,-0.7977000000000001,65.72,130.07799999999997,0,2,2,1,0,0,27.641399999999997,0,5,5.88235294117647,0,0,0,0,0,0,0,0,0,,2,500,,5,
"5-FU",42.10526315789473,52.63157894736842,0,0,0.95,345,,9.98,-0.7977000000000001,65.72,130.07799999999997,0,2,2,1,0,0,27.641399999999997,0,5,5.263157894736842,0,0,0,0,0,0,0,0,0,,2,500,,5,
"5-FU",47.61904761904761,47.61904761904761,0,0,1.05,376,,12.29,-0.7977000000000001,65.72,130.07799999999997,0,2,2,1,0,0,27.641399999999997,0,5,4.761904761904762,0,0,0,0,0,0,0,0,0,,2,500,,5,
"5-FU",27.27272727272727,68.18181818181817,0,0,1.1,355,,14.31,-0.7977000000000001,65.72,130.07799999999997,0,2,2,1,0,0,27.641399999999997,0,5,4.545454545454546,0,0,0,0,0,0,0,0,0,,2,500,,5,
"5-FU",33.33333333333333,62.5,0,0,1.2,377,,16.83,-0.7977000000000001,65.72,130.07799999999997,0,2,2,1,0,0,27.641399999999997,0,5,4.166666666666666,0,0,0,0,0,0,0,0,0,,2,500,,5,
"5-FU",38.46153846153847,57.692307692307686,0,0,1.3,367,,15.52,-0.7977000000000001,65.72,130.07799999999997,0,2,2,1,0,0,27.641399999999997,0,5,3.8461538461538463,0,0,0,0,0,0,0,0,0,,2,500,,5,
"5-FU",22.22222222222222,74.07407407407408,0,0,1.35,362,,13.29,-0.7977000000000001,65.72,130.07799999999997,0,2,2,1,0,0,27.641399999999997,0,5,3.7037037037037033,0,0,0,0,0,0,0,0,0,,2,500,,5,
"5-FU",27.586206896551722,68.96551724137932,0,0,1.45,381,,18.5,-0.7977000000000001,65.72,130.07799999999997,0,2,2,1,0,0,27.641399999999997,0,5,3.4482758620689653,0,0,0,0,0,0,0,0,0,,2,500,,5,
"5-FU",32.25806451612903,64.51612903225806,0,0,1.55,412,,26.66,-0.7977000000000001,65.72,130.07799999999997,0,2,2,1,0,0,27.641399999999997,0,5,3.225806451612903,0,0,0,0,0,0,0,0,0,,2,500,,5,
"5-FU",35.294117647058826,58.82352941176471,0,0,0.85,412,,6.19,-0.7977000000000001,65.72,130.07799999999997,0,2,2,1,0,0,27.641399999999997,0,5,5.88235294117647,0,0,0,0,0,0,0,0,0,,2,500,,5,
"5-FU",42.10526315789473,52.63157894736842,0,0,0.95,425,,9.98,-0.7977000000000001,65.72,130.07799999999997,0,2,2,1,0,0,27.641399999999997,0,5,5.263157894736842,0,0,0,0,0,0,0,0,0,,2,500,,5,
"5-FU",47.61904761904761,47.61904761904761,0,0,1.05,436,,12.29,-0.7977000000000001,65.72,130.07799999999997,0,2,2,1,0,0,27.641399999999997,0,5,4.761904761904762,0,0,0,0,0,0,0,0,0,,2,500,,5,
"5-FU",27.27272727272727,68.18181818181817,0,0,1.1,435,,14.31,-0.7977000000000001,65.72,130.07799999999997,0,2,2,1,0,0,27.641399999999997,0,5,4.545454545454546,0,0,0,0,0,0,0,0,0,,2,500,,5,
"5-FU",33.33333333333333,62.5,0,0,1.2,427,,16.83,-0.7977000000000001,65.72,130.07799999999997,0,2,2,1,0,0,27.641399999999997,0,5,4.166666666666666,0,0,0,0,0,0,0,0,0,,2,500,,5,
"5-FU",38.46153846153847,57.692307692307686,0,0,1.3,478,,15.52,-0.7977000000000001,65.72,130.07799999999997,0,2,2,1,0,0,27.641399999999997,0,5,3.8461538461538463,0,0,0,0,0,0,0,0,0,,2,500,,5,
"5-FU",22.22222222222222,74.07407407407408,0,0,1.35,425,,13.29,-0.7977000000000001,65.72,130.07799999999997,0,2,2,1,0,0,27.641399999999997,0,5,3.7037037037037033,0,0,0,0,0,0,0,0,0,,2,500,,5,
"5-FU",27.586206896551722,68.96551724137932,0,0,1.45,469,,18.5,-0.7977000000000001,65.72,130.07799999999997,0,2,2,1,0,0,27.641399999999997,0,5,3.4482758620689653,0,0,0,0,0,0,0,0,0,,2,500,,5,
"5-FU",32.25806451612903,64.51612903225806,0,0,1.55,505,,26.66,-0.7977000000000001,65.72,130.07799999999997,0,2,2,1,0,0,27.641399999999997,0,5,3.225806451612903,0,0,0,0,0,0,0,0,0,,2,500,,5,
"Ofloxacin",25,0,0,25,0.16666666666666666,113.8,16.2,19.78,1.544,75.01,361.3730000000001,2,1,6,2,1,2,95.04130000000006,0.4444444444444444,8,50,0,0,0,0,0,-5,0,-0.013592127439786874,1,85,1,1000,25,,
"Ofloxacin",50,0,0,16.666666666666664,0.25,165.5,23.8,28.62,1.544,75.01,361.3730000000001,2,1,6,2,1,2,95.04130000000006,0.4444444444444444,8,33.33333333333333,0,0,0,0,0,-5,0,-0.013592127439786874,1,85,1,1000,25,,
"Ofloxacin",66.66666666666666,0,0,14.285714285714285,0.4375,287.4,30.6,24.06,1.544,75.01,361.3730000000001,2,1,6,2,1,2,95.04130000000006,0.4444444444444444,8,19.047619047619047,0,0,0,0,0,-5,0,-0.013592127439786874,1,85,1,1000,25,,
"Ofloxacin",74.07407407407408,0,0,11.11111111111111,0.5625,396.1,40.3,33.1,1.544,75.01,361.3730000000001,2,1,6,2,1,2,95.04130000000006,0.4444444444444444,8,14.814814814814813,0,0,0,0,0,-5,0,-0.013592127439786874,1,85,1,1000,25,,
"Ofloxacin",45.45454545454546,1.5151515151515154,0,22.72727272727273,0.2357142857142857,227.6,28.1,29.88,1.544,75.01,361.3730000000001,2,1,6,2,1,2,95.04130000000006,0.4444444444444444,8,30.303030303030305,0,0,0,0,0,-5,0,-0.013592127439786874,1,85,1,1000,25,,
"Ofloxacin",44.776119402985074,2.9850746268656714,0,22.388059701492537,0.2392857142857143,243.1,32.4,29.77,1.544,75.01,361.3730000000001,2,1,6,2,1,2,95.04130000000006,0.4444444444444444,8,29.850746268656714,0,0,0,0,0,-5,0,-0.013592127439786874,1,85,1,1000,25,,
"Ofloxacin",63.63636363636363,4.545454545454546,0,13.636363636363635,0.39285714285714285,439.8,37.4,24.82,1.544,75.01,361.3730000000001,2,1,6,2,1,2,95.04130000000006,0.4444444444444444,8,18.181818181818183,0,0,0,0,0,-5,0,-0.013592127439786874,1,85,1,1000,25,,
"Ofloxacin",60.86956521739131,8.695652173913043,0,13.043478260869565,0.4107142857142857,509,35.3,22.95,1.544,75.01,361.3730000000001,2,1,6,2,1,2,95.04130000000006,0.4444444444444444,8,17.391304347826086,0,0,0,0,0,-5,0,-0.013592127439786874,1,85,1,1000,25,,
"Curcumin diethyl disuccinate (CDD)",0.014750422845454903,0.05900169138181961,99.5653542068206,0.0658852220430319,40.6768,327,-27.3,51.2,3.7261000000000024,157.79999999999998,598.6010000000002,17,0,12,1,0,1,151.3779999999998,0.3548387096774194,12,0.2950084569090981,1,1,15,1310,2,0,0.018021265092809515,0,1,85,1,1000,25,15,
"Zeaxanthin",0.015685864421845178,0.2614310736974197,98.55951478392723,0.2919313656287853,7.914,268,25.2,75.4,10.547399999999993,40.46,568.8860000000002,10,2,2,0,0,2,184.17159999999944,0.45,2,0.8714369123247322,0,1,22,12600,2,0,0.018021265092809515,0,1,85,1,1000,25,15,
"Turmerone",0.025165462918690387,0.15099277751214232,39.258122153157004,0.1686086015552256,16.557083333333335,184.8,-21.8,70.3,4.023920000000003,17.07,216.32399999999996,4,0,1,1,0,0,68.64900000000004,0.4,1,60.39711100485693,1,1,22,12600,2,0,0.018021265092809515,0,1,91.74,1,1000,,15,5.45
"α-mangostin + Resveratrol",2.380952380952381,2.380952380952381,0,0,21,948,46.6,,4.031400000000003,80.41,319.3565000000001,3.5,3,4.5,2.5,0,0,92.30640000000002,0.14583333333333334,4.5,95.23809523809523,0,0,0,0,0,0,0,0,0,85,1,750,25,,5.25
"α-mangostin + Resveratrol",1.2195121951219512,1.2195121951219512,0,0,41,319,41.6,,4.560200000000004,90.27000000000001,364.91125000000017,4.25,3,5.25,2.75,0,0,105.05640000000004,0.21875,5.25,97.5609756097561,0,0,0,0,0,0,0,0,0,85,1,750,25,,5.25
"α-mangostin + Resveratrol",1.2195121951219512,1.2195121951219512,0,0,41,485,43.3,,3.5026000000000024,70.55,273.80175,2.75,3,3.75,2.25,0,0,79.55640000000002,0.07291666666666667,3.75,97.5609756097561,0,0,0,0,0,0,0,0,0,85,1,750,25,,5.25
"α-mangostin + Resveratrol",0.819672131147541,0.819672131147541,0,0,61,390,45.6,,4.031400000000003,80.41,319.3565000000001,3.5,3,4.5,2.5,0,0,92.30640000000002,0.14583333333333334,4.5,98.36065573770492,0,0,0,0,0,0,0,0,0,85,1,750,25,,5.25
"α-mangostin + Resveratrol",0.6172839506172839,0.6172839506172839,0,0,40.5,595,41.1,,4.031400000000003,80.41,319.3565000000001,3.5,3,4.5,2.5,0,0,92.30640000000002,0.14583333333333334,4.5,98.76543209876543,0,0,0,0,0,0,0,0,0,85,1,750,25,,5.25
"α-mangostin + Resveratrol",1.8292682926829267,0.6097560975609756,0,0,41,734,52.1,,4.031400000000003,80.41,319.3565000000001,3.5,3,4.5,2.5,0,0,92.30640000000002,0.14583333333333334,4.5,97.5609756097561,0,0,0,0,0,0,0,0,0,85,1,750,25,,5.25
"α-mangostin + Resveratrol",0.6097560975609756,1.8292682926829267,0,0,41,2453,-26.4,,4.031400000000003,80.41,319.3565000000001,3.5,3,4.5,2.5,0,0,92.30640000000002,0.14583333333333334,4.5,97.5609756097561,0,0,0,0,0,0,0,0,0,85,1,750,25,,5.25
"α-mangostin + Resveratrol",1.8072289156626504,1.8072289156626504,0,0,41.5,441,40.7,,4.031400000000003,80.41,319.3565000000001,3.5,3,4.5,2.5,0,0,92.30640000000002,0.14583333333333334,4.5,96.3855421686747,0,0,0,0,0,0,0,0,0,85,1,750,25,,5.25
"α-mangostin + Resveratrol",1.6260162601626018,0.8130081300813009,0,0,30.75,656,51.1,,3.678866666666669,73.83666666666666,288.9866666666667,3,3,4,2.333333333333333,0,0,83.80640000000002,0.09722222222222222,4,97.56097560975608,0,0,0,0,0,0,0,0,0,85,1,750,25,,5.25
"α-mangostin + Resveratrol",0.9852216748768473,0.49261083743842365,0,0,50.75,660,52.4,,4.242920000000003,84.354,337.5784000000001,3.8,3,4.8,2.5999999999999996,0,0,97.40640000000003,0.17500000000000002,4.8,98.52216748768473,0,0,0,0,0,0,0,0,0,85,1,750,25,,5.25
"α-mangostin + Resveratrol",1.6,2.4,0,0,31.25,40107,6.5,,3.678866666666669,73.83666666666666,288.9866666666667,3,3,4,2.333333333333333,0,0,83.80640000000002,0.09722222222222222,4,96,0,0,0,0,0,0,0,0,0,85,1,750,25,,5.25
"α-mangostin + Resveratrol",0.975609756097561,1.4634146341463417,0,0,51.25,28990,25.2,,4.242920000000003,84.354,337.5784000000001,3.8,3,4.8,2.5999999999999996,0,0,97.40640000000003,0.17500000000000002,4.8,97.5609756097561,0,0,0,0,0,0,0,0,0,85,1,750,25,,5.25
"α-mangostin + Resveratrol",0.8130081300813009,1.6260162601626018,0,0,30.75,643,-17.6,,4.383933333333337,86.98333333333332,349.72633333333346,3.9999999999999996,3,5,2.6666666666666665,0,0,100.80640000000002,0.19444444444444445,5,97.56097560975608,0,0,0,0,0,0,0,0,0,85,1,750,25,,5.25
"α-mangostin + Resveratrol",0.49261083743842365,0.9852216748768473,0,0,50.75,536,-18.8,,3.819880000000003,76.46600000000001,301.1346000000001,3.2,3,4.2,2.4000000000000004,0,0,87.20640000000003,0.11666666666666668,4.2,98.52216748768473,0,0,0,0,0,0,0,0,0,85,1,750,25,,5.25
"α-mangostin + Resveratrol",2.4,1.6,0,0,31.25,585,55.9,,4.383933333333337,86.98333333333332,349.72633333333346,3.9999999999999996,3,5,2.6666666666666665,0,0,100.80640000000002,0.19444444444444445,5,96,0,0,0,0,0,0,0,0,0,85,1,750,25,,5.25
"α-mangostin + Resveratrol",1.4634146341463417,0.975609756097561,0,0,51.25,2361,52,,3.819880000000003,76.46600000000001,301.1346000000001,3.2,3,4.2,2.4000000000000004,0,0,87.20640000000003,0.11666666666666668,4.2,97.5609756097561,0,0,0,0,0,0,0,0,0,85,1,750,25,,5.25
"α-mangostin + Resveratrol",0.8130081300813009,1.6260162601626018,0,0,30.75,2556,-17.4,,3.678866666666669,73.83666666666666,288.9866666666667,3,3,4,2.333333333333333,0,0,83.80640000000002,0.09722222222222222,4,97.56097560975608,0,0,0,0,0,0,0,0,0,85,1,750,25,,5.25
"α-mangostin + Resveratrol",0.49261083743842365,0.9852216748768473,0,0,50.75,1294,-16.1,,4.242920000000003,84.354,337.5784000000001,3.8,3,4.8,2.5999999999999996,0,0,97.40640000000003,0.17500000000000002,4.8,98.52216748768473,0,0,0,0,0,0,0,0,0,85,1,750,25,,5.25
"α-mangostin + Resveratrol",2.4,1.6,0,0,31.25,505,52.8,,3.678866666666669,73.83666666666666,288.9866666666667,3,3,4,2.333333333333333,0,0,83.80640000000002,0.09722222222222222,4,96,0,0,0,0,0,0,0,0,0,85,1,750,25,,5.25
"α-mangostin + Resveratrol",1.4634146341463417,0.975609756097561,0,0,51.25,522,51.8,,4.242920000000003,84.354,337.5784000000001,3.8,3,4.8,2.5999999999999996,0,0,97.40640000000003,0.17500000000000002,4.8,97.5609756097561,0,0,0,0,0,0,0,0,0,85,1,750,25,,5.25
"α-mangostin + Resveratrol",1.6260162601626018,0.8130081300813009,0,0,30.75,668,53.3,,4.383933333333337,86.98333333333332,349.72633333333346,3.9999999999999996,3,5,2.6666666666666665,0,0,100.80640000000002,0.19444444444444445,5,97.56097560975608,0,0,0,0,0,0,0,0,0,85,1,750,25,,5.25
"α-mangostin + Resveratrol",0.9852216748768473,0.49261083743842365,0,0,50.75,674,49.9,,3.819880000000003,76.46600000000001,301.1346000000001,3.2,3,4.2,2.4000000000000004,0,0,87.20640000000003,0.11666666666666668,4.2,98.52216748768473,0,0,0,0,0,0,0,0,0,85,1,750,25,,5.25
"α-mangostin + Resveratrol",1.6,2.4,0,0,31.25,25650,2.5,,4.383933333333337,86.98333333333332,349.72633333333346,3.9999999999999996,3,5,2.6666666666666665,0,0,100.80640000000002,0.19444444444444445,5,96,0,0,0,0,0,0,0,0,0,85,1,750,25,,5.25
"α-mangostin + Resveratrol",0.975609756097561,1.4634146341463417,0,0,51.25,31773,8.7,,3.819880000000003,76.46600000000001,301.1346000000001,3.2,3,4.2,2.4000000000000004,0,0,87.20640000000003,0.11666666666666668,4.2,97.5609756097561,0,0,0,0,0,0,0,0,0,85,1,750,25,,5.25
"α-mangostin + Resveratrol",1.2195121951219512,1.2195121951219512,0,0,41,503,42.2,,4.031400000000003,80.41,319.3565000000001,3.5,3,4.5,2.5,0,0,92.30640000000002,0.14583333333333334,4.5,97.5609756097561,0,0,0,0,0,0,0,0,0,85,1,750,25,,5.25
"α-mangostin + Resveratrol",1.2269938650306749,0.6134969325153374,0,0,40.75,683,51.8,,4.031400000000003,80.41,319.3565000000001,3.5,3,4.5,2.5,0,0,92.30640000000002,0.14583333333333334,4.5,98.15950920245399,0,0,0,0,0,0,0,0,0,85,1,750,25,,5.25
"α-mangostin + Resveratrol",1.8181818181818181,1.2121212121212122,0,0,41.25,690,48.3,,4.031400000000003,80.41,319.3565000000001,3.5,3,4.5,2.5,0,0,92.30640000000002,0.14583333333333334,4.5,96.96969696969697,0,0,0,0,0,0,0,0,0,85,1,750,25,,5.25
"Turmerone",0.01952298831874532,0.1952298831874532,93.05957765268602,0.21800670289265608,10.745804195804197,667,-21.8,68.5,4.023920000000003,17.07,216.32399999999996,4,0,1,1,0,0,68.64900000000004,0.4,1,6.507662772915107,1,1,15,1310,2,0,0.018021265092809515,0,1,92,1,,25,15,
"Turmerone",0.01952298831874532,0.1952298831874532,93.05957765268602,0.21800670289265608,10.745804195804197,522,-22.2,67.3,4.023920000000003,17.07,216.32399999999996,4,0,1,1,0,0,68.64900000000004,0.4,1,6.507662772915107,1,1,15,1310,2,0,0.018021265092809515,0,1,92,1,,25,15,
"Turmerone",0,0.19526800533732544,93.07774921079181,0.2180492726266801,10.743706293706294,162,-23.1,52,4.023920000000003,17.07,216.32399999999996,4,0,1,1,0,0,68.64900000000004,0.4,1,6.508933511244182,1,1,15,1310,2,0,0.018021265092809515,0,1,,,,25,15,
"Turmerone",0.01952298831874532,0.1952298831874532,93.05957765268602,0.21800670289265608,10.745804195804197,777,,66.3,4.023920000000003,17.07,216.32399999999996,4,0,1,1,0,0,68.64900000000004,0.4,1,6.507662772915107,1,1,15,1310,2,0,0.018021265092809515,0,1,92,1,,25,15,
"Turmerone",0.01952298831874532,0.1952298831874532,93.05957765268602,0.21800670289265608,10.745804195804197,759,,61.9,4.023920000000003,17.07,216.32399999999996,4,0,1,1,0,0,68.64900000000004,0.4,1,6.507662772915107,1,1,15,1310,2,0,0.018021265092809515,0,1,92,1,,25,15,
"Turmerone",0,0.19526800533732544,93.07774921079181,0.2180492726266801,10.743706293706294,162,-23.1,52,4.023920000000003,17.07,216.32399999999996,4,0,1,1,0,0,68.64900000000004,0.4,1,6.508933511244182,1,1,15,1310,2,0,0.018021265092809515,0,1,92,1,,25,15,
"Turmerone",0.013016172594448603,0.19524258891672902,93.06563405030751,0.2180208909570141,10.745104895104895,226.8,-19,,4.023920000000003,17.07,216.32399999999996,4,0,1,1,0,0,68.64900000000004,0.4,1,6.508086297224301,1,1,15,1310,2,0,0.018021265092809515,0,1,92,1,,25,15,
"Turmerone",0.03903835518396824,0.19519177591984122,93.04141318845764,0.21796414977715606,10.747902097902099,,-23,,4.023920000000003,17.07,216.32399999999996,4,0,1,1,0,0,68.64900000000004,0.4,1,6.506392530661374,1,1,15,1310,2,0,0.018021265092809515,0,1,92,1,,25,15,
"Turmerone",0.05441107567673775,0.09068512612789625,63.47958828952738,0.10126505750948417,27.567916666666665,175,,33.1,4.023920000000003,17.07,216.32399999999996,4,0,1,1,0,0,68.64900000000004,0.4,1,36.2740504511585,1,1,22,12600,2,0,0.018021265092809515,0,1,91.74,1,1000,25,15,4.9
"Turmerone",0.12686713688057874,0.09061938348612768,63.43356844028938,0.10119164489284257,27.58791666666667,188,,28.6,4.023920000000003,17.07,216.32399999999996,4,0,1,1,0,0,68.64900000000004,0.4,1,36.247753394451074,1,1,22,12600,2,0,0.018021265092809515,0,1,91.74,1,1000,25,15,4.9
"Turmerone",0.039927686523296695,0.0665461442054945,46.58230094384614,0.07430986102946886,37.56791666666667,279,,29.2,4.023920000000003,17.07,216.32399999999996,4,0,1,1,0,0,68.64900000000004,0.4,1,53.2369153643956,1,1,22,12600,2,0,0.018021265092809515,0,1,91.74,1,1000,25,15,4.9
"Turmerone",0.09311503031781046,0.06651073594129318,46.55751515890523,0.07427032180111073,37.587916666666665,279,,25.6,4.023920000000003,17.07,216.32399999999996,4,0,1,1,0,0,68.64900000000004,0.4,1,53.20858875303455,1,1,22,12600,2,0,0.018021265092809515,0,1,91.74,1,1000,25,15,4.9
"Turmerone",0.07474617444926603,0.12457695741544338,24.915391483088676,0.13911093578057845,20.06791666666667,310,,37.1,4.023920000000003,17.07,216.32399999999996,4,0,1,1,0,0,68.64900000000004,0.4,1,74.74617444926602,1,1,22,12600,2,0,0.018021265092809515,0,1,91.74,1,1000,25,15,4.9
"Turmerone",0.1742340959532057,0.12445292568086119,24.89058513617224,0.1389724336769617,20.08791666666667,345,,33.3,4.023920000000003,17.07,216.32399999999996,4,0,1,1,0,0,68.64900000000004,0.4,1,74.67175540851673,1,1,22,12600,2,0,0.018021265092809515,0,1,91.74,1,1000,25,15,4.9
"Turmerone",0.03328310050571822,0.05547183417619702,66.56620101143643,0.061943548163420015,45.06791666666667,297,,23.3,4.023920000000003,17.07,216.32399999999996,4,0,1,1,0,0,68.64900000000004,0.4,1,33.28310050571822,1,1,22,12600,2,0,0.018021265092809515,0,1,91.74,1,1000,25,15,4.9
"Turmerone",0.07762611934091726,0.05544722810065519,66.53667372078623,0.06191607137906498,45.08791666666667,278,,23,4.023920000000003,17.07,216.32399999999996,4,0,1,1,0,0,68.64900000000004,0.4,1,33.26833686039311,1,1,22,12600,2,0,0.018021265092809515,0,1,91.74,1,1000,25,15,4.9
"Turmerone",0.1658053997291845,0.1658053997291845,33.1610799458369,0.18514936303092272,15.077916666666667,230,,33.2,4.023920000000003,17.07,216.32399999999996,4,0,1,1,0,0,68.64900000000004,0.4,1,66.3221598916738,1,1,22,12600,2,0,0.018021265092809515,0,1,91.74,1,1000,25,15,4.9
"Turmerone",0.09968930167644176,0.09968930167644176,19.937860335288352,0.11131972020535998,25.077916666666667,365,,38.3,4.023920000000003,17.07,216.32399999999996,4,0,1,1,0,0,68.64900000000004,0.4,1,79.75144134115341,1,1,22,12600,2,0,0.018021265092809515,0,1,91.74,1,1000,25,15,4.9
"Turmerone",0.06237849189599426,0.06237849189599426,74.8541902751931,0.06965598261719361,40.07791666666667,250,,28,4.023920000000003,17.07,216.32399999999996,4,0,1,1,0,0,68.64900000000004,0.4,1,24.951396758397703,1,1,22,12600,2,0,0.018021265092809515,0,1,91.74,1,1000,25,15,4.9
"Turmerone",0.04992220456455357,0.04992220456455357,59.90664547746428,0.05574646176375148,50.077916666666674,310,,16.9,4.023920000000003,17.07,216.32399999999996,4,0,1,1,0,0,68.64900000000004,0.4,1,39.937763651642854,1,1,22,12600,2,0,0.018021265092809515,0,1,91.74,1,1000,25,15,4.9
"Turmerone",0.07673909985035875,0.07673909985035875,53.71736989525113,0.08569199483290062,32.57791666666667,244,,28.2,4.023920000000003,17.07,216.32399999999996,4,0,1,1,0,0,68.64900000000004,0.4,1,46.04345991021525,1,1,22,12600,2,0,0.018021265092809515,0,1,91.74,1,1000,25,15,4.9
"Turmerone",0.07673909985035875,0.07673909985035875,53.71736989525113,0.08569199483290062,32.57791666666667,248,,28.8,4.023920000000003,17.07,216.32399999999996,4,0,1,1,0,0,68.64900000000004,0.4,1,46.04345991021525,1,1,22,12600,2,0,0.018021265092809515,0,1,91.74,1,1000,25,15,4.9
"Turmerone",0.07673909985035875,0.07673909985035875,53.71736989525113,0.08569199483290062,32.57791666666667,258,,28,4.023920000000003,17.07,216.32399999999996,4,0,1,1,0,0,68.64900000000004,0.4,1,46.04345991021525,1,1,22,12600,2,0,0.018021265092809515,0,1,91.74,1,1000,25,15,4.9
"Turmerone",0.09053642833790206,0.15089404722983676,39.23245227975756,0.1684983527399844,16.56791666666667,189,-12.61,35.9,4.023920000000003,17.07,216.32399999999996,4,0,1,1,0,0,68.64900000000004,0.4,1,60.357618891934706,1,1,22,12600,2,0,0.018021265092809515,0,1,91.74,1,1000,25,15,4.9
"Meropenem",6.97674418604651,34.883720930232556,0,0,0.059310344827586216,616.72,-29.9,,-0.30799999999999755,110.18,383.47000000000014,5,3,6,0,2,3,96.11130000000004,0.7058823529411765,9,58.13953488372092,0,0,0,0,2,0,0.018021265092809515,0,1,90,1,1000,25,15,4.6
"Meropenem",1.9297690604239164,18.98133502056311,0,0,0.109,611.18,-29.8,,-0.30799999999999755,110.18,383.47000000000014,5,3,6,0,2,3,96.11130000000004,0.7058823529411765,9,79.08889591901297,0,0,0,0,2,0,0.018021265092809515,0,1,90,1,1000,25,15,4.6
"Meropenem",2.6993094789704957,18.832391713747647,0,0,0.10986206896551724,466.3,-29.4,,-0.30799999999999755,110.18,383.47000000000014,5,3,6,0,2,3,96.11130000000004,0.7058823529411765,9,78.46829880728185,0,0,0,0,2,0,0.018021265092809515,0,1,90,1,1000,25,15,4.6
"Meropenem",2.6993094789704957,18.832391713747647,0,0,0.10986206896551724,487.7,-29.93,,-0.30799999999999755,110.18,383.47000000000014,5,3,6,0,2,3,96.11130000000004,0.7058823529411765,9,78.46829880728185,0,0,0,0,2,0,0.018021265092809515,0,1,90,1,1000,25,15,4.6
"Meropenem",7.918968692449356,55.24861878453039,0,0,0.03744827586206896,483.07,-29.63,,-0.30799999999999755,110.18,383.47000000000014,5,3,6,0,2,3,96.11130000000004,0.7058823529411765,9,36.83241252302027,0,0,0,0,2,0,0.018021265092809515,0,1,90,1,1000,25,15,4.6
"Meropenem",1.6269390843738174,11.350737797956869,0,0,0.1822758620689655,451.9,-28.03,,-0.30799999999999755,110.18,383.47000000000014,5,3,6,0,2,3,96.11130000000004,0.7058823529411765,9,87.02232311766932,0,0,0,0,2,0,0.018021265092809515,0,1,90,1,1000,25,15,4.6
"Meropenem",2.6993094789704957,18.832391713747647,0,0,0.10986206896551724,525.68,-29.07,,-0.30799999999999755,110.18,383.47000000000014,5,3,6,0,2,3,96.11130000000004,0.7058823529411765,9,78.46829880728185,0,0,0,0,2,0,0.018021265092809515,0,1,90,1,1000,25,15,4.6
"Meropenem",2.6993094789704957,18.832391713747647,0,0,0.10986206896551724,609.25,-29.87,,-0.30799999999999755,110.18,383.47000000000014,5,3,6,0,2,3,96.11130000000004,0.7058823529411765,9,78.46829880728185,0,0,0,0,2,0,0.018021265092809515,0,1,90,1,1000,25,15,4.6
"Meropenem",2.5423728813559325,12.711864406779661,0,0,0.16275862068965516,606.93,-29.08,,-0.30799999999999755,110.18,383.47000000000014,5,3,6,0,2,3,96.11130000000004,0.7058823529411765,9,84.74576271186442,0,0,0,0,2,0,0.018021265092809515,0,1,90,1,1000,25,15,4.6
"Meropenem",2.6993094789704957,18.832391713747647,0,0,0.10986206896551724,506.05,-28.4,,-0.30799999999999755,110.18,383.47000000000014,5,3,6,0,2,3,96.11130000000004,0.7058823529411765,9,78.46829880728185,0,0,0,0,2,0,0.018021265092809515,0,1,90,1,1000,25,15,4.6
"Meropenem",1.4356117420184273,12.8562245553889,0,0,0.1609310344827586,502.47,-30.62,,-0.30799999999999755,110.18,383.47000000000014,5,3,6,0,2,3,96.11130000000004,0.7058823529411765,9,85.70816370259267,0,0,0,0,2,0,0.018021265092809515,0,1,90,1,1000,25,15,4.6
"Meropenem",4.409497378970089,18.501387604070306,0,0,0.11182758620689655,750.1,-28.7,,-0.30799999999999755,110.18,383.47000000000014,5,3,6,0,2,3,96.11130000000004,0.7058823529411765,9,77.08911501695961,0,0,0,0,2,0,0.018021265092809515,0,1,90,1,1000,25,15,4.6
"Meropenem",4.019196160767847,35.99280143971206,0,0,0.05748275862068965,326.82,-27.45,,-0.30799999999999755,110.18,383.47000000000014,5,3,6,0,2,3,96.11130000000004,0.7058823529411765,9,59.9880023995201,0,0,0,0,2,0,0.018021265092809515,0,1,90,1,1000,25,15,4.6
"Indole-3-acetic acid (IAA)",0.020595201318092882,0.2059520131809288,96.11093948443344,0.2299797480520372,10.404642857142859,303,-25.9,52,1.7949999999999995,53.09,175.18699999999995,2,2,1,2,0,0,49.638500000000015,0.1,3,3.43253355301548,1,1,15,1310,2,0,0.018021265092809515,0,1,85,1,1000,25,15,4.6
"Indole-3-acetic acid (IAA)",0.03088962108731466,0.20593080724876442,96.10104338275673,0.2299560680944536,10.405714285714286,516,-19.8,62,1.7949999999999995,53.09,175.18699999999995,2,2,1,2,0,0,49.638500000000015,0.1,3,3.4321801208127405,1,1,15,1310,2,0,0.018021265092809515,0,1,85,1,1000,25,15,4.6
"Indole-3-acetic acid (IAA)",0.0070477958018629674,0.07047795801862967,98.66914122608155,0.07870038645413648,30.404642857142854,441,-22.6,57,1.7949999999999995,53.09,175.18699999999995,2,2,1,2,0,0,49.638500000000015,0.1,3,1.174632633643828,1,1,15,1310,2,0,0.018021265092809515,0,1,85,1,1000,25,15,4.6
"Indole-3-acetic acid (IAA)",0.01057132118022928,0.07047547453486187,98.66566434880662,0.07869761323059575,30.405714285714286,541,-16.9,62,1.7949999999999995,53.09,175.18699999999995,2,2,1,2,0,0,49.638500000000015,0.1,3,1.1745912422476978,1,1,15,1310,2,0,0.018021265092809515,0,1,85,1,1000,25,15,4.6
"Indole-3-acetic acid (IAA)",0.01059452969116946,0.1059452969116946,98.88227711758162,0.11830558155139233,20.226071428571426,265,-24.2,35,1.7949999999999995,53.09,175.18699999999995,2,2,1,2,0,0,49.638500000000015,0.1,3,0.8828774742641217,1,1,15,1310,2,0,0.018021265092809515,0,1,85,1,1000,25,15,4.6
"Indole-3-acetic acid (IAA)",0.015890952750900487,0.10593968500600323,98.87703933893637,0.11829931492337029,20.22714285714286,426,-18.8,50,1.7949999999999995,53.09,175.18699999999995,2,2,1,2,0,0,49.638500000000015,0.1,3,0.8828307083833604,1,1,15,1310,2,0,0.018021265092809515,0,1,85,1,1000,25,15,4.6
"Indole-3-acetic acid (IAA)",0.010410702201863516,0.10410702201863517,97.1665538840595,0.1162528412541426,20.583214285714284,309,-21.3,66,1.7949999999999995,53.09,175.18699999999995,2,2,1,2,0,0,49.638500000000015,0.1,3,2.602675550465879,1,1,15,1310,2,0,0.018021265092809515,0,1,85,1,1000,25,15,4.6
"Indole-3-acetic acid (IAA)",0.01561524047470331,0.10410160316468872,97.16149628704281,0.1162467902005691,20.584285714285716,470,-16.6,59,1.7949999999999995,53.09,175.18699999999995,2,2,1,2,0,0,49.638500000000015,0.1,3,2.6025400791172184,1,1,15,1310,2,0,0.018021265092809515,0,1,85,1,1000,25,15,4.6
"Indole-3-acetic acid (IAA)",0.026192180760970154,0.20953744608776123,97.78414150762191,0.23398348146466671,10.226607142857144,404,-20.6,36,1.7949999999999995,53.09,175.18699999999995,2,2,1,2,0,0,49.638500000000015,0.1,3,1.746145384064677,1,1,15,1310,2,0,0.018021265092809515,0,1,85,1,1000,25,15,4.6
"Indole-3-acetic acid (IAA)",0.008861634439856087,0.0708930755188487,99.25030572638819,0.07916393432938106,30.22660714285714,478,-18.2,46,1.7949999999999995,53.09,175.18699999999995,2,2,1,2,0,0,49.638500000000015,0.1,3,0.5907756293237392,1,1,15,1310,2,0,0.018021265092809515,0,1,85,1,1000,25,15,4.6
"Indole-3-acetic acid (IAA)",0.025308339941622095,0.20246671953297676,94.48446911538915,0.22608783681182404,10.58375,424,-19.3,70,1.7949999999999995,53.09,175.18699999999995,2,2,1,2,0,0,49.638500000000015,0.1,3,5.061667988324419,1,1,15,1310,2,0,0.018021265092809515,0,1,85,1,1000,25,15,4.6
"Indole-3-acetic acid (IAA)",0.008758152380173878,0.07006521904139103,98.09130665794746,0.07823949459622,30.58375,524,-15.3,63,1.7949999999999995,53.09,175.18699999999995,2,2,1,2,0,0,49.638500000000015,0.1,3,1.751630476034776,1,1,15,1310,2,0,0.018021265092809515,0,1,85,1,1000,25,15,4.6
"Indole-3-acetic acid (IAA)",0.01312691981202251,0.10501535849618009,98.01433459643474,0.11726715032073444,20.405178571428568,438,-16.1,70.1,1.7949999999999995,53.09,175.18699999999995,2,2,1,2,0,0,49.638500000000015,0.1,3,1.7502559749363347,1,1,15,1310,2,0,0.018021265092809515,0,1,85,1,1000,25,15,4.6
"Indole-3-acetic acid (IAA)",0.01312691981202251,0.10501535849618009,98.01433459643474,0.11726715032073444,20.405178571428568,421,-17.1,68,1.7949999999999995,53.09,175.18699999999995,2,2,1,2,0,0,49.638500000000015,0.1,3,1.7502559749363347,1,1,15,1310,2,0,0.018021265092809515,0,1,85,1,1000,25,15,4.6
"Indole-3-acetic acid (IAA)",0.01312691981202251,0.10501535849618009,98.01433459643474,0.11726715032073444,20.405178571428568,447,-15.8,70,1.7949999999999995,53.09,175.18699999999995,2,2,1,2,0,0,49.638500000000015,0.1,3,1.7502559749363347,1,1,15,1310,2,0,0.018021265092809515,0,1,85,1,1000,25,15,4.6
"Trans-cinnamaldehyde",33.33333333333333,50,0,10,0.6423982869379015,648.08,,40.17,1.8987,17.07,132.16199999999998,2,0,1,1,0,0,41.54000000000002,0,1,6.666666666666667,0,0,0,0,2,0,0.018021265092809515,0,1,90,1,,25,15,4.7
"Trans-cinnamaldehyde",33.33333333333333,50,0,10,0.6423982869379015,375.29,,57.6,1.8987,17.07,132.16199999999998,2,0,1,1,0,0,41.54000000000002,0,1,6.666666666666667,0,0,0,0,2,0,0.018021265092809515,0,1,90,1,,25,15,4.7
"Trans-cinnamaldehyde",33.33333333333333,50,0,10,0.6423982869379015,294.78,,60.61,1.8987,17.07,132.16199999999998,2,0,1,1,0,0,41.54000000000002,0,1,6.666666666666667,0,0,0,0,2,0,0.018021265092809515,0,1,90,1,,25,15,4.7
"Trans-cinnamaldehyde",33.33333333333333,50,0,10,0.6423982869379015,303.93,,65.58,1.8987,17.07,132.16199999999998,2,0,1,1,0,0,41.54000000000002,0,1,6.666666666666667,0,0,0,0,2,0,0.018021265092809515,0,1,90,1,,25,15,4.7
"Trans-cinnamaldehyde",33.33333333333333,50,0,10,0.6423982869379015,213.01,,65.18,1.8987,17.07,132.16199999999998,2,0,1,1,0,0,41.54000000000002,0,1,6.666666666666667,0,0,0,0,2,0,0.018021265092809515,0,1,90,1,,25,15,4.7
"Trans-cinnamaldehyde",33.33333333333333,50,0,10,0.6423982869379015,263.23,,60.48,1.8987,17.07,132.16199999999998,2,0,1,1,0,0,41.54000000000002,0,1,6.666666666666667,0,0,0,0,2,0,0.018021265092809515,0,1,90,1,,25,15,4.7
"Trans-cinnamaldehyde",33.33333333333333,50,0,10,0.6423982869379015,401.53,,58.58,1.8987,17.07,132.16199999999998,2,0,1,1,0,0,41.54000000000002,0,1,6.666666666666667,0,0,0,0,2,0,0.018021265092809515,0,1,90,1,,25,15,4.7
"Trans-cinnamaldehyde",33.33333333333333,50,0,10,0.6423982869379015,384.41,,60.16,1.8987,17.07,132.16199999999998,2,0,1,1,0,0,41.54000000000002,0,1,6.666666666666667,0,0,0,0,2,0,0.018021265092809515,0,1,90,1,,25,15,4.7
"Trans-cinnamaldehyde",33.33333333333333,50,0,10,0.6423982869379015,406.12,,48.03,1.8987,17.07,132.16199999999998,2,0,1,1,0,0,41.54000000000002,0,1,6.666666666666667,0,0,0,0,2,0,0.018021265092809515,0,1,90,1,,25,15,4.7
"Trans-cinnamaldehyde",33.33333333333333,50,0,10,0.6423982869379015,310.56,,57.62,1.8987,17.07,132.16199999999998,2,0,1,1,0,0,41.54000000000002,0,1,6.666666666666667,0,0,0,0,2,0,0.018021265092809515,0,1,90,1,,25,15,4.7
"Trans-cinnamaldehyde",33.33333333333333,50,0,10,0.6423982869379015,166.26,,73.24,1.8987,17.07,132.16199999999998,2,0,1,1,0,0,41.54000000000002,0,1,6.666666666666667,0,0,0,0,2,0,0.018021265092809515,0,1,90,1,,25,15,4.7
"Metformin + Curcumin",0.029150269639994168,0.2915026963999417,97.16756546664725,0.3255113443132683,4.1166,321,25.4,26.7,0.29408000000000145,92.01333333333332,208.90633333333335,2.6666666666666665,2.6666666666666665,2.6666666666666665,0.6666666666666666,0,0,58.82119999999999,0.38095238095238093,5.333333333333333,2.186270222999563,0,1,22,12600,2,0,0.018021265092809515,0,1,85,1,1000,25,,
"Metformin + Curcumin",0.009903768383870065,0.09903768383870064,99.03768383870064,0.11059208028654904,12.116599999999998,306,19.9,25.3,0.29408000000000145,92.01333333333332,208.90633333333335,2.6666666666666665,2.6666666666666665,2.6666666666666665,0.6666666666666666,0,0,58.82119999999999,0.38095238095238093,5.333333333333333,0.7427826287902548,0,1,22,12600,2,0,0.018021265092809515,0,1,85,1,1000,25,,
"Metformin + Curcumin",0.0283245999150262,0.28324599915026205,94.41533305008734,0.3162913657177926,4.236599999999999,348,27.5,36.8,-0.5847257142857132,91.71428571428571,163.341,1.1428571428571428,2.8571428571428568,1.7142857142857142,0.2857142857142857,0,0,46.47965714285712,0.4489795918367347,5.142857142857142,4.956804985129586,0,1,22,12600,2,0,0.018021265092809515,0,1,85,1,1000,25,,
"Metformin + Curcumin",0.009806645636859913,0.09806645636859913,98.06645636859913,0.1095075429449357,12.2366,315,20.4,32.1,-0.5847257142857132,91.71428571428571,163.341,1.1428571428571428,2.8571428571428568,1.7142857142857142,0.2857142857142857,0,0,46.47965714285712,0.4489795918367347,5.142857142857142,1.7161629864504848,0,1,22,12600,2,0,0.018021265092809515,0,1,85,1,1000,25,,
"Metformin + Curcumin",0.014367816091954023,0.28735632183908044,95.78544061302682,0.3208812260536399,4.175999999999999,261,26.8,30.7,-0.3210839999999987,91.804,177.0106,1.6,2.8000000000000003,2,0.4,0,0,50.18212,0.4285714285714286,5.2,3.591954022988506,0,1,22,12600,2,0,0.018021265092809515,0,1,85,1,1000,25,,
"Metformin + Curcumin",0.00492772667542707,0.0985545335085414,98.5545335085414,0.11005256241787124,12.175999999999998,257,21.4,32.7,-0.3210839999999987,91.804,177.0106,1.6,2.8000000000000003,2,0.4,0,0,50.18212,0.4285714285714286,5.2,1.2319316688567674,0,1,22,12600,2,0,0.018021265092809515,0,1,85,1,1000,25,,
"Metformin + Curcumin",0.043091065785693765,0.2872737719046251,95.75792396820837,0.3207890452934981,4.1772,423,22.9,35.7,-0.3210839999999987,91.804,177.0106,1.6,2.8000000000000003,2,0.4,0,0,50.18212,0.4285714285714286,5.2,3.590922148807814,0,1,22,12600,2,0,0.018021265092809515,0,1,85,1,1000,25,,
"Metformin + Curcumin",0.014781723220444765,0.09854482146963177,98.54482146963177,0.11004171730775548,12.177200000000001,384,17.1,35.4,-0.3210839999999987,91.804,177.0106,1.6,2.8000000000000003,2,0.4,0,0,50.18212,0.4285714285714286,5.2,1.231810268370397,0,1,22,12600,2,0,0.018021265092809515,0,1,85,1,1000,25,,
"Metformin + Curcumin",0.007392804337111878,0.14785608674223755,98.57072449482503,0.16510596352883194,8.116,236,23.9,28.6,0.29408000000000145,92.01333333333332,208.90633333333335,2.6666666666666665,2.6666666666666665,2.6666666666666665,0.6666666666666666,0,0,58.82119999999999,0.38095238095238093,5.333333333333333,1.1089206505667817,0,1,22,12600,2,0,0.018021265092809515,0,1,85,1,1000,25,,
"Metformin + Curcumin",0.007285089849441475,0.1457017969888295,97.13453132588636,0.16270033997085964,8.236,244,23.5,44.2,-0.5847257142857132,91.71428571428571,163.341,1.1428571428571428,2.8571428571428568,1.7142857142857142,0.2857142857142857,0,0,46.47965714285712,0.4489795918367347,5.142857142857142,2.5497814473045164,0,1,22,12600,2,0,0.018021265092809515,0,1,85,1,1000,25,,
"Metformin + Curcumin",0.022175134282757598,0.14783422855171735,98.55615236781155,0.16508155521608436,8.1172,350,16.3,40.1,0.29408000000000145,92.01333333333332,208.90633333333335,2.6666666666666665,2.6666666666666665,2.6666666666666665,0.6666666666666666,0,0,58.82119999999999,0.38095238095238093,5.333333333333333,1.10875671413788,0,1,22,12600,2,0,0.018021265092809515,0,1,85,1,1000,25,,
"Metformin + Curcumin",0.021852085660175786,0.14568057106783858,97.12038071189238,0.16267663769241975,8.2372,399,20.1,43.5,-0.5847257142857132,91.71428571428571,163.341,1.1428571428571428,2.8571428571428568,1.7142857142857142,0.2857142857142857,0,0,46.47965714285712,0.4489795918367347,5.142857142857142,2.549409993687175,0,1,22,12600,2,0,0.018021265092809515,0,1,85,1,1000,25,,
"Metformin + Curcumin",0.014676026710368611,0.1467602671036861,97.84017806912408,0.16388229826578285,8.1766,340,23.4,31.5,-0.3210839999999987,91.804,177.0106,1.6,2.8000000000000003,2,0.4,0,0,50.18212,0.4285714285714286,5.2,1.8345033387960763,0,1,22,12600,2,0,0.018021265092809515,0,1,85,1,1000,25,,
"Metformin + Curcumin",0.014676026710368611,0.1467602671036861,97.84017806912408,0.16388229826578285,8.1766,335,22.6,32.9,-0.3210839999999987,91.804,177.0106,1.6,2.8000000000000003,2,0.4,0,0,50.18212,0.4285714285714286,5.2,1.8345033387960763,0,1,22,12600,2,0,0.018021265092809515,0,1,85,1,1000,25,,
"Metformin + Curcumin",0.014676026710368611,0.1467602671036861,97.84017806912408,0.16388229826578285,8.1766,318,22,32.6,-0.3210839999999987,91.804,177.0106,1.6,2.8000000000000003,2,0.4,0,0,50.18212,0.4285714285714286,5.2,1.8345033387960763,0,1,22,12600,2,0,0.018021265092809515,0,1,85,1,1000,25,,
"Metformin + Curcumin",0.00631964778496345,0.126392955699269,98.16519559309894,0.1411388005308504,9.494200000000001,243,21.6,32.6,-0.3098765587044522,91.80781376518217,177.5916963562753,1.6194331983805668,2.797570850202429,2.0121457489878543,0.4048582995951417,0,0,50.33951214574898,0.4277038750722961,5.20242914979757,1.5609530028859724,0,1,22,12600,2,0,0.018021265092809515,0,1,85,1,1000,25,,
