Paper,Response,Iteration
001.pdf,"{
  ""HEADER"": ""Chitosan/alginate nanoparticles as a promising approach for oral delivery of curcumin diglutaric acid for cancer treatment | 10.1016/j.msec.2017.11.022 | Curcumin diglutaric acid | O/w emulsification and ionotropic gelation"",
  ""THOUGHTS"": ""- Constants & Hunted Values: Fixed pH (CS=4.6, Alg=4.9). Methods text states 20 mL of alginate solution (0.6 mg/mL) used for all runs. 4 mL of CaCl2 solution (0.51 mg/mL) added to all. 4 mL of CS solution added to all. Sonication at 45 kHz, 80 W for 15 min. Stirring at 1000 rpm. Temp: Room temperature.\n- DoE Mapping: X1 (CS/Alg ratio): 0.025=0.025:1, 0.050=0.050:1, 0.075=0.075:1. X2 (CG conc): 1.00=1 mg/mL, 3.00=3 mg/mL, 5.00=5 mg/mL. X3 (Pluronic F127): 0.50=0.50% w/v, 0.75=0.75% w/v, 1.00=1.00% w/v.\n- Volume Logic: Total Vol is not explicitly stated. NaN used. Standalone concentrations used for CS, Alg, and Pluronic F127.\n- CQA Pairing Strategy: Inputs in Table 2 (X1, X2, X3) are directly paired with CQA outputs (Y1, Y2, Y3) in the same table. All 15 DoE runs extracted. An additional optimized run is extracted from Table 4."",
  ""RUNS"": [
    ""1 | 1 mL @ 1 mg/mL | CS (MW 75,000, 84.3% DDA) | 4 mL @ 0.075 mg/mL | 20 mL @ 0.6 mg/mL | 0.025:1 | Pluronic F127 | 0.75% w/v | CaCl2 | 4 mL @ 0.51 mg/mL | 1000 rpm | Room temperature | 15 min | 4.6 | NaN | 226 nm | -28.5 mV | 67.8% | NaN"",
    ""2 | 1 mL @ 1 mg/mL | CS (MW 75,000, 84.3% DDA) | 4 mL @ 0.225 mg/mL | 20 mL @ 0.6 mg/mL | 0.075:1 | Pluronic F127 | 0.75% w/v | CaCl2 | 4 mL @ 0.51 mg/mL | 1000 rpm | Room temperature | 15 min | 4.6 | NaN | 390 nm | -19.2 mV | 39.2% | NaN"",
    ""3 | 1 mL @ 5 mg/mL | CS (MW 75,000, 84.3% DDA) | 4 mL @ 0.075 mg/mL | 20 mL @ 0.6 mg/mL | 0.025:1 | Pluronic F127 | 0.75% w/v | CaCl2 | 4 mL @ 0.51 mg/mL | 1000 rpm | Room temperature | 15 min | 4.6 | NaN | 316 nm | -28.5 mV | 31.2% | NaN"",
    ""4 | 1 mL @ 5 mg/mL | CS (MW 75,000, 84.3% DDA) | 4 mL @ 0.225 mg/mL | 20 mL @ 0.6 mg/mL | 0.075:1 | Pluronic F127 | 0.75% w/v | CaCl2 | 4 mL @ 0.51 mg/mL | 1000 rpm | Room temperature | 15 min | 4.6 | NaN | 536 nm | -18.4 mV | 28.2% | NaN"",
    ""5 | 1 mL @ 3 mg/mL | CS (MW 75,000, 84.3% DDA) | 4 mL @ 0.075 mg/mL | 20 mL @ 0.6 mg/mL | 0.025:1 | Pluronic F127 | 0.50% w/v | CaCl2 | 4 mL @ 0.51 mg/mL | 1000 rpm | Room temperature | 15 min | 4.6 | NaN | 212 nm | -29.2 mV | 66.8% | NaN"",
    ""6 | 1 mL @ 3 mg/mL | CS (MW 75,000, 84.3% DDA) | 4 mL @ 0.225 mg/mL | 20 mL @ 0.6 mg/mL | 0.075:1 | Pluronic F127 | 0.50% w/v | CaCl2 | 4 mL @ 0.51 mg/mL | 1000 rpm | Room temperature | 15 min | 4.6 | NaN | 356 nm | -19.7 mV | 43.1% | NaN"",
    ""7 | 1 mL @ 3 mg/mL | CS (MW 75,000, 84.3% DDA) | 4 mL @ 0.075 mg/mL | 20 mL @ 0.6 mg/mL | 0.025:1 | Pluronic F127 | 1.00% w/v | CaCl2 | 4 mL @ 0.51 mg/mL | 1000 rpm | Room temperature | 15 min | 4.6 | NaN | 326 nm | -28.8 mV | 42.2% | NaN"",
    ""8 | 1 mL @ 3 mg/mL | CS (MW 75,000, 84.3% DDA) | 4 mL @ 0.225 mg/mL | 20 mL @ 0.6 mg/mL | 0.075:1 | Pluronic F127 | 1.00% w/v | CaCl2 | 4 mL @ 0.51 mg/mL | 1000 rpm | Room temperature | 15 min | 4.6 | NaN | 552 nm | -17.2 mV | 31.6% | NaN"",
    ""9 | 1 mL @ 1 mg/mL | CS (MW 75,000, 84.3% DDA) | 4 mL @ 0.15 mg/mL | 20 mL @ 0.6 mg/mL | 0.050:1 | Pluronic F127 | 0.50% w/v | CaCl2 | 4 mL @ 0.51 mg/mL | 1000 rpm | Room temperature | 15 min | 4.6 | NaN | 257 nm | -25.6 mV | 75.7% | NaN"",
    ""10 | 1 mL @ 5 mg/mL | CS (MW 75,000, 84.3% DDA) | 4 mL @ 0.15 mg/mL | 20 mL @ 0.6 mg/mL | 0.050:1 | Pluronic F127 | 0.50% w/v | CaCl2 | 4 mL @ 0.51 mg/mL | 1000 rpm | Room temperature | 15 min | 4.6 | NaN | 345 nm | -22.1 mV | 55.7% | NaN"",
    ""11 | 1 mL @ 1 mg/mL | CS (MW 75,000, 84.3% DDA) | 4 mL @ 0.15 mg/mL | 20 mL @ 0.6 mg/mL | 0.050:1 | Pluronic F127 | 1.00% w/v | CaCl2 | 4 mL @ 0.51 mg/mL | 1000 rpm | Room temperature | 15 min | 4.6 | NaN | 372 nm | -21.5 mV | 58.7% | NaN"",
    ""12 | 1 mL @ 5 mg/mL | CS (MW 75,000, 84.3% DDA) | 4 mL @ 0.15 mg/mL | 20 mL @ 0.6 mg/mL | 0.050:1 | Pluronic F127 | 1.00% w/v | CaCl2 | 4 mL @ 0.51 mg/mL | 1000 rpm | Room temperature | 15 min | 4.6 | NaN | 518 nm | -23.5 mV | 28.3% | NaN"",
    ""13 | 1 mL @ 3 mg/mL | CS (MW 75,000, 84.3% DDA) | 4 mL @ 0.15 mg/mL | 20 mL @ 0.6 mg/mL | 0.050:1 | Pluronic F127 | 0.75% w/v | CaCl2 | 4 mL @ 0.51 mg/mL | 1000 rpm | Room temperature | 15 min | 4.6 | NaN | 335 nm | -26.4 mV | 75.7% | NaN"",
    ""14 | 1 mL @ 3 mg/mL | CS (MW 75,000, 84.3% DDA) | 4 mL @ 0.15 mg/mL | 20 mL @ 0.6 mg/mL | 0.050:1 | Pluronic F127 | 0.75% w/v | CaCl2 | 4 mL @ 0.51 mg/mL | 1000 rpm | Room temperature | 15 min | 4.6 | NaN | 339 nm | -26.7 mV | 78.2% | NaN"",
    ""15 | 1 mL @ 3 mg/mL | CS (MW 75,000, 84.3% DDA) | 4 mL @ 0.15 mg/mL | 20 mL @ 0.6 mg/mL | 0.050:1 | Pluronic F127 | 0.75% w/v | CaCl2 | 4 mL @ 0.51 mg/mL | 1000 rpm | Room temperature | 15 min | 4.6 | NaN | 334 nm | -25.8 mV | 77.8% | NaN"",
    ""Opt1 | 1 mL @ 3 mg/mL | CS (MW 75,000, 84.3% DDA) | 4 mL @ 0.12 mg/mL | 20 mL @ 0.6 mg/mL | 0.04:1 | Pluronic F127 | 0.50% w/v | CaCl2 | 4 mL @ 0.51 mg/mL | 1000 rpm | Room temperature | 15 min | 4.6 | NaN | 233 nm | -28.4 mV | 76.6% | Optimized formulation from Table 4""
  ]
}",0
002.pdf,"{
  ""HEADER"": ""Curcumin diethyl disuccinate encapsulated in chitosan/alginate nanoparticles for improvement of its in vitro cytotoxicity against MDA-MB-231 human breast cancer cells | 10.1691/ph.2016.6105 | Curcumin diethyl disuccinate (CDD) | O/w emulsification and ionotropic gelation"",
  ""THOUGHTS"": ""- Constants & Hunted Values: Fixed pH (Alg=4.9, CS=4.6). Methods text states 1 mL acetonic CDD solution, 20 mL Alg (0.6 mg/mL), 4 mL CaCl2 (0.67 mg/mL), 4 mL CS solution. Stirring=1000 rpm. Sonication=15 min. Temp=Room temp (assumed 25 C). CS MW=83,000, DDA=85%. Alg MW=80,000-120,000.\n- DoE Mapping: X1 (CS:Alg ratio): -1=0.05:1, 0=0.10:1, +1=0.15:1. X2 (Pluronic F127): -1=0.5% w/v, 0=1.0% w/v, +1=1.5% w/v. X3 (CDD): -1=0.5 mg/mL, 0=1.0 mg/mL, +1=1.5 mg/mL.\n- Volume Logic: Total Vol is not explicitly stated. NaN (standalone conc. used in DoE).\n- CQA Pairing Strategy: Inputs and outputs are directly paired in Table 2. All 15 DoE runs extracted. Table 5 optimized run extracted with observed CQA values."",
  ""RUNS"": [
    ""1 | 1 mL @ 1.00 mg/mL | CS (MW 83000, 85% DDA) | 4 mL | 20 mL @ 0.6 mg/mL | 0.05:1 | Pluronic F127 | 0.50% w/v | CaCl2 | 4 mL @ 0.67 mg/mL | 1000 rpm | 25 C | 15 min | 4.6 | NaN | 279 nm | -27.8 mV | 38.71% | NaN"",
    ""2 | 1 mL @ 1.00 mg/mL | CS (MW 83000, 85% DDA) | 4 mL | 20 mL @ 0.6 mg/mL | 0.15:1 | Pluronic F127 | 0.50% w/v | CaCl2 | 4 mL @ 0.67 mg/mL | 1000 rpm | 25 C | 15 min | 4.6 | NaN | 434 nm | -19.8 mV | 17.08% | NaN"",
    ""3 | 1 mL @ 1.00 mg/mL | CS (MW 83000, 85% DDA) | 4 mL | 20 mL @ 0.6 mg/mL | 0.05:1 | Pluronic F127 | 1.50% w/v | CaCl2 | 4 mL @ 0.67 mg/mL | 1000 rpm | 25 C | 15 min | 4.6 | NaN | 308 nm | -17.5 mV | 25.42% | NaN"",
    ""4 | 1 mL @ 1.00 mg/mL | CS (MW 83000, 85% DDA) | 4 mL | 20 mL @ 0.6 mg/mL | 0.15:1 | Pluronic F127 | 1.50% w/v | CaCl2 | 4 mL @ 0.67 mg/mL | 1000 rpm | 25 C | 15 min | 4.6 | NaN | 645 nm | -12.4 mV | 13.64% | NaN"",
    ""5 | 1 mL @ 0.50 mg/mL | CS (MW 83000, 85% DDA) | 4 mL | 20 mL @ 0.6 mg/mL | 0.05:1 | Pluronic F127 | 1.00% w/v | CaCl2 | 4 mL @ 0.67 mg/mL | 1000 rpm | 25 C | 15 min | 4.6 | NaN | 285 nm | -24.9 mV | 24.52% | NaN"",
    ""6 | 1 mL @ 0.50 mg/mL | CS (MW 83000, 85% DDA) | 4 mL | 20 mL @ 0.6 mg/mL | 0.15:1 | Pluronic F127 | 1.00% w/v | CaCl2 | 4 mL @ 0.67 mg/mL | 1000 rpm | 25 C | 15 min | 4.6 | NaN | 558 nm | -16.5 mV | 19.09% | NaN"",
    ""7 | 1 mL @ 1.50 mg/mL | CS (MW 83000, 85% DDA) | 4 mL | 20 mL @ 0.6 mg/mL | 0.05:1 | Pluronic F127 | 1.00% w/v | CaCl2 | 4 mL @ 0.67 mg/mL | 1000 rpm | 25 C | 15 min | 4.6 | NaN | 340 nm | -23.2 mV | 39.97% | NaN"",
    ""8 | 1 mL @ 1.50 mg/mL | CS (MW 83000, 85% DDA) | 4 mL | 20 mL @ 0.6 mg/mL | 0.15:1 | Pluronic F127 | 1.00% w/v | CaCl2 | 4 mL @ 0.67 mg/mL | 1000 rpm | 25 C | 15 min | 4.6 | NaN | 585 nm | -17.1 mV | 16.55% | NaN"",
    ""9 | 1 mL @ 0.50 mg/mL | CS (MW 83000, 85% DDA) | 4 mL | 20 mL @ 0.6 mg/mL | 0.10:1 | Pluronic F127 | 0.50% w/v | CaCl2 | 4 mL @ 0.67 mg/mL | 1000 rpm | 25 C | 15 min | 4.6 | NaN | 427 nm | -25.7 mV | 35.16% | NaN"",
    ""10 | 1 mL @ 0.50 mg/mL | CS (MW 83000, 85% DDA) | 4 mL | 20 mL @ 0.6 mg/mL | 0.10:1 | Pluronic F127 | 1.50% w/v | CaCl2 | 4 mL @ 0.67 mg/mL | 1000 rpm | 25 C | 15 min | 4.6 | NaN | 615 nm | -13.4 mV | 23.38% | NaN"",
    ""11 | 1 mL @ 1.50 mg/mL | CS (MW 83000, 85% DDA) | 4 mL | 20 mL @ 0.6 mg/mL | 0.10:1 | Pluronic F127 | 0.50% w/v | CaCl2 | 4 mL @ 0.67 mg/mL | 1000 rpm | 25 C | 15 min | 4.6 | NaN | 482 nm | -20.8 mV | 40.12% | NaN"",
    ""12 | 1 mL @ 1.50 mg/mL | CS (MW 83000, 85% DDA) | 4 mL | 20 mL @ 0.6 mg/mL | 0.10:1 | Pluronic F127 | 1.50% w/v | CaCl2 | 4 mL @ 0.67 mg/mL | 1000 rpm | 25 C | 15 min | 4.6 | NaN | 607 nm | -17.2 mV | 37.37% | NaN"",
    ""13 | 1 mL @ 1.00 mg/mL | CS (MW 83000, 85% DDA) | 4 mL | 20 mL @ 0.6 mg/mL | 0.10:1 | Pluronic F127 | 1.00% w/v | CaCl2 | 4 mL @ 0.67 mg/mL | 1000 rpm | 25 C | 15 min | 4.6 | NaN | 505 nm | -21.0 mV | 45.11% | Center point"",
    ""14 | 1 mL @ 1.00 mg/mL | CS (MW 83000, 85% DDA) | 4 mL | 20 mL @ 0.6 mg/mL | 0.10:1 | Pluronic F127 | 1.00% w/v | CaCl2 | 4 mL @ 0.67 mg/mL | 1000 rpm | 25 C | 15 min | 4.6 | NaN | 529 nm | -20.6 mV | 43.44% | Center point"",
    ""15 | 1 mL @ 1.00 mg/mL | CS (MW 83000, 85% DDA) | 4 mL | 20 mL @ 0.6 mg/mL | 0.10:1 | Pluronic F127 | 1.00% w/v | CaCl2 | 4 mL @ 0.67 mg/mL | 1000 rpm | 25 C | 15 min | 4.6 | NaN | 519 nm | -22.3 mV | 44.31% | Center point"",
    ""Opt | 1 mL @ 1.50 mg/mL | CS (MW 83000, 85% DDA) | 4 mL | 20 mL @ 0.6 mg/mL | 0.05:1 | Pluronic F127 | 0.65% w/v | CaCl2 | 4 mL @ 0.67 mg/mL | 1000 rpm | 25 C | 15 min | 4.6 | NaN | 324 nm | -25.24 mV | 44.24% | Optimized formulation observed values""
  ]
}",1
003.pdf,"{
  ""HEADER"": ""QbD Supported Optimization of the Alginate-Chitosan Nanoparticles of Simvastatin in Enhancing the Anti-Proliferative Activity against Tongue Carcinoma | https://doi.org/10.3390/gels8020103 | Simvastatin | Polyelectrolytic complexation"",
  ""THOUGHTS"": ""- Constants & Hunted Values: Fixed API (5 mg SIM), CS solvent (10 mL of 0.3% v/v ethanoic acid, pH 4.8), Alg solvent (100 mL purified water, pH 5.2), and Surfactant (0.310 g Tween 80) were hunted from the methods text as they were omitted from the DoE table. CS is reported as absolute mass (g) in the DoE table, combined with its hunted solvent volume. Alg is reported as absolute mass (g), combined with its hunted solvent volume.\n- DoE Mapping: Table 7 maps coded levels to real values for Chitosan (g): -1.141=0.037, -1=0.1, 0=0.25, +1=0.4, +1.141=0.462. For Alginate (g): -1.141=0.017, -1=0.1, 0=0.3, +1=0.5, +1.141=0.582. Table 2 provides the actual uncoded masses used for each run.\n- Volume Logic: Total Vol is not explicitly stated as a final formulation volume; NaN (standalone conc. only).\n- CQA Pairing Strategy: Inputs are located in Table 2 and Table 7. Particle Size (PS) and Encapsulation Efficiency (EE) outputs are explicitly paired with inputs in Table 2. Zeta Potential (+36.2 mV) is only reported for the optimized formulation (Run 14). All 13 DoE runs and the optimized run have been successfully paired with available CQAs."",
  ""RUNS"": [
    ""1 | 5 mg | CS (75% DDA) | 10 mL @ 0.25 g | 100 mL @ 0.3 g | NaN | Tween 80 | 0.310 g | NaN | NaN | NaN | 60 C | NaN | 4.8 | NaN | 109 nm | NaN | 66% | NaN"",
    ""2 | 5 mg | CS (75% DDA) | 10 mL @ 0.4 g | 100 mL @ 0.5 g | NaN | Tween 80 | 0.310 g | NaN | NaN | NaN | 60 C | NaN | 4.8 | NaN | 296 nm | NaN | 79% | NaN"",
    ""3 | 5 mg | CS (75% DDA) | 10 mL @ 0.4 g | 100 mL @ 0.1 g | NaN | Tween 80 | 0.310 g | NaN | NaN | NaN | 60 C | NaN | 4.8 | NaN | 110 nm | NaN | 41% | NaN"",
    ""4 | 5 mg | CS (75% DDA) | 10 mL @ 0.462132 g | 100 mL @ 0.3 g | NaN | Tween 80 | 0.310 g | NaN | NaN | NaN | 60 C | NaN | 4.8 | NaN | 219 nm | NaN | 56% | NaN"",
    ""5 | 5 mg | CS (75% DDA) | 10 mL @ 0.1 g | 100 mL @ 0.5 g | NaN | Tween 80 | 0.310 g | NaN | NaN | NaN | 60 C | NaN | 4.8 | NaN | 309 nm | NaN | 87% | NaN"",
    ""6 | 5 mg | CS (75% DDA) | 10 mL @ 0.25 g | 100 mL @ 0.3 g | NaN | Tween 80 | 0.310 g | NaN | NaN | NaN | 60 C | NaN | 4.8 | NaN | 118 nm | NaN | 71% | NaN"",
    ""7 | 5 mg | CS (75% DDA) | 10 mL @ 0.25 g | 100 mL @ 0.3 g | NaN | Tween 80 | 0.310 g | NaN | NaN | NaN | 60 C | NaN | 4.8 | NaN | 132 nm | NaN | 67% | NaN"",
    ""8 | 5 mg | CS (75% DDA) | 10 mL @ 0.25 g | 100 mL @ 0.0171573 g | NaN | Tween 80 | 0.310 g | NaN | NaN | NaN | 60 C | NaN | 4.8 | NaN | 206 nm | NaN | 37% | NaN"",
    ""9 | 5 mg | CS (75% DDA) | 10 mL @ 0.25 g | 100 mL @ 0.3 g | NaN | Tween 80 | 0.310 g | NaN | NaN | NaN | 60 C | NaN | 4.8 | NaN | 127 nm | NaN | 78% | NaN"",
    ""10 | 5 mg | CS (75% DDA) | 10 mL @ 0.037868 g | 100 mL @ 0.3 g | NaN | Tween 80 | 0.310 g | NaN | NaN | NaN | 60 C | NaN | 4.8 | NaN | 307 nm | NaN | 60% | NaN"",
    ""11 | 5 mg | CS (75% DDA) | 10 mL @ 0.25 g | 100 mL @ 0.582843 g | NaN | Tween 80 | 0.310 g | NaN | NaN | NaN | 60 C | NaN | 4.8 | NaN | 351 nm | NaN | 91% | NaN"",
    ""12 | 5 mg | CS (75% DDA) | 10 mL @ 0.1 g | 100 mL @ 0.1 g | NaN | Tween 80 | 0.310 g | NaN | NaN | NaN | 60 C | NaN | 4.8 | NaN | 209 nm | NaN | 46% | NaN"",
    ""13 | 5 mg | CS (75% DDA) | 10 mL @ 0.25 g | 100 mL @ 0.3 g | NaN | Tween 80 | 0.310 g | NaN | NaN | NaN | 60 C | NaN | 4.8 | NaN | 128 nm | NaN | 70% | NaN"",
    ""14 | 5 mg | CS (75% DDA) | 10 mL @ 0.258 g | 100 mL @ 0.353 g | NaN | Tween 80 | 0.310 g | NaN | NaN | NaN | 60 C | NaN | 4.8 | NaN | 143.23 nm | +36.2 mV | 74.72% | Optimized formulation (O-SIM-CAN)""
  ]
}",2
004.pdf,"{
  ""HEADER"": ""Chitosan-sodium alginate nanoparticles as submicroscopic reservoirs for ocular delivery: Formulation, optimisation and in vitro characterisation | 10.1016/j.ejpb.2007.09.006 | Gatifloxacin | Ionic gelation"",
  ""THOUGHTS"": ""- Constants & Hunted Values: Fixed Pluronic F127 (0.50% w/v) found in methods text. Fixed stirring (1000 rpm) and stirring time (30 min) found in methods text. Fixed CS pH (5.5-5.7) and ALG pH (5.0-5.3) found in methods text. Fixed CS MW (65-90 kDa) and DDA (>80%) found in materials text. Fixed ALG MW (75-100 kDa) found in materials text.\n- DoE Mapping: No DoE codes used in Table 2; actual physical values for CS, ALG, and Gatifloxacin concentrations are listed directly as standalone concentrations (% w/v).\n- Volume Logic: NaN (standalone conc. only). Total volume is not explicitly stated.\n- CQA Pairing Strategy: Inputs and outputs (Size, Zeta, EE) are located together in Table 2. All 15 Box-Behnken runs were successfully paired. Checkpoint formulations in Table 6 were also extracted as additional runs with paired CQAs."",
  ""RUNS"": [
    ""1 | 0.06% w/v | CS (65-90 kDa, >80% DDA) | 0.10% w/v | 0.20% w/v | 0.10:0.20 | Pluronic F127 | 0.50% w/v | NaN | NaN | 1000 rpm | 25 C | NaN | 5.5 | NaN | 205 nm | 27.3 mV | 77.67% | NaN"",
    ""2 | 0.06% w/v | CS (65-90 kDa, >80% DDA) | 0.30% w/v | 0.20% w/v | 0.30:0.20 | Pluronic F127 | 0.50% w/v | NaN | NaN | 1000 rpm | 25 C | NaN | 5.5 | NaN | 468 nm | 47.8 mV | 61.31% | NaN"",
    ""3 | 0.06% w/v | CS (65-90 kDa, >80% DDA) | 0.10% w/v | 0.60% w/v | 0.10:0.60 | Pluronic F127 | 0.50% w/v | NaN | NaN | 1000 rpm | 25 C | NaN | 5.5 | NaN | 273 nm | 17.6 mV | 71.82% | NaN"",
    ""4 | 0.06% w/v | CS (65-90 kDa, >80% DDA) | 0.30% w/v | 0.60% w/v | 0.30:0.60 | Pluronic F127 | 0.50% w/v | NaN | NaN | 1000 rpm | 25 C | NaN | 5.5 | NaN | 572 nm | 38.1 mV | 68.51% | NaN"",
    ""5 | 0.01% w/v | CS (65-90 kDa, >80% DDA) | 0.10% w/v | 0.40% w/v | 0.10:0.40 | Pluronic F127 | 0.50% w/v | NaN | NaN | 1000 rpm | 25 C | NaN | 5.5 | NaN | 243 nm | 21.9 mV | 74.53% | NaN"",
    ""6 | 0.01% w/v | CS (65-90 kDa, >80% DDA) | 0.30% w/v | 0.40% w/v | 0.30:0.40 | Pluronic F127 | 0.50% w/v | NaN | NaN | 1000 rpm | 25 C | NaN | 5.5 | NaN | 483 nm | 42.2 mV | 63.29% | NaN"",
    ""7 | 0.10% w/v | CS (65-90 kDa, >80% DDA) | 0.10% w/v | 0.40% w/v | 0.10:0.40 | Pluronic F127 | 0.50% w/v | NaN | NaN | 1000 rpm | 25 C | NaN | 5.5 | NaN | 261 nm | 20.5 mV | 76.84% | NaN"",
    ""8 | 0.10% w/v | CS (65-90 kDa, >80% DDA) | 0.30% w/v | 0.40% w/v | 0.30:0.40 | Pluronic F127 | 0.50% w/v | NaN | NaN | 1000 rpm | 25 C | NaN | 5.5 | NaN | 528 nm | 42.3 mV | 67.08% | NaN"",
    ""9 | 0.01% w/v | CS (65-90 kDa, >80% DDA) | 0.20% w/v | 0.20% w/v | 0.20:0.20 | Pluronic F127 | 0.50% w/v | NaN | NaN | 1000 rpm | 25 C | NaN | 5.5 | NaN | 338 nm | 39.6 mV | 62.54% | NaN"",
    ""10 | 0.01% w/v | CS (65-90 kDa, >80% DDA) | 0.20% w/v | 0.60% w/v | 0.20:0.60 | Pluronic F127 | 0.50% w/v | NaN | NaN | 1000 rpm | 25 C | NaN | 5.5 | NaN | 389 nm | 30.2 mV | 66.91% | NaN"",
    ""11 | 0.10% w/v | CS (65-90 kDa, >80% DDA) | 0.20% w/v | 0.20% w/v | 0.20:0.20 | Pluronic F127 | 0.50% w/v | NaN | NaN | 1000 rpm | 25 C | NaN | 5.5 | NaN | 391 nm | 37.8 mV | 64.43% | NaN"",
    ""12 | 0.10% w/v | CS (65-90 kDa, >80% DDA) | 0.20% w/v | 0.60% w/v | 0.20:0.60 | Pluronic F127 | 0.50% w/v | NaN | NaN | 1000 rpm | 25 C | NaN | 5.5 | NaN | 409 nm | 30.8 mV | 68.22% | NaN"",
    ""13 | 0.06% w/v | CS (65-90 kDa, >80% DDA) | 0.20% w/v | 0.40% w/v | 0.20:0.40 | Pluronic F127 | 0.50% w/v | NaN | NaN | 1000 rpm | 25 C | NaN | 5.5 | NaN | 317 nm | 34.7 mV | 81.48% | NaN"",
    ""14 | 0.06% w/v | CS (65-90 kDa, >80% DDA) | 0.20% w/v | 0.40% w/v | 0.20:0.40 | Pluronic F127 | 0.50% w/v | NaN | NaN | 1000 rpm | 25 C | NaN | 5.5 | NaN | 298 nm | 33.1 mV | 77.67% | NaN"",
    ""15 | 0.06% w/v | CS (65-90 kDa, >80% DDA) | 0.20% w/v | 0.40% w/v | 0.20:0.40 | Pluronic F127 | 0.50% w/v | NaN | NaN | 1000 rpm | 25 C | NaN | 5.5 | NaN | 317 nm | 35.5 mV | 82.56% | NaN"",
    ""Opt1 | 0.05% w/v | CS (65-90 kDa, >80% DDA) | 0.22% w/v | 0.38% w/v | 0.22:0.38 | Pluronic F127 | 0.50% w/v | NaN | NaN | 1000 rpm | 25 C | NaN | 5.5 | NaN | 347 nm | 38.6 mV | 79.63% | Optimized formulation from text"",
    ""CP1 | 0.06% w/v | CS (65-90 kDa, >80% DDA) | 0.17% w/v | 0.43% w/v | 0.17:0.43 | Pluronic F127 | 0.50% w/v | NaN | NaN | 1000 rpm | 25 C | NaN | 5.5 | NaN | 281 nm | 31.3 mV | NaN | Checkpoint formulation"",
    ""CP2 | 0.05% w/v | CS (65-90 kDa, >80% DDA) | 0.20% w/v | 0.39% w/v | 0.20:0.39 | Pluronic F127 | 0.50% w/v | NaN | NaN | 1000 rpm | 25 C | NaN | 5.5 | NaN | 315 nm | 34.1 mV | 79.13% | Checkpoint formulation"",
    ""CP3 | 0.06% w/v | CS (65-90 kDa, >80% DDA) | 0.21% w/v | 0.37% w/v | 0.21:0.37 | Pluronic F127 | 0.50% w/v | NaN | NaN | 1000 rpm | 25 C | NaN | 5.5 | NaN | 323 nm | 34.4 mV | 80.18% | Checkpoint formulation"",
    ""CP4 | 0.05% w/v | CS (65-90 kDa, >80% DDA) | 0.24% w/v | 0.37% w/v | 0.24:0.37 | Pluronic F127 | 0.50% w/v | NaN | NaN | 1000 rpm | 25 C | NaN | 5.5 | NaN | 370 nm | 40.2 mV | 77.89% | Checkpoint formulation"",
    ""CP5 | 0.05% w/v | CS (65-90 kDa, >80% DDA) | 0.26% w/v | 0.35% w/v | 0.26:0.35 | Pluronic F127 | 0.50% w/v | NaN | NaN | 1000 rpm | 25 C | NaN | 5.5 | NaN | 403 nm | 39.7 mV | 75.88% | Checkpoint formulation""
  ]
}",3
005.pdf,"{
  ""HEADER"": ""Design and optimization of alginate-chitosan-pluronic nanoparticles as a novel meloxicam drug delivery system | 10.1002/app.42241 | Meloxicam | Ionotropic gelation"",
  ""THOUGHTS"": ""- Constants & Hunted Values: Fixed pH (5.0). Methods text states fixed volumes for all variable components: 0.57 mL Meloxicam, 11.4 mL Alginate (0.063%), 0.68 mL CaCl2 (20 mM), 1.19 mL Pluronic, 2.39 mL Chitosan. Stirring fixed at 1200 rpm. Sonication fixed at 60 s. Temp at room temperature (~25 C).\n- DoE Mapping: No DoE codes used. Real values provided directly in Table I. X1 (Alg:CS ratio) levels: 3.00, 6.50, 10.00. X2 (Pluronic conc.): 0.00%, 0.05%, 0.10%. X3 (Meloxicam conc.): 0.05%, 0.10%, 0.15%. Chitosan concentrations mapped from X1 ratio: 3.00->0.1%, 6.50->0.047%, 10.00->0.029%.\n- Volume Logic: Total Vol is not explicitly stated. NaN (standalone conc. used in DoE).\n- CQA Pairing Strategy: Inputs and outputs (Size, Zeta, EE) are all paired directly from Table I. All 15 runs successfully paired."",
  ""RUNS"": [
    ""1 | 0.57 mL @ 0.10% | CS (Medium MW, 75-85% DDA) | 2.39 mL @ 0.1% | 11.4 mL @ 0.063% | 1:3 | Pluronic F127 | 1.19 mL @ 0.00% | CaCl2 | 0.68 mL @ 20 mM | 1200 rpm | 25 C | 60 s | 5.0 | NaN | 332 nm | -25.1 mV | 14% | DoE used ALG:CS ratio, swapped to CS:ALG"",
    ""2 | 0.57 mL @ 0.10% | CS (Medium MW, 75-85% DDA) | 2.39 mL @ 0.029% | 11.4 mL @ 0.063% | 1:10 | Pluronic F127 | 1.19 mL @ 0.00% | CaCl2 | 0.68 mL @ 20 mM | 1200 rpm | 25 C | 60 s | 5.0 | NaN | 247 nm | -21.6 mV | 22% | DoE used ALG:CS ratio, swapped to CS:ALG"",
    ""3 | 0.57 mL @ 0.10% | CS (Medium MW, 75-85% DDA) | 2.39 mL @ 0.1% | 11.4 mL @ 0.063% | 1:3 | Pluronic F127 | 1.19 mL @ 0.10% | CaCl2 | 0.68 mL @ 20 mM | 1200 rpm | 25 C | 60 s | 5.0 | NaN | 428 nm | -24.2 mV | 25% | DoE used ALG:CS ratio, swapped to CS:ALG"",
    ""4 | 0.57 mL @ 0.10% | CS (Medium MW, 75-85% DDA) | 2.39 mL @ 0.029% | 11.4 mL @ 0.063% | 1:10 | Pluronic F127 | 1.19 mL @ 0.10% | CaCl2 | 0.68 mL @ 20 mM | 1200 rpm | 25 C | 60 s | 5.0 | NaN | 275 nm | -19.6 mV | 20% | DoE used ALG:CS ratio, swapped to CS:ALG"",
    ""5 | 0.57 mL @ 0.05% | CS (Medium MW, 75-85% DDA) | 2.39 mL @ 0.1% | 11.4 mL @ 0.063% | 1:3 | Pluronic F127 | 1.19 mL @ 0.05% | CaCl2 | 0.68 mL @ 20 mM | 1200 rpm | 25 C | 60 s | 5.0 | NaN | 375 nm | -24.4 mV | 37% | DoE used ALG:CS ratio, swapped to CS:ALG"",
    ""6 | 0.57 mL @ 0.05% | CS (Medium MW, 75-85% DDA) | 2.39 mL @ 0.029% | 11.4 mL @ 0.063% | 1:10 | Pluronic F127 | 1.19 mL @ 0.05% | CaCl2 | 0.68 mL @ 20 mM | 1200 rpm | 25 C | 60 s | 5.0 | NaN | 265 nm | -19.6 mV | 40% | DoE used ALG:CS ratio, swapped to CS:ALG"",
    ""7 | 0.57 mL @ 0.15% | CS (Medium MW, 75-85% DDA) | 2.39 mL @ 0.1% | 11.4 mL @ 0.063% | 1:3 | Pluronic F127 | 1.19 mL @ 0.05% | CaCl2 | 0.68 mL @ 20 mM | 1200 rpm | 25 C | 60 s | 5.0 | NaN | 410 nm | -22.3 mV | 10% | DoE used ALG:CS ratio, swapped to CS:ALG"",
    ""8 | 0.57 mL @ 0.15% | CS (Medium MW, 75-85% DDA) | 2.39 mL @ 0.029% | 11.4 mL @ 0.063% | 1:10 | Pluronic F127 | 1.19 mL @ 0.05% | CaCl2 | 0.68 mL @ 20 mM | 1200 rpm | 25 C | 60 s | 5.0 | NaN | 321 nm | -20.8 mV | 20% | DoE used ALG:CS ratio, swapped to CS:ALG"",
    ""9 | 0.57 mL @ 0.05% | CS (Medium MW, 75-85% DDA) | 2.39 mL @ 0.047% | 11.4 mL @ 0.063% | 1:6.5 | Pluronic F127 | 1.19 mL @ 0.00% | CaCl2 | 0.68 mL @ 20 mM | 1200 rpm | 25 C | 60 s | 5.0 | NaN | 315 nm | -23.7 mV | 34% | DoE used ALG:CS ratio, swapped to CS:ALG"",
    ""10 | 0.57 mL @ 0.05% | CS (Medium MW, 75-85% DDA) | 2.39 mL @ 0.047% | 11.4 mL @ 0.063% | 1:6.5 | Pluronic F127 | 1.19 mL @ 0.10% | CaCl2 | 0.68 mL @ 20 mM | 1200 rpm | 25 C | 60 s | 5.0 | NaN | 319 nm | -20.4 mV | 37% | DoE used ALG:CS ratio, swapped to CS:ALG"",
    ""11 | 0.57 mL @ 0.15% | CS (Medium MW, 75-85% DDA) | 2.39 mL @ 0.047% | 11.4 mL @ 0.063% | 1:6.5 | Pluronic F127 | 1.19 mL @ 0.00% | CaCl2 | 0.68 mL @ 20 mM | 1200 rpm | 25 C | 60 s | 5.0 | NaN | 347 nm | -19.1 mV | 10% | DoE used ALG:CS ratio, swapped to CS:ALG"",
    ""12 | 0.57 mL @ 0.15% | CS (Medium MW, 75-85% DDA) | 2.39 mL @ 0.047% | 11.4 mL @ 0.063% | 1:6.5 | Pluronic F127 | 1.19 mL @ 0.10% | CaCl2 | 0.68 mL @ 20 mM | 1200 rpm | 25 C | 60 s | 5.0 | NaN | 446 nm | -22.3 mV | 18% | DoE used ALG:CS ratio, swapped to CS:ALG"",
    ""13 | 0.57 mL @ 0.10% | CS (Medium MW, 75-85% DDA) | 2.39 mL @ 0.047% | 11.4 mL @ 0.063% | 1:6.5 | Pluronic F127 | 1.19 mL @ 0.05% | CaCl2 | 0.68 mL @ 20 mM | 1200 rpm | 25 C | 60 s | 5.0 | NaN | 253 nm | -17.2 mV | 55% | DoE used ALG:CS ratio, swapped to CS:ALG"",
    ""14 | 0.57 mL @ 0.10% | CS (Medium MW, 75-85% DDA) | 2.39 mL @ 0.047% | 11.4 mL @ 0.063% | 1:6.5 | Pluronic F127 | 1.19 mL @ 0.05% | CaCl2 | 0.68 mL @ 20 mM | 1200 rpm | 25 C | 60 s | 5.0 | NaN | 276 nm | -18.2 mV | 45% | DoE used ALG:CS ratio, swapped to CS:ALG"",
    ""15 | 0.57 mL @ 0.10% | CS (Medium MW, 75-85% DDA) | 2.39 mL @ 0.047% | 11.4 mL @ 0.063% | 1:6.5 | Pluronic F127 | 1.19 mL @ 0.05% | CaCl2 | 0.68 mL @ 20 mM | 1200 rpm | 25 C | 60 s | 5.0 | NaN | 257 nm | -16.2 mV | 51% | DoE used ALG:CS ratio, swapped to CS:ALG""
  ]
}",4
006.pdf,"{
  ""HEADER"": ""Amoxicillin Loaded Chitosan-Alginate Polyelectrolyte Complex Nanoparticles as Mucopenetrating Delivery System for H. Pylori | 10.3797/scipharm.1011-05 | Amoxicillin | Ionic gelation"",
  ""THOUGHTS"": ""- Constants & Hunted Values: Fixed ALG concentration (0.1% w/v) missing from DoE table but found in methods text. Fixed pH (CS at 5.0, ALG at 5.5) and stirring time (30 mins) found in methods text. CS viscosity (200-400 mPas) found in materials. No explicit total volume stated.\n- DoE Mapping: No DoE codes used in Table 2; actual physical values are listed directly.\n- Volume Logic: NaN (standalone conc. only).\n- CQA Pairing Strategy: Inputs and outputs (Size, Zeta, PDE/EE) are fully paired in Table 2. All 15 runs extracted successfully."",
  ""RUNS"": [
    ""F1 | 0.01% w/v | CS (viscosity 200-400 mPas) | 0.02% w/v | 0.1% w/v | 9:1 | Pluronic F-127 | 0.012% w/v | NaN | NaN | NaN | 25 C | NaN | 5.0 | NaN | 265 nm | 41.59 mV | 61.5% | Fixed ALG conc. and pH from methods text"",
    ""F2 | 0.01% w/v | CS (viscosity 200-400 mPas) | 0.06% w/v | 0.1% w/v | 9:1 | Pluronic F-127 | 0.012% w/v | NaN | NaN | NaN | 25 C | NaN | 5.0 | NaN | 633 nm | 57.81 mV | 91.6% | Fixed ALG conc. and pH from methods text"",
    ""F3 | 0.04% w/v | CS (viscosity 200-400 mPas) | 0.02% w/v | 0.1% w/v | 9:1 | Pluronic F-127 | 0.012% w/v | NaN | NaN | NaN | 25 C | NaN | 5.0 | NaN | 300 nm | 35.04 mV | 23.5% | Fixed ALG conc. and pH from methods text"",
    ""F4 | 0.04% w/v | CS (viscosity 200-400 mPas) | 0.06% w/v | 0.1% w/v | 9:1 | Pluronic F-127 | 0.012% w/v | NaN | NaN | NaN | 25 C | NaN | 5.0 | NaN | 638 nm | 41.97 mV | 47.5% | Fixed ALG conc. and pH from methods text"",
    ""F5 | 0.025% w/v | CS (viscosity 200-400 mPas) | 0.02% w/v | 0.1% w/v | 9:1 | Pluronic F-127 | 0.000% w/v | NaN | NaN | NaN | 25 C | NaN | 5.0 | NaN | 268 nm | 56.75 mV | 24.0% | Fixed ALG conc. and pH from methods text"",
    ""F6 | 0.025% w/v | CS (viscosity 200-400 mPas) | 0.06% w/v | 0.1% w/v | 9:1 | Pluronic F-127 | 0.000% w/v | NaN | NaN | NaN | 25 C | NaN | 5.0 | NaN | 616 nm | 61.90 mV | 66.4% | Fixed ALG conc. and pH from methods text"",
    ""F7 | 0.025% w/v | CS (viscosity 200-400 mPas) | 0.02% w/v | 0.1% w/v | 9:1 | Pluronic F-127 | 0.025% w/v | NaN | NaN | NaN | 25 C | NaN | 5.0 | NaN | 321 nm | 58.15 mV | 33.2% | Fixed ALG conc. and pH from methods text"",
    ""F8 | 0.025% w/v | CS (viscosity 200-400 mPas) | 0.06% w/v | 0.1% w/v | 9:1 | Pluronic F-127 | 0.025% w/v | NaN | NaN | NaN | 25 C | NaN | 5.0 | NaN | 601 nm | 60.99 mV | 88.0% | Fixed ALG conc. and pH from methods text"",
    ""F9 | 0.01% w/v | CS (viscosity 200-400 mPas) | 0.04% w/v | 0.1% w/v | 9:1 | Pluronic F-127 | 0.000% w/v | NaN | NaN | NaN | 25 C | NaN | 5.0 | NaN | 382 nm | 57.12 mV | 79.6% | Fixed ALG conc. and pH from methods text"",
    ""F10 | 0.04% w/v | CS (viscosity 200-400 mPas) | 0.04% w/v | 0.1% w/v | 9:1 | Pluronic F-127 | 0.000% w/v | NaN | NaN | NaN | 25 C | NaN | 5.0 | NaN | 574 nm | 53.46 mV | 31.8% | Fixed ALG conc. and pH from methods text"",
    ""F11 | 0.01% w/v | CS (viscosity 200-400 mPas) | 0.04% w/v | 0.1% w/v | 9:1 | Pluronic F-127 | 0.025% w/v | NaN | NaN | NaN | 25 C | NaN | 5.0 | NaN | 414 nm | 46.79 mV | 84.9% | Fixed ALG conc. and pH from methods text"",
    ""F12 | 0.04% w/v | CS (viscosity 200-400 mPas) | 0.04% w/v | 0.1% w/v | 9:1 | Pluronic F-127 | 0.025% w/v | NaN | NaN | NaN | 25 C | NaN | 5.0 | NaN | 519 nm | 54.08 mV | 36.0% | Fixed ALG conc. and pH from methods text"",
    ""F13 | 0.025% w/v | CS (viscosity 200-400 mPas) | 0.04% w/v | 0.1% w/v | 9:1 | Pluronic F-127 | 0.012% w/v | NaN | NaN | NaN | 25 C | NaN | 5.0 | NaN | 600 nm | 59.22 mV | 52.4% | Fixed ALG conc. and pH from methods text"",
    ""F14 | 0.025% w/v | CS (viscosity 200-400 mPas) | 0.04% w/v | 0.1% w/v | 9:1 | Pluronic F-127 | 0.012% w/v | NaN | NaN | NaN | 25 C | NaN | 5.0 | NaN | 508 nm | 59.76 mV | 52.0% | Fixed ALG conc. and pH from methods text"",
    ""F15 | 0.025% w/v | CS (viscosity 200-400 mPas) | 0.04% w/v | 0.1% w/v | 9:1 | Pluronic F-127 | 0.012% w/v | NaN | NaN | NaN | 25 C | NaN | 5.0 | NaN | 594 nm | 60.06 mV | 52.8% | Fixed ALG conc. and pH from methods text""
  ]
}",5
007.pdf,"{
  ""HEADER"": ""Chitosan/alginate nanoparticles as a promising carrier of novel curcumin diethyl diglutarate | 10.1016/j.ijbiomac.2019.03.061 | Curcumin diethyl diglutarate (CDG) | O/w emulsification and ionotropic gelation"",
  ""THOUGHTS"": ""- Constants & Hunted Values: Fixed pH 4.9 for Alg, 4.6 for CS. Alg fixed at 20 mL @ 0.6 mg/mL. CS fixed at 4 mL. CaCl2 fixed at 4 mL @ 0.67 mg/mL. CDG fixed at 1 mL of acetonic solution. Stirring fixed at 1000 rpm. Sonication fixed at 15 min.\n- DoE Mapping: No DoE codes used. Table 2 lists actual physical values for CS:ALG ratio, Pluronic F127 conc., and CDG conc.\n- Volume Logic: Total Vol is not explicitly stated. NaN used.\n- CQA Pairing Strategy: Inputs in Table 2 are directly paired with CQA outputs (Y1, Y2, Y3) in the same table. Run 16 (Optimized) inputs are in Table 4 text, paired with experimental observed values in Table 4. All extracted runs have paired CQAs."",
  ""RUNS"": [
    ""1 | 1 mL @ 2.5 mg/mL | CS (Mw 7.5x10^4, 84.3% DDA) | 4 mL | 20 mL @ 0.6 mg/mL | 0.025:1 | Pluronic F127 | 1.0% w/v | CaCl2 | 4 mL @ 0.67 mg/mL | 1000 rpm | 25 C | 15 min | 4.6 | NaN | 125 nm | -34.5 mV | 61.3% | NaN"",
    ""2 | 1 mL @ 2.5 mg/mL | CS (Mw 7.5x10^4, 84.3% DDA) | 4 mL | 20 mL @ 0.6 mg/mL | 0.100:1 | Pluronic F127 | 1.0% w/v | CaCl2 | 4 mL @ 0.67 mg/mL | 1000 rpm | 25 C | 15 min | 4.6 | NaN | 214 nm | -22.9 mV | 73.1% | NaN"",
    ""3 | 1 mL @ 2.5 mg/mL | CS (Mw 7.5x10^4, 84.3% DDA) | 4 mL | 20 mL @ 0.6 mg/mL | 0.025:1 | Pluronic F127 | 1.5% w/v | CaCl2 | 4 mL @ 0.67 mg/mL | 1000 rpm | 25 C | 15 min | 4.6 | NaN | 156 nm | -32.4 mV | 68.4% | NaN"",
    ""4 | 1 mL @ 2.5 mg/mL | CS (Mw 7.5x10^4, 84.3% DDA) | 4 mL | 20 mL @ 0.6 mg/mL | 0.100:1 | Pluronic F127 | 1.5% w/v | CaCl2 | 4 mL @ 0.67 mg/mL | 1000 rpm | 25 C | 15 min | 4.6 | NaN | 382 nm | -21.4 mV | 73.5% | NaN"",
    ""5 | 1 mL @ 1.0 mg/mL | CS (Mw 7.5x10^4, 84.3% DDA) | 4 mL | 20 mL @ 0.6 mg/mL | 0.025:1 | Pluronic F127 | 1.25% w/v | CaCl2 | 4 mL @ 0.67 mg/mL | 1000 rpm | 25 C | 15 min | 4.6 | NaN | 150 nm | -33.6 mV | 41.4% | NaN"",
    ""6 | 1 mL @ 1.0 mg/mL | CS (Mw 7.5x10^4, 84.3% DDA) | 4 mL | 20 mL @ 0.6 mg/mL | 0.100:1 | Pluronic F127 | 1.25% w/v | CaCl2 | 4 mL @ 0.67 mg/mL | 1000 rpm | 25 C | 15 min | 4.6 | NaN | 291 nm | -22.7 mV | 61.3% | NaN"",
    ""7 | 1 mL @ 5.0 mg/mL | CS (Mw 7.5x10^4, 84.3% DDA) | 4 mL | 20 mL @ 0.6 mg/mL | 0.025:1 | Pluronic F127 | 1.25% w/v | CaCl2 | 4 mL @ 0.67 mg/mL | 1000 rpm | 25 C | 15 min | 4.6 | NaN | 148 nm | -34.3 mV | 78.2% | NaN"",
    ""8 | 1 mL @ 5.0 mg/mL | CS (Mw 7.5x10^4, 84.3% DDA) | 4 mL | 20 mL @ 0.6 mg/mL | 0.100:1 | Pluronic F127 | 1.25% w/v | CaCl2 | 4 mL @ 0.67 mg/mL | 1000 rpm | 25 C | 15 min | 4.6 | NaN | 320 nm | -20.3 mV | 70.7% | NaN"",
    ""9 | 1 mL @ 1.0 mg/mL | CS (Mw 7.5x10^4, 84.3% DDA) | 4 mL | 20 mL @ 0.6 mg/mL | 0.050:1 | Pluronic F127 | 1.0% w/v | CaCl2 | 4 mL @ 0.67 mg/mL | 1000 rpm | 25 C | 15 min | 4.6 | NaN | 209 nm | -30.2 mV | 42.9% | NaN"",
    ""10 | 1 mL @ 1.0 mg/mL | CS (Mw 7.5x10^4, 84.3% DDA) | 4 mL | 20 mL @ 0.6 mg/mL | 0.050:1 | Pluronic F127 | 1.5% w/v | CaCl2 | 4 mL @ 0.67 mg/mL | 1000 rpm | 25 C | 15 min | 4.6 | NaN | 341 nm | -26.1 mV | 55.1% | NaN"",
    ""11 | 1 mL @ 5.0 mg/mL | CS (Mw 7.5x10^4, 84.3% DDA) | 4 mL | 20 mL @ 0.6 mg/mL | 0.050:1 | Pluronic F127 | 1.0% w/v | CaCl2 | 4 mL @ 0.67 mg/mL | 1000 rpm | 25 C | 15 min | 4.6 | NaN | 248 nm | -25.6 mV | 82.9% | NaN"",
    ""12 | 1 mL @ 5.0 mg/mL | CS (Mw 7.5x10^4, 84.3% DDA) | 4 mL | 20 mL @ 0.6 mg/mL | 0.050:1 | Pluronic F127 | 1.5% w/v | CaCl2 | 4 mL @ 0.67 mg/mL | 1000 rpm | 25 C | 15 min | 4.6 | NaN | 315 nm | -27.1 mV | 73.5% | NaN"",
    ""13 | 1 mL @ 2.5 mg/mL | CS (Mw 7.5x10^4, 84.3% DDA) | 4 mL | 20 mL @ 0.6 mg/mL | 0.050:1 | Pluronic F127 | 1.25% w/v | CaCl2 | 4 mL @ 0.67 mg/mL | 1000 rpm | 25 C | 15 min | 4.6 | NaN | 244 nm | -30.8 mV | 83.4% | NaN"",
    ""14 | 1 mL @ 2.5 mg/mL | CS (Mw 7.5x10^4, 84.3% DDA) | 4 mL | 20 mL @ 0.6 mg/mL | 0.050:1 | Pluronic F127 | 1.25% w/v | CaCl2 | 4 mL @ 0.67 mg/mL | 1000 rpm | 25 C | 15 min | 4.6 | NaN | 261 nm | -30.4 mV | 81.9% | NaN"",
    ""15 | 1 mL @ 2.5 mg/mL | CS (Mw 7.5x10^4, 84.3% DDA) | 4 mL | 20 mL @ 0.6 mg/mL | 0.050:1 | Pluronic F127 | 1.25% w/v | CaCl2 | 4 mL @ 0.67 mg/mL | 1000 rpm | 25 C | 15 min | 4.6 | NaN | 253 nm | -29.5 mV | 82.8% | NaN"",
    ""16 | 1 mL @ 4.5 mg/mL | CS (Mw 7.5x10^4, 84.3% DDA) | 4 mL | 20 mL @ 0.6 mg/mL | 0.065:1 | Pluronic F127 | 1.0% w/v | CaCl2 | 4 mL @ 0.67 mg/mL | 1000 rpm | 25 C | 15 min | 4.6 | NaN | 215 nm | -24.1 mV | 85.3% | Optimized formulation""
  ]
}",6
008.pdf,"{
  ""HEADER"": ""Formulation, Optimization, and Characterization of Biocompatible Inhalable D-Cycloserine-Loaded Alginate-Chitosan Nanoparticles for Pulmonary Drug Delivery | 10.22159/ajpcr.2016.v9s2.11814 | D-Cycloserine | Ionotropic gelation"",
  ""THOUGHTS"": ""- Constants & Hunted Values: Fixed pH (ALG=5.0, CHI=5.5). Methods text states 20 mL of ALG solution, 4 mL of CHI solution, and 1 mL of CaCl2 solution were used for all runs. CaCl2 concentration is 18 mM. Stirring was 30 min post-mixing. Ultrasonication at 100% amplitude for 2 min.\n- DoE Mapping: CHI: -1=1 mg, 0=2 mg, +1=3 mg. Sodium ALG: -1=8 mg, 0=12 mg, +1=16 mg. Drug: -1=40 mg, 0=80 mg, +1=120 mg.\n- Volume Logic: Total Vol is not explicitly stated as a single final volume, but component volumes sum to 25 mL. Outputting NaN for Total Vol to strictly follow 'explicitly stated' rule.\n- CQA Pairing Strategy: Table 3 provides DoE inputs alongside Particle Size and EE outputs. Zeta Potential is only reported for the optimized batch (-42 mV), so it is NaN for F1-F11. All 11 runs successfully paired with Size and EE."",
  ""RUNS"": [
    ""F1 | 40 mg | CHI (85% DDA) | 4 mL @ 1 mg | 20 mL @ 8 mg | NaN | NaN | NaN | CaCl2 | 1 mL @ 18 mM | 30 min | NaN | 2 min | 5.0 | NaN | 263 nm | NaN | 98.07% | NaN"",
    ""F2 | 120 mg | CHI (85% DDA) | 4 mL @ 3 mg | 20 mL @ 16 mg | NaN | NaN | NaN | CaCl2 | 1 mL @ 18 mM | 30 min | NaN | 2 min | 5.0 | NaN | 344 nm | NaN | 98.10% | NaN"",
    ""F3 | 120 mg | CHI (85% DDA) | 4 mL @ 1 mg | 20 mL @ 8 mg | NaN | NaN | NaN | CaCl2 | 1 mL @ 18 mM | 30 min | NaN | 2 min | 5.0 | NaN | 366 nm | NaN | 97.69% | NaN"",
    ""F4 | 40 mg | CHI (85% DDA) | 4 mL @ 1 mg | 20 mL @ 16 mg | NaN | NaN | NaN | CaCl2 | 1 mL @ 18 mM | 30 min | NaN | 2 min | 5.0 | NaN | 441 nm | NaN | 97.93% | NaN"",
    ""F5 | 120 mg | CHI (85% DDA) | 4 mL @ 3 mg | 20 mL @ 8 mg | NaN | NaN | NaN | CaCl2 | 1 mL @ 18 mM | 30 min | NaN | 2 min | 5.0 | NaN | 176 nm | NaN | 98.02% | NaN"",
    ""F6 | 80 mg | CHI (85% DDA) | 4 mL @ 2 mg | 20 mL @ 12 mg | NaN | NaN | NaN | CaCl2 | 1 mL @ 18 mM | 30 min | NaN | 2 min | 5.0 | NaN | 377 nm | NaN | 99.16% | NaN"",
    ""F7 | 40 mg | CHI (85% DDA) | 4 mL @ 3 mg | 20 mL @ 16 mg | NaN | NaN | NaN | CaCl2 | 1 mL @ 18 mM | 30 min | NaN | 2 min | 5.0 | NaN | 386 nm | NaN | 98.04% | NaN"",
    ""F8 | 80 mg | CHI (85% DDA) | 4 mL @ 2 mg | 20 mL @ 12 mg | NaN | NaN | NaN | CaCl2 | 1 mL @ 18 mM | 30 min | NaN | 2 min | 5.0 | NaN | 383 nm | NaN | 99.21% | NaN"",
    ""F9 | 120 mg | CHI (85% DDA) | 4 mL @ 1 mg | 20 mL @ 16 mg | NaN | NaN | NaN | CaCl2 | 1 mL @ 18 mM | 30 min | NaN | 2 min | 5.0 | NaN | 246 nm | NaN | 97.58% | NaN"",
    ""F10 | 40 mg | CHI (85% DDA) | 4 mL @ 1 mg | 20 mL @ 8 mg | NaN | NaN | NaN | CaCl2 | 1 mL @ 18 mM | 30 min | NaN | 2 min | 5.0 | NaN | 217 nm | NaN | 97.96% | NaN"",
    ""F11 | 80 mg | CHI (85% DDA) | 4 mL @ 2 mg | 20 mL @ 12 mg | NaN | NaN | NaN | CaCl2 | 1 mL @ 18 mM | 30 min | NaN | 2 min | 5.0 | NaN | 372 nm | NaN | 99.13% | NaN"",
    ""Opt1 | 120 mg | CHI (85% DDA) | 4 mL @ 3 mg | 20 mL @ 16 mg | NaN | NaN | NaN | CaCl2 | 1 mL @ 18 mM | 30 min | NaN | 2 min | 5.0 | NaN | 344 nm | -42 mV | 98.10% | Optimized batch""
  ]
}",7
009.pdf,"{
  ""HEADER"": ""Phytosterol-Loaded Surface-Tailored Bioactive-Polymer Nanoparticles for Cancer Treatment: Optimization, In Vitro Cell Viability, Antioxidant Activity, and Stability Studies | 10.3390/gels8040219 | β-Sitosterol | Ionotropic gelation"",
  ""THOUGHTS"": ""- Constants & Hunted Values: API (β-Sitosterol) is fixed at 5 mg for all runs (found in methods text). Alginate volume is fixed at 5 mL (methods text). CaCl2 volume is fixed at 5 mL (methods text). CS volume is fixed at 10 mL (methods text). Stirring is fixed at 1000 rpm (methods text). Sonication time is fixed at 10 min (methods text). pH is fixed at 5.2 (methods text). Zeta potential is only reported for the optimized formulation (+25 mV).\n- DoE Mapping: No DoE codes used in Table 2; actual physical values are listed directly.\n- Volume Logic: Total Vol is NaN (standalone conc. used in DoE table, final vol not explicitly stated).\n- CQA Pairing Strategy: Inputs and outputs (Size, EE) are directly paired in Table 2. Zeta potential is only available for the optimized formulation found in the text. All 17 runs + 1 optimized run extracted."",
  ""RUNS"": [
    ""FN1 | 5 mg | CS (MW = 50-190 KDa) | 10 mL @ 0.10% w/v | 5 mL @ 0.40% w/v | NaN | NaN | NaN | CaCl2 | 5 mL @ 16 mM | 1000 rpm | NaN | 10 min | 5.2 | NaN | 121 nm | NaN | 90% | NaN"",
    ""FN2 | 5 mg | CS (MW = 50-190 KDa) | 10 mL @ 0.20% w/v | 5 mL @ 0.40% w/v | NaN | NaN | NaN | CaCl2 | 5 mL @ 24 mM | 1000 rpm | NaN | 10 min | 5.2 | NaN | 142 nm | NaN | 72% | NaN"",
    ""FN3 | 5 mg | CS (MW = 50-190 KDa) | 10 mL @ 0.30% w/v | 5 mL @ 0.60% w/v | NaN | NaN | NaN | CaCl2 | 5 mL @ 24 mM | 1000 rpm | NaN | 10 min | 5.2 | NaN | 166 nm | NaN | 80% | NaN"",
    ""FN4 | 5 mg | CS (MW = 50-190 KDa) | 10 mL @ 0.10% w/v | 5 mL @ 0.20% w/v | NaN | NaN | NaN | CaCl2 | 5 mL @ 24 mM | 1000 rpm | NaN | 10 min | 5.2 | NaN | 151 nm | NaN | 86% | NaN"",
    ""FN5 | 5 mg | CS (MW = 50-190 KDa) | 10 mL @ 0.20% w/v | 5 mL @ 0.40% w/v | NaN | NaN | NaN | CaCl2 | 5 mL @ 24 mM | 1000 rpm | NaN | 10 min | 5.2 | NaN | 137 nm | NaN | 73% | NaN"",
    ""FN6 | 5 mg | CS (MW = 50-190 KDa) | 10 mL @ 0.20% w/v | 5 mL @ 0.60% w/v | NaN | NaN | NaN | CaCl2 | 5 mL @ 16 mM | 1000 rpm | NaN | 10 min | 5.2 | NaN | 170 nm | NaN | 87% | NaN"",
    ""FN7 | 5 mg | CS (MW = 50-190 KDa) | 10 mL @ 0.20% w/v | 5 mL @ 0.40% w/v | NaN | NaN | NaN | CaCl2 | 5 mL @ 24 mM | 1000 rpm | NaN | 10 min | 5.2 | NaN | 145 nm | NaN | 74% | NaN"",
    ""FN8 | 5 mg | CS (MW = 50-190 KDa) | 10 mL @ 0.10% w/v | 5 mL @ 0.60% w/v | NaN | NaN | NaN | CaCl2 | 5 mL @ 24 mM | 1000 rpm | NaN | 10 min | 5.2 | NaN | 123 nm | NaN | 93% | NaN"",
    ""FN9 | 5 mg | CS (MW = 50-190 KDa) | 10 mL @ 0.30% w/v | 5 mL @ 0.40% w/v | NaN | NaN | NaN | CaCl2 | 5 mL @ 32 mM | 1000 rpm | NaN | 10 min | 5.2 | NaN | 146 nm | NaN | 72% | NaN"",
    ""FN10 | 5 mg | CS (MW = 50-190 KDa) | 10 mL @ 0.20% w/v | 5 mL @ 0.60% w/v | NaN | NaN | NaN | CaCl2 | 5 mL @ 32 mM | 1000 rpm | NaN | 10 min | 5.2 | NaN | 168 nm | NaN | 75% | NaN"",
    ""FN11 | 5 mg | CS (MW = 50-190 KDa) | 10 mL @ 0.20% w/v | 5 mL @ 0.20% w/v | NaN | NaN | NaN | CaCl2 | 5 mL @ 16 mM | 1000 rpm | NaN | 10 min | 5.2 | NaN | 139 nm | NaN | 78% | NaN"",
    ""FN12 | 5 mg | CS (MW = 50-190 KDa) | 10 mL @ 0.20% w/v | 5 mL @ 0.40% w/v | NaN | NaN | NaN | CaCl2 | 5 mL @ 24 mM | 1000 rpm | NaN | 10 min | 5.2 | NaN | 140 nm | NaN | 74% | NaN"",
    ""FN13 | 5 mg | CS (MW = 50-190 KDa) | 10 mL @ 0.10% w/v | 5 mL @ 0.40% w/v | NaN | NaN | NaN | CaCl2 | 5 mL @ 32 mM | 1000 rpm | NaN | 10 min | 5.2 | NaN | 149 nm | NaN | 70% | NaN"",
    ""FN14 | 5 mg | CS (MW = 50-190 KDa) | 10 mL @ 0.20% w/v | 5 mL @ 0.20% w/v | NaN | NaN | NaN | CaCl2 | 5 mL @ 32 mM | 1000 rpm | NaN | 10 min | 5.2 | NaN | 180 nm | NaN | 78% | NaN"",
    ""FN15 | 5 mg | CS (MW = 50-190 KDa) | 10 mL @ 0.20% w/v | 5 mL @ 0.40% w/v | NaN | NaN | NaN | CaCl2 | 5 mL @ 24 mM | 1000 rpm | NaN | 10 min | 5.2 | NaN | 146 nm | NaN | 71% | NaN"",
    ""FN16 | 5 mg | CS (MW = 50-190 KDa) | 10 mL @ 0.30% w/v | 5 mL @ 0.40% w/v | NaN | NaN | NaN | CaCl2 | 5 mL @ 16 mM | 1000 rpm | NaN | 10 min | 5.2 | NaN | 138 nm | NaN | 67% | NaN"",
    ""FN17 | 5 mg | CS (MW = 50-190 KDa) | 10 mL @ 0.30% w/v | 5 mL @ 0.20% w/v | NaN | NaN | NaN | CaCl2 | 5 mL @ 24 mM | 1000 rpm | NaN | 10 min | 5.2 | NaN | 131 nm | NaN | 79% | NaN"",
    ""Opt1 | 5 mg | CS (MW = 50-190 KDa) | 10 mL @ 0.10% w/v | 5 mL @ 0.48% w/v | NaN | NaN | NaN | CaCl2 | 5 mL @ 16.32 mM | 1000 rpm | NaN | 10 min | 5.2 | NaN | 126 nm | +25 mV | 91.06% | Optimized formulation""
  ]
}",8
010.pdf,"{
  ""HEADER"": ""Metformin and curcumin co-encapsulated chitosan/alginate nanoparticles as effective oral carriers against pain-like behaviors in mice | 10.1016/j.ijpharm.2023.123037 | Metformin + Curcumin | Ionic gelation"",
  ""THOUGHTS"": ""- Constants & Hunted Values: Fixed Cur amount (1.5 mg) in 1 mL methanol. Fixed ALG volume (20 mL). Fixed CaCl2 (4 mL @ 0.67 mg/mL). Fixed CTS volume (4 mL). Stirring = 1000 rpm. Temp = 25 C. CS Type = CTS (MW = 85 kDa, 85% DDA). Alg Type = Sodium ALG (medium viscosity, Mw = 80-120 kDa).\n- DoE Mapping: A (Pluronic F127): -1=1% w/v, 0=2% w/v, +1=3% w/v. B (Met amount): -1=3 mg, 0=6 mg, +1=9 mg. C (CTS:ALG mass ratio): -1=0.05:1, 0=0.1:1, +1=0.15:1.\n- Volume Logic: NaN (standalone conc. used in DoE for surfactant, total vol not explicitly stated).\n- CQA Pairing Strategy: Inputs are derived from Table 1 (DoE levels) and Table 2 (run matrix). CQA outputs (Size, Zeta, EE Met, EE Cur) are directly paired from Table 2. EE is reported as two separate values for Met and Cur, combined using '+' in the EE field. All 15 BBD runs and the optimized run (Opt1) have paired CQAs."",
  ""RUNS"": [
    ""F1 | 1 mL @ 3 mg + 1 mL @ 1.5 mg | CTS (MW = 85 kDa, 85% DDA) | 4 mL | 20 mL | 0.1:1 | Pluronic F127 | 20 mL @ 1% w/v | CaCl2 | 4 mL @ 0.67 mg/mL | 1000 rpm | 25 C | NaN | NaN | NaN | 321 nm | 25.4 mV | 26.7% + 40.5% | NaN"",
    ""F2 | 1 mL @ 3 mg + 1 mL @ 1.5 mg | CTS (MW = 85 kDa, 85% DDA) | 4 mL | 20 mL | 0.1:1 | Pluronic F127 | 20 mL @ 3% w/v | CaCl2 | 4 mL @ 0.67 mg/mL | 1000 rpm | 25 C | NaN | NaN | NaN | 306 nm | 19.9 mV | 25.3% + 43.4% | NaN"",
    ""F3 | 1 mL @ 9 mg + 1 mL @ 1.5 mg | CTS (MW = 85 kDa, 85% DDA) | 4 mL | 20 mL | 0.1:1 | Pluronic F127 | 20 mL @ 1% w/v | CaCl2 | 4 mL @ 0.67 mg/mL | 1000 rpm | 25 C | NaN | NaN | NaN | 348 nm | 27.5 mV | 36.8% + 45.8% | NaN"",
    ""F4 | 1 mL @ 9 mg + 1 mL @ 1.5 mg | CTS (MW = 85 kDa, 85% DDA) | 4 mL | 20 mL | 0.1:1 | Pluronic F127 | 20 mL @ 3% w/v | CaCl2 | 4 mL @ 0.67 mg/mL | 1000 rpm | 25 C | NaN | NaN | NaN | 315 nm | 20.4 mV | 32.1% + 45.7% | NaN"",
    ""F5 | 1 mL @ 6 mg + 1 mL @ 1.5 mg | CTS (MW = 85 kDa, 85% DDA) | 4 mL | 20 mL | 0.05:1 | Pluronic F127 | 20 mL @ 1% w/v | CaCl2 | 4 mL @ 0.67 mg/mL | 1000 rpm | 25 C | NaN | NaN | NaN | 261 nm | 26.8 mV | 30.7% + 41.2% | NaN"",
    ""F6 | 1 mL @ 6 mg + 1 mL @ 1.5 mg | CTS (MW = 85 kDa, 85% DDA) | 4 mL | 20 mL | 0.05:1 | Pluronic F127 | 20 mL @ 3% w/v | CaCl2 | 4 mL @ 0.67 mg/mL | 1000 rpm | 25 C | NaN | NaN | NaN | 257 nm | 21.4 mV | 32.7% + 46.9% | NaN"",
    ""F7 | 1 mL @ 6 mg + 1 mL @ 1.5 mg | CTS (MW = 85 kDa, 85% DDA) | 4 mL | 20 mL | 0.15:1 | Pluronic F127 | 20 mL @ 1% w/v | CaCl2 | 4 mL @ 0.67 mg/mL | 1000 rpm | 25 C | NaN | NaN | NaN | 423 nm | 22.9 mV | 35.7% + 45.0% | NaN"",
    ""F8 | 1 mL @ 6 mg + 1 mL @ 1.5 mg | CTS (MW = 85 kDa, 85% DDA) | 4 mL | 20 mL | 0.15:1 | Pluronic F127 | 20 mL @ 3% w/v | CaCl2 | 4 mL @ 0.67 mg/mL | 1000 rpm | 25 C | NaN | NaN | NaN | 384 nm | 17.1 mV | 35.4% + 52.3% | NaN"",
    ""F9 | 1 mL @ 3 mg + 1 mL @ 1.5 mg | CTS (MW = 85 kDa, 85% DDA) | 4 mL | 20 mL | 0.05:1 | Pluronic F127 | 20 mL @ 2% w/v | CaCl2 | 4 mL @ 0.67 mg/mL | 1000 rpm | 25 C | NaN | NaN | NaN | 236 nm | 23.9 mV | 28.6% + 44.7% | NaN"",
    ""F10 | 1 mL @ 9 mg + 1 mL @ 1.5 mg | CTS (MW = 85 kDa, 85% DDA) | 4 mL | 20 mL | 0.05:1 | Pluronic F127 | 20 mL @ 2% w/v | CaCl2 | 4 mL @ 0.67 mg/mL | 1000 rpm | 25 C | NaN | NaN | NaN | 244 nm | 23.5 mV | 44.2% + 50.1% | NaN"",
    ""F11 | 1 mL @ 3 mg + 1 mL @ 1.5 mg | CTS (MW = 85 kDa, 85% DDA) | 4 mL | 20 mL | 0.15:1 | Pluronic F127 | 20 mL @ 2% w/v | CaCl2 | 4 mL @ 0.67 mg/mL | 1000 rpm | 25 C | NaN | NaN | NaN | 350 nm | 16.3 mV | 40.1% + 46.1% | NaN"",
    ""F12 | 1 mL @ 9 mg + 1 mL @ 1.5 mg | CTS (MW = 85 kDa, 85% DDA) | 4 mL | 20 mL | 0.15:1 | Pluronic F127 | 20 mL @ 2% w/v | CaCl2 | 4 mL @ 0.67 mg/mL | 1000 rpm | 25 C | NaN | NaN | NaN | 399 nm | 20.1 mV | 43.5% + 51.6% | NaN"",
    ""F13 | 1 mL @ 6 mg + 1 mL @ 1.5 mg | CTS (MW = 85 kDa, 85% DDA) | 4 mL | 20 mL | 0.1:1 | Pluronic F127 | 20 mL @ 2% w/v | CaCl2 | 4 mL @ 0.67 mg/mL | 1000 rpm | 25 C | NaN | NaN | NaN | 340 nm | 23.4 mV | 31.5% + 42.4% | NaN"",
    ""F14 | 1 mL @ 6 mg + 1 mL @ 1.5 mg | CTS (MW = 85 kDa, 85% DDA) | 4 mL | 20 mL | 0.1:1 | Pluronic F127 | 20 mL @ 2% w/v | CaCl2 | 4 mL @ 0.67 mg/mL | 1000 rpm | 25 C | NaN | NaN | NaN | 335 nm | 22.6 mV | 32.9% + 42.8% | NaN"",
    ""F15 | 1 mL @ 6 mg + 1 mL @ 1.5 mg | CTS (MW = 85 kDa, 85% DDA) | 4 mL | 20 mL | 0.1:1 | Pluronic F127 | 20 mL @ 2% w/v | CaCl2 | 4 mL @ 0.67 mg/mL | 1000 rpm | 25 C | NaN | NaN | NaN | 318 nm | 22.0 mV | 32.6% + 43.3% | NaN"",
    ""Opt1 | 1 mL @ 5.91 mg + 1 mL @ 1.5 mg | CTS (MW = 85 kDa, 85% DDA) | 4 mL | 20 mL | 0.05:1 | Pluronic F127 | 20 mL @ 2.33% w/v | CaCl2 | 4 mL @ 0.67 mg/mL | 1000 rpm | 25 C | NaN | NaN | NaN | 243 nm | 21.6 mV | 32.6% + 44.2% | Optimized formulation""
  ]
}",9
011.pdf,"{
  ""HEADER"": ""Stability and biological activity enhancement of fucoxanthin through encapsulation in alginate/chitosan nanoparticles | 10.1016/j.ijbiomac.2024.130264 | Fucoxanthin | Oil-in-water emulsification + Ionic gelation"",
  ""THOUGHTS"": ""- Constants & Hunted Values: Fixed constants found in methods text. CS: 18 mL @ 0.5 mg/mL (in 1% acetic acid). TPP: 3 mL @ 0.5 mg/mL. ALG: 3 mL (standalone volume). FX: 1 mL of ethanolic solution at varying concentrations (3, 4, 5 mg/mL). Stirring: 1000 rpm for 10 min (CS+FX), then 1 h (post-TPP), then 1 h (post-ALG). Temp: Room temperature (~25 C). CS Type: 85% DDA, Mw 75,000 Da. ALG Type: Mw 80,000-120,000 g/mol, FG=0.39.\n- DoE Mapping: No DoE codes used. Table 2 lists actual physical values for ALG:CS ratio (0.015:1, 0.030:1, 0.045:1), Tween 80 (0.5, 1.0, 1.5 % w/v), and FX (3, 4, 5 mg/mL).\n- Volume Logic: Total Vol is not explicitly stated. NaN used. Sum of explicit component volumes is 25 mL (1 mL FX + 18 mL CS + 3 mL TPP + 3 mL ALG).\n- CQA Pairing Strategy: Table 2 contains both the formulation inputs (X1, X2, X3) and the paired CQA outputs (Y1, Y2, Y3) for all 15 runs. The optimized run (Opt1) was paired with CQAs found in the abstract and text (Size: 227 nm, Zeta: 35.3 mV, EE: 81.2%). All extracted runs have paired CQAs."",
  ""RUNS"": [
    ""1 | 1 mL @ 4 mg/mL | CS (85% DDA, Mw 75000 Da) | 18 mL @ 0.5 mg/mL | 3 mL | 1:0.015 | Tween 80 | 0.5% w/v | TPP | 3 mL @ 0.5 mg/mL | 1000 rpm | 25 C | NaN | NaN | NaN | 218 nm | 36.7 mV | 85.5% | ALG:CS ratio swapped to CS:ALG"",
    ""2 | 1 mL @ 4 mg/mL | CS (85% DDA, Mw 75000 Da) | 18 mL @ 0.5 mg/mL | 3 mL | 1:0.045 | Tween 80 | 0.5% w/v | TPP | 3 mL @ 0.5 mg/mL | 1000 rpm | 25 C | NaN | NaN | NaN | 395 nm | 23.7 mV | 69.3% | ALG:CS ratio swapped to CS:ALG"",
    ""3 | 1 mL @ 4 mg/mL | CS (85% DDA, Mw 75000 Da) | 18 mL @ 0.5 mg/mL | 3 mL | 1:0.015 | Tween 80 | 1.5% w/v | TPP | 3 mL @ 0.5 mg/mL | 1000 rpm | 25 C | NaN | NaN | NaN | 307 nm | 32.1 mV | 71.1% | ALG:CS ratio swapped to CS:ALG"",
    ""4 | 1 mL @ 4 mg/mL | CS (85% DDA, Mw 75000 Da) | 18 mL @ 0.5 mg/mL | 3 mL | 1:0.045 | Tween 80 | 1.5% w/v | TPP | 3 mL @ 0.5 mg/mL | 1000 rpm | 25 C | NaN | NaN | NaN | 505 nm | 20.2 mV | 73.7% | ALG:CS ratio swapped to CS:ALG"",
    ""5 | 1 mL @ 3 mg/mL | CS (85% DDA, Mw 75000 Da) | 18 mL @ 0.5 mg/mL | 3 mL | 1:0.015 | Tween 80 | 1.0% w/v | TPP | 3 mL @ 0.5 mg/mL | 1000 rpm | 25 C | NaN | NaN | NaN | 261 nm | 33.1 mV | 65.7% | ALG:CS ratio swapped to CS:ALG"",
    ""6 | 1 mL @ 3 mg/mL | CS (85% DDA, Mw 75000 Da) | 18 mL @ 0.5 mg/mL | 3 mL | 1:0.045 | Tween 80 | 1.0% w/v | TPP | 3 mL @ 0.5 mg/mL | 1000 rpm | 25 C | NaN | NaN | NaN | 441 nm | 21.2 mV | 82.8% | ALG:CS ratio swapped to CS:ALG"",
    ""7 | 1 mL @ 5 mg/mL | CS (85% DDA, Mw 75000 Da) | 18 mL @ 0.5 mg/mL | 3 mL | 1:0.015 | Tween 80 | 1.0% w/v | TPP | 3 mL @ 0.5 mg/mL | 1000 rpm | 25 C | NaN | NaN | NaN | 247 nm | 35.1 mV | 81.8% | ALG:CS ratio swapped to CS:ALG"",
    ""8 | 1 mL @ 5 mg/mL | CS (85% DDA, Mw 75000 Da) | 18 mL @ 0.5 mg/mL | 3 mL | 1:0.045 | Tween 80 | 1.0% w/v | TPP | 3 mL @ 0.5 mg/mL | 1000 rpm | 25 C | NaN | NaN | NaN | 438 nm | 23.0 mV | 55.7% | ALG:CS ratio swapped to CS:ALG"",
    ""9 | 1 mL @ 3 mg/mL | CS (85% DDA, Mw 75000 Da) | 18 mL @ 0.5 mg/mL | 3 mL | 1:0.030 | Tween 80 | 0.5% w/v | TPP | 3 mL @ 0.5 mg/mL | 1000 rpm | 25 C | NaN | NaN | NaN | 310 nm | 27.6 mV | 76.5% | ALG:CS ratio swapped to CS:ALG"",
    ""10 | 1 mL @ 3 mg/mL | CS (85% DDA, Mw 75000 Da) | 18 mL @ 0.5 mg/mL | 3 mL | 1:0.030 | Tween 80 | 1.5% w/v | TPP | 3 mL @ 0.5 mg/mL | 1000 rpm | 25 C | NaN | NaN | NaN | 460 nm | 26.7 mV | 61.8% | ALG:CS ratio swapped to CS:ALG"",
    ""11 | 1 mL @ 5 mg/mL | CS (85% DDA, Mw 75000 Da) | 18 mL @ 0.5 mg/mL | 3 mL | 1:0.030 | Tween 80 | 0.5% w/v | TPP | 3 mL @ 0.5 mg/mL | 1000 rpm | 25 C | NaN | NaN | NaN | 286 nm | 33.8 mV | 63.7% | ALG:CS ratio swapped to CS:ALG"",
    ""12 | 1 mL @ 5 mg/mL | CS (85% DDA, Mw 75000 Da) | 18 mL @ 0.5 mg/mL | 3 mL | 1:0.030 | Tween 80 | 1.5% w/v | TPP | 3 mL @ 0.5 mg/mL | 1000 rpm | 25 C | NaN | NaN | NaN | 439 nm | 27.6 mV | 70.2% | ALG:CS ratio swapped to CS:ALG"",
    ""13 | 1 mL @ 4 mg/mL | CS (85% DDA, Mw 75000 Da) | 18 mL @ 0.5 mg/mL | 3 mL | 1:0.030 | Tween 80 | 1.0% w/v | TPP | 3 mL @ 0.5 mg/mL | 1000 rpm | 25 C | NaN | NaN | NaN | 325 nm | 26.9 mV | 64.8% | Center point of design"",
    ""14 | 1 mL @ 4 mg/mL | CS (85% DDA, Mw 75000 Da) | 18 mL @ 0.5 mg/mL | 3 mL | 1:0.030 | Tween 80 | 1.0% w/v | TPP | 3 mL @ 0.5 mg/mL | 1000 rpm | 25 C | NaN | NaN | NaN | 341 nm | 25.7 mV | 62.6% | Center point of design"",
    ""15 | 1 mL @ 4 mg/mL | CS (85% DDA, Mw 75000 Da) | 18 mL @ 0.5 mg/mL | 3 mL | 1:0.030 | Tween 80 | 1.0% w/v | TPP | 3 mL @ 0.5 mg/mL | 1000 rpm | 25 C | NaN | NaN | NaN | 336 nm | 27.6 mV | 65.7% | Center point of design"",
    ""Opt1 | 1 mL @ 5 mg/mL | CS (85% DDA, Mw 75000 Da) | 18 mL @ 0.5 mg/mL | 3 mL | 1:0.015 | Tween 80 | 0.71% w/v | TPP | 3 mL @ 0.5 mg/mL | 1000 rpm | 25 C | NaN | NaN | NaN | 227 nm | 35.3 mV | 81.2% | Optimized formulation""
  ]
}",10
012.pdf,"{
  ""HEADER"": ""Dual-responsive chitosan/alginate magnetic nanoparticles for sequential chemo-photothermal therapy of glioblastoma | 10.1016/j.ijbiomac.2026.150227 | Curcumin diethyl disuccinate (CDD) | In situ co-precipitation"",
  ""THOUGHTS"": ""- Constants & Hunted Values: Fixed pH (5 for CS solution, 10 for ALG-MNP precipitation). Temp (Room Temp). MW/DDA (CS MW ~23 kDa, DDA ~91.0%). Hunted volumes: ALG solution (55 mL @ 0.2 mg/mL), FeCl2 (10 mL @ 25.0 mM), FeCl3 (10 mL @ 50.0 mM), CDD solution (3 mL @ 1.0 mg/mL in ethanol containing 3% Polysorbate 80), CS solution (10 mL @ 0.23 mg/mL). Ammonia solution (30%) used to adjust pH to 10. Stirring at 1000 rpm. Sonication 30 min for ALG-MNPs. Lyophilized at -80 C for 24 h.\n- DoE Mapping: No DoE codes used. Single optimized formulation presented.\n- Volume Logic: Total Vol is not explicitly stated as a final formulation volume. NaN (standalone conc. only).\n- CQA Pairing Strategy: The paper describes a single formulation of CDD-CS/ALG-MNPs. The CQA outputs (Size = 260.3 nm, Zeta = -13.9 mV, EE = 17.2%) are found in the Results section (Section 3.1.1 and 3.1.2). All extracted runs have paired CQAs."",
  ""RUNS"": [
    ""1 | 3 mL @ 1.0 mg/mL | CS (MW ~23 kDa, DDA ~91.0%) | 10 mL @ 0.23 mg/mL | 55 mL @ 0.2 mg/mL | NaN | Polysorbate 80 | 3 mL @ 3% | FeCl2.4H2O + FeCl3.6H2O | 10 mL @ 25.0 mM + 10 mL @ 50.0 mM | 1000 rpm | Room Temp | 30 min | 10 | NaN | 260.3 nm | -13.9 mV | 17.2% | Ammonia solution (30%) used to adjust pH to 10. CDD solution prepared in ethanol containing 3% Polysorbate 80. CS solution prepared in 1% (v/v) acetic acid and adjusted to pH 5.""
  ]
}",11
013.pdf,"{
  ""HEADER"": ""A Statistical Study on the Development of Metronidazole-Chitosan-Alginate Nanocomposite Formulation Using the Full Factorial Design | 10.3390/polym12040772 | Metronidazole | Ionotropic pregelation"",
  ""THOUGHTS"": ""- Constants & Hunted Values: Fixed pH (CS=5.5, Alg=5.0). Methods text states 10 mL Alg, 6 mL CaCl2, 4 mL CS used for all formulations. MET amount is 100 mg. CS is Low MW (10-120 kDa, 90% DDA). Alg is Low viscosity (10-100 kDa).\n- DoE Mapping: No DoE codes used. Table 2 and Raw Data table provide explicit mg values for Alg, CS, and CaCl2.\n- Volume Logic: Total Vol is not explicitly stated. Components are given as absolute masses dissolved in fixed solvent volumes.\n- CQA Pairing Strategy: Table 2 only lists formulation inputs. The Raw Data table at the end of the paper contains the corresponding LE, Size, and Zeta Potential outputs for the 36 runs. The Raw Data table lists triplicate measurements sequentially. I have mapped them sequentially to the 36 runs from Table 2. All 36 runs are successfully paired with CQAs."",
  ""RUNS"": [
    ""MAC1 | 100 mg | CS (Low MW, 90% DDA) | 4 mL @ 200 mg | 10 mL @ 200 mg | NaN | NaN | NaN | CaCl2 | 6 mL @ 30 mg | NaN | 25 C | NaN | 5.5 | NaN | 142 nm | -15.4 mV | 41.5% | Triplicate 1"",
    ""MAC2 | 100 mg | CS (Low MW, 90% DDA) | 4 mL @ 200 mg | 10 mL @ 400 mg | NaN | NaN | NaN | CaCl2 | 6 mL @ 60 mg | NaN | 25 C | NaN | 5.5 | NaN | 34.5 nm | -6.22 mV | 20.3% | Triplicate 1"",
    ""MAC3 | 100 mg | CS (Low MW, 90% DDA) | 4 mL @ 100 mg | 10 mL @ 400 mg | NaN | NaN | NaN | CaCl2 | 6 mL @ 60 mg | NaN | 25 C | NaN | 5.5 | NaN | 86.3 nm | -8.42 mV | 21.9% | Triplicate 1"",
    ""MAC4 | 100 mg | CS (Low MW, 90% DDA) | 4 mL @ 50 mg | 10 mL @ 200 mg | NaN | NaN | NaN | CaCl2 | 6 mL @ 60 mg | NaN | 25 C | NaN | 5.5 | NaN | 104.2 nm | -6.83 mV | 60% | Triplicate 1"",
    ""MAC5 | 100 mg | CS (Low MW, 90% DDA) | 4 mL @ 200 mg | 10 mL @ 400 mg | NaN | NaN | NaN | CaCl2 | 6 mL @ 30 mg | NaN | 25 C | NaN | 5.5 | NaN | 63.2 nm | -5.26 mV | 50.3% | Triplicate 1"",
    ""MAC6 | 100 mg | CS (Low MW, 90% DDA) | 4 mL @ 50 mg | 10 mL @ 400 mg | NaN | NaN | NaN | CaCl2 | 6 mL @ 60 mg | NaN | 25 C | NaN | 5.5 | NaN | 34.5 nm | -6.22 mV | 20.3% | Triplicate 1"",
    ""MAC7 | 100 mg | CS (Low MW, 90% DDA) | 4 mL @ 50 mg | 10 mL @ 400 mg | NaN | NaN | NaN | CaCl2 | 6 mL @ 60 mg | NaN | 25 C | NaN | 5.5 | NaN | 34.5 nm | -6.22 mV | 20.3% | Triplicate 1"",
    ""MAC8 | 100 mg | CS (Low MW, 90% DDA) | 4 mL @ 200 mg | 10 mL @ 200 mg | NaN | NaN | NaN | CaCl2 | 6 mL @ 60 mg | NaN | 25 C | NaN | 5.5 | NaN | 114.8 nm | -2.41 mV | 72.3% | Triplicate 1"",
    ""MAC9 | 100 mg | CS (Low MW, 90% DDA) | 4 mL @ 100 mg | 10 mL @ 400 mg | NaN | NaN | NaN | CaCl2 | 6 mL @ 60 mg | NaN | 25 C | NaN | 5.5 | NaN | 86.3 nm | -8.42 mV | 21.9% | Triplicate 1"",
    ""MAC10 | 100 mg | CS (Low MW, 90% DDA) | 4 mL @ 200 mg | 10 mL @ 200 mg | NaN | NaN | NaN | CaCl2 | 6 mL @ 30 mg | NaN | 25 C | NaN | 5.5 | NaN | 266.1 nm | -23.1 mV | 47.1% | Triplicate 1"",
    ""MAC11 | 100 mg | CS (Low MW, 90% DDA) | 4 mL @ 200 mg | 10 mL @ 400 mg | NaN | NaN | NaN | CaCl2 | 6 mL @ 60 mg | NaN | 25 C | NaN | 5.5 | NaN | 96.9 nm | -4.3 mV | 32.3% | Triplicate 1"",
    ""MAC12 | 100 mg | CS (Low MW, 90% DDA) | 4 mL @ 50 mg | 10 mL @ 200 mg | NaN | NaN | NaN | CaCl2 | 6 mL @ 60 mg | NaN | 25 C | NaN | 5.5 | NaN | 104.2 nm | -6.83 mV | 60% | Triplicate 1"",
    ""MAC13 | 100 mg | CS (Low MW, 90% DDA) | 4 mL @ 50 mg | 10 mL @ 200 mg | NaN | NaN | NaN | CaCl2 | 6 mL @ 30 mg | NaN | 25 C | NaN | 5.5 | NaN | 142 nm | -15.4 mV | 41.5% | Triplicate 1"",
    ""MAC14 | 100 mg | CS (Low MW, 90% DDA) | 4 mL @ 200 mg | 10 mL @ 200 mg | NaN | NaN | NaN | CaCl2 | 6 mL @ 30 mg | NaN | 25 C | NaN | 5.5 | NaN | 266.1 nm | -23.1 mV | 47.1% | Triplicate 1"",
    ""MAC15 | 100 mg | CS (Low MW, 90% DDA) | 4 mL @ 100 mg | 10 mL @ 400 mg | NaN | NaN | NaN | CaCl2 | 6 mL @ 30 mg | NaN | 25 C | NaN | 5.5 | NaN | 129.2 nm | -7.54 mV | 53.5% | Triplicate 1"",
    ""MAC16 | 100 mg | CS (Low MW, 90% DDA) | 4 mL @ 50 mg | 10 mL @ 200 mg | NaN | NaN | NaN | CaCl2 | 6 mL @ 30 mg | NaN | 25 C | NaN | 5.5 | NaN | 142 nm | -15.4 mV | 41.5% | Triplicate 1"",
    ""MAC17 | 100 mg | CS (Low MW, 90% DDA) | 4 mL @ 50 mg | 10 mL @ 400 mg | NaN | NaN | NaN | CaCl2 | 6 mL @ 30 mg | NaN | 25 C | NaN | 5.5 | NaN | 63.2 nm | -5.26 mV | 50.3% | Triplicate 1"",
    ""MAC18 | 100 mg | CS (Low MW, 90% DDA) | 4 mL @ 50 mg | 10 mL @ 200 mg | NaN | NaN | NaN | CaCl2 | 6 mL @ 60 mg | NaN | 25 C | NaN | 5.5 | NaN | 104.2 nm | -6.83 mV | 60% | Triplicate 1"",
    ""MAC19 | 100 mg | CS (Low MW, 90% DDA) | 4 mL @ 100 mg | 10 mL @ 200 mg | NaN | NaN | NaN | CaCl2 | 6 mL @ 30 mg | NaN | 25 C | NaN | 5.5 | NaN | 227 nm | -10.4 mV | 43.2% | Triplicate 1"",
    ""MAC20 | 100 mg | CS (Low MW, 90% DDA) | 4 mL @ 50 mg | 10 mL @ 400 mg | NaN | NaN | NaN | CaCl2 | 6 mL @ 30 mg | NaN | 25 C | NaN | 5.5 | NaN | 63.2 nm | -5.26 mV | 50.3% | Triplicate 1"",
    ""MAC21 | 100 mg | CS (Low MW, 90% DDA) | 4 mL @ 100 mg | 10 mL @ 200 mg | NaN | NaN | NaN | CaCl2 | 6 mL @ 60 mg | NaN | 25 C | NaN | 5.5 | NaN | 195.4 nm | -6.38 mV | 65.1% | Triplicate 1"",
    ""MAC22 | 100 mg | CS (Low MW, 90% DDA) | 4 mL @ 200 mg | 10 mL @ 400 mg | NaN | NaN | NaN | CaCl2 | 6 mL @ 30 mg | NaN | 25 C | NaN | 5.5 | NaN | 233.2 nm | -4.56 mV | 63.7% | Triplicate 1"",
    ""MAC23 | 100 mg | CS (Low MW, 90% DDA) | 4 mL @ 100 mg | 10 mL @ 200 mg | NaN | NaN | NaN | CaCl2 | 6 mL @ 60 mg | NaN | 25 C | NaN | 5.5 | NaN | 195.4 nm | -6.38 mV | 65.1% | Triplicate 1"",
    ""MAC24 | 100 mg | CS (Low MW, 90% DDA) | 4 mL @ 100 mg | 10 mL @ 200 mg | NaN | NaN | NaN | CaCl2 | 6 mL @ 30 mg | NaN | 25 C | NaN | 5.5 | NaN | 227 nm | -10.4 mV | 43.2% | Triplicate 1"",
    ""MAC25 | 100 mg | CS (Low MW, 90% DDA) | 4 mL @ 50 mg | 10 mL @ 200 mg | NaN | NaN | NaN | CaCl2 | 6 mL @ 30 mg | NaN | 25 C | NaN | 5.5 | NaN | 142 nm | -15.4 mV | 41.5% | Triplicate 1"",
    ""MAC26 | 100 mg | CS (Low MW, 90% DDA) | 4 mL @ 200 mg | 10 mL @ 400 mg | NaN | NaN | NaN | CaCl2 | 6 mL @ 30 mg | NaN | 25 C | NaN | 5.5 | NaN | 233.2 nm | -4.56 mV | 63.7% | Triplicate 1"",
    ""MAC27 | 100 mg | CS (Low MW, 90% DDA) | 4 mL @ 200 mg | 10 mL @ 200 mg | NaN | NaN | NaN | CaCl2 | 6 mL @ 60 mg | NaN | 25 C | NaN | 5.5 | NaN | 114.8 nm | -2.41 mV | 72.3% | Triplicate 1"",
    ""MAC28 | 100 mg | CS (Low MW, 90% DDA) | 4 mL @ 100 mg | 10 mL @ 200 mg | NaN | NaN | NaN | CaCl2 | 6 mL @ 30 mg | NaN | 25 C | NaN | 5.5 | NaN | 227 nm | -10.4 mV | 43.2% | Triplicate 1"",
    ""MAC29 | 100 mg | CS (Low MW, 90% DDA) | 4 mL @ 100 mg | 10 mL @ 400 mg | NaN | NaN | NaN | CaCl2 | 6 mL @ 60 mg | NaN | 25 C | NaN | 5.5 | NaN | 86.3 nm | -8.42 mV | 21.9% | Triplicate 1"",
    ""MAC30 | 100 mg | CS (Low MW, 90% DDA) | 4 mL @ 200 mg | 10 mL @ 200 mg | NaN | NaN | NaN | CaCl2 | 6 mL @ 60 mg | NaN | 25 C | NaN | 5.5 | NaN | 114.8 nm | -2.41 mV | 72.3% | Triplicate 1"",
    ""MAC31 | 100 mg | CS (Low MW, 90% DDA) | 4 mL @ 200 mg | 10 mL @ 400 mg | NaN | NaN | NaN | CaCl2 | 6 mL @ 60 mg | NaN | 25 C | NaN | 5.5 | NaN | 96.9 nm | -4.3 mV | 32.3% | Triplicate 1"",
    ""MAC32 | 100 mg | CS (Low MW, 90% DDA) | 4 mL @ 50 mg | 10 mL @ 400 mg | NaN | NaN | NaN | CaCl2 | 6 mL @ 30 mg | NaN | 25 C | NaN | 5.5 | NaN | 63.2 nm | -5.26 mV | 50.3% | Triplicate 1"",
    ""MAC33 | 100 mg | CS (Low MW, 90% DDA) | 4 mL @ 100 mg | 10 mL @ 200 mg | NaN | NaN | NaN | CaCl2 | 6 mL @ 60 mg | NaN | 25 C | NaN | 5.5 | NaN | 195.4 nm | -6.38 mV | 65.1% | Triplicate 1"",
    ""MAC34 | 100 mg | CS (Low MW, 90% DDA) | 4 mL @ 50 mg | 10 mL @ 400 mg | NaN | NaN | NaN | CaCl2 | 6 mL @ 60 mg | NaN | 25 C | NaN | 5.5 | NaN | 34.5 nm | -6.22 mV | 20.3% | Triplicate 1"",
    ""MAC35 | 100 mg | CS (Low MW, 90% DDA) | 4 mL @ 100 mg | 10 mL @ 400 mg | NaN | NaN | NaN | CaCl2 | 6 mL @ 30 mg | NaN | 25 C | NaN | 5.5 | NaN | 129.2 nm | -7.54 mV | 53.5% | Triplicate 1"",
    ""MAC36 | 100 mg | CS (Low MW, 90% DDA) | 4 mL @ 100 mg | 10 mL @ 400 mg | NaN | NaN | NaN | CaCl2 | 6 mL @ 30 mg | NaN | 25 C | NaN | 5.5 | NaN | 129.2 nm | -7.54 mV | 53.5% | Triplicate 1""
  ]
}",0
014.pdf,"{""HEADER"": ""Enhancement of anti-inflammatory activity of fucoxanthin through encapsulation in alginate/chitosan nanoparticles for potential osteoarthritis treatment | 10.1016/j.ijbiomac.2025.144873 | Fucoxanthin | o/w emulsification and ionotropic gelation"",
""THOUGHTS"": ""- Constants & Hunted Values: Fixed pH (NaN, not explicitly stated for synthesis). CS (75 kDa, 85% DD) at 0.5 mg/mL (18 mL). Alg (80-120 kDa) at 0.045 mg/mL (3 mL). TPP at 0.5 mg/mL (3 mL). FX at 5 mg/mL (1 mL). Tween 80 at 0.71% w/v (in 18 mL CS). Stirring at 1000 rpm. Room temp.\n- DoE Mapping: No DoE codes used. Single optimized formulation.\n- Volume Logic: Total Vol is not explicitly stated, but summing components gives 25 mL. Outputting NaN as per rules unless explicitly stated.\n- CQA Pairing Strategy: CQAs (Size, Zeta, EE) are found in the abstract, Section 3.1 text, and Table 1 (time=0). All extracted runs are paired."",
""RUNS"": [
""1 | 1 mL @ 5 mg/mL | CS (75 kDa, 85% DD) | 18 mL @ 0.5 mg/mL | 3 mL @ 0.045 mg/mL | 18:3 | Tween 80 | 0.71% w/v | TPP | 3 mL @ 0.5 mg/mL | 1000 rpm | 25 C | NaN | NaN | NaN | 235 nm | 34.4 mV | 80.3% | Single optimized formulation""
]}",1
015.pdf,"{
  ""HEADER"": ""Enhanced Nasal Deposition and Anti-Coronavirus Effect of Favipiravir-Loaded Mucoadhesive Chitosan-Alginate Nanoparticles | 10.3390/pharmaceutics14122680 | Favipiravir | Emulsification and ionotropic gelation"",
  ""THOUGHTS"": ""- Constants & Hunted Values: Fixed pH (5.5). Methods text states fixed volumes for all runs: 4 mL ALG solution @ 0.6 mg/mL, 4 mL CaCl2 solution @ 0.6 mg/mL, and 4 mL CS solution. FVR is in methanolic solution at variable concentrations (5, 10, 15 mg/mL). Poloxamer-407 is a variable concentration (1, 1.5, 2% w/v) dissolved in the ALG solution. Stirring was 1500 rpm for 20 min, then 30 min, then 30 min.\n- DoE Mapping: No DoE codes used. Table 2 lists actual physical values for ALG:CS ratio (1:0.0250, 1:0.0625, 1:0.1000), FVR (5, 10, 15 mg/mL), and Poloxamer-407 (1, 1.5, 2% w/v).\n- Volume Logic: Total Vol is not explicitly stated. FVR volume is not explicitly stated, but since it is a methanolic solution added to 4 mL ALG, the total volume is at least 8 mL (ALG + CaCl2) + 4 mL (CS) + unknown FVR volume. Outputting NaN for Total Vol.\n- CQA Pairing Strategy: Table 2 contains both the formulation inputs (A, B, C) and the corresponding CQA outputs (Y1, Y2, Y3, Y4). All 15 runs have paired CQAs. Table 3 provides the optimized formulation with observed CQAs. All extracted runs have paired CQAs."",
  ""RUNS"": [
    ""F1 | NaN | CS (MW 73 kDa, 91.7% DDA) | 4 mL | 4 mL @ 0.6 mg/mL | 0.025:1 | Poloxamer-407 | 1.5% w/v | CaCl2 | 4 mL @ 0.6 mg/mL | 1500 rpm | 25 C | NaN | 5.5 | NaN | 227 nm | -21.9 mV | 33.7% | FVR conc 5 mg/mL"",
    ""F2 | NaN | CS (MW 73 kDa, 91.7% DDA) | 4 mL | 4 mL @ 0.6 mg/mL | 0.1000:1 | Poloxamer-407 | 1.5% w/v | CaCl2 | 4 mL @ 0.6 mg/mL | 1500 rpm | 25 C | NaN | 5.5 | NaN | 289 nm | -27.8 mV | 60.9% | FVR conc 5 mg/mL"",
    ""F3 | NaN | CS (MW 73 kDa, 91.7% DDA) | 4 mL | 4 mL @ 0.6 mg/mL | 0.025:1 | Poloxamer-407 | 1.5% w/v | CaCl2 | 4 mL @ 0.6 mg/mL | 1500 rpm | 25 C | NaN | 5.5 | NaN | 239 nm | -24.7 mV | 34.4% | FVR conc 15 mg/mL"",
    ""F4 | NaN | CS (MW 73 kDa, 91.7% DDA) | 4 mL | 4 mL @ 0.6 mg/mL | 0.1000:1 | Poloxamer-407 | 1.5% w/v | CaCl2 | 4 mL @ 0.6 mg/mL | 1500 rpm | 25 C | NaN | 5.5 | NaN | 284 nm | -20.8 mV | 84.8% | FVR conc 15 mg/mL"",
    ""F5 | NaN | CS (MW 73 kDa, 91.7% DDA) | 4 mL | 4 mL @ 0.6 mg/mL | 0.025:1 | Poloxamer-407 | 1% w/v | CaCl2 | 4 mL @ 0.6 mg/mL | 1500 rpm | 25 C | NaN | 5.5 | NaN | 243 nm | -21.6 mV | 33.6% | FVR conc 10 mg/mL"",
    ""F6 | NaN | CS (MW 73 kDa, 91.7% DDA) | 4 mL | 4 mL @ 0.6 mg/mL | 0.1000:1 | Poloxamer-407 | 1% w/v | CaCl2 | 4 mL @ 0.6 mg/mL | 1500 rpm | 25 C | NaN | 5.5 | NaN | 288 nm | -21.3 mV | 58.9% | FVR conc 10 mg/mL"",
    ""F7 | NaN | CS (MW 73 kDa, 91.7% DDA) | 4 mL | 4 mL @ 0.6 mg/mL | 0.025:1 | Poloxamer-407 | 2% w/v | CaCl2 | 4 mL @ 0.6 mg/mL | 1500 rpm | 25 C | NaN | 5.5 | NaN | 231 nm | -20.3 mV | 37.4% | FVR conc 10 mg/mL"",
    ""F8 | NaN | CS (MW 73 kDa, 91.7% DDA) | 4 mL | 4 mL @ 0.6 mg/mL | 0.1000:1 | Poloxamer-407 | 2% w/v | CaCl2 | 4 mL @ 0.6 mg/mL | 1500 rpm | 25 C | NaN | 5.5 | NaN | 274 nm | -21.2 mV | 69.4% | FVR conc 10 mg/mL"",
    ""F9 | NaN | CS (MW 73 kDa, 91.7% DDA) | 4 mL | 4 mL @ 0.6 mg/mL | 0.0625:1 | Poloxamer-407 | 1% w/v | CaCl2 | 4 mL @ 0.6 mg/mL | 1500 rpm | 25 C | NaN | 5.5 | NaN | 258 nm | -22.5 mV | 63.3% | FVR conc 5 mg/mL"",
    ""F10 | NaN | CS (MW 73 kDa, 91.7% DDA) | 4 mL | 4 mL @ 0.6 mg/mL | 0.0625:1 | Poloxamer-407 | 1% w/v | CaCl2 | 4 mL @ 0.6 mg/mL | 1500 rpm | 25 C | NaN | 5.5 | NaN | 281 nm | -20.4 mV | 82.8% | FVR conc 15 mg/mL"",
    ""F11 | NaN | CS (MW 73 kDa, 91.7% DDA) | 4 mL | 4 mL @ 0.6 mg/mL | 0.0625:1 | Poloxamer-407 | 2% w/v | CaCl2 | 4 mL @ 0.6 mg/mL | 1500 rpm | 25 C | NaN | 5.5 | NaN | 245 nm | -22.6 mV | 73.7% | FVR conc 5 mg/mL"",
    ""F12 | NaN | CS (MW 73 kDa, 91.7% DDA) | 4 mL | 4 mL @ 0.6 mg/mL | 0.0625:1 | Poloxamer-407 | 2% w/v | CaCl2 | 4 mL @ 0.6 mg/mL | 1500 rpm | 25 C | NaN | 5.5 | NaN | 248 nm | -19.9 mV | 84.2% | FVR conc 15 mg/mL"",
    ""F13 | NaN | CS (MW 73 kDa, 91.7% DDA) | 4 mL | 4 mL @ 0.6 mg/mL | 0.0625:1 | Poloxamer-407 | 1.5% w/v | CaCl2 | 4 mL @ 0.6 mg/mL | 1500 rpm | 25 C | NaN | 5.5 | NaN | 258 nm | -21.4 mV | 90.7% | FVR conc 10 mg/mL"",
    ""F14 | NaN | CS (MW 73 kDa, 91.7% DDA) | 4 mL | 4 mL @ 0.6 mg/mL | 0.0625:1 | Poloxamer-407 | 1.5% w/v | CaCl2 | 4 mL @ 0.6 mg/mL | 1500 rpm | 25 C | NaN | 5.5 | NaN | 260 nm | -22.0 mV | 87.1% | FVR conc 10 mg/mL"",
    ""F15 | NaN | CS (MW 73 kDa, 91.7% DDA) | 4 mL | 4 mL @ 0.6 mg/mL | 0.0625:1 | Poloxamer-407 | 1.5% w/v | CaCl2 | 4 mL @ 0.6 mg/mL | 1500 rpm | 25 C | NaN | 5.5 | NaN | 251 nm | -21.2 mV | 89.8% | FVR conc 10 mg/mL"",
    ""Opt1 | NaN | CS (MW 73 kDa, 91.7% DDA) | 4 mL | 4 mL @ 0.6 mg/mL | 0.057:1 | Poloxamer-407 | 1.24% w/v | CaCl2 | 4 mL @ 0.6 mg/mL | 1500 rpm | 25 C | NaN | 5.5 | NaN | 233.5 nm | -21.6 mV | 84.6% | FVR conc 12.871 mg/mL""
  ]
}",2
016.pdf,"{
  ""HEADER"": ""Chitosan oligosaccharide/alginate nanoparticles as an effective carrier for astaxanthin with improving stability, in vitro oral bioaccessibility, and bioavailability | 10.1016/j.foodhyd.2021.107246 | Astaxanthin | Oil-in-water emulsification followed by ionotropic gelation"",
  ""THOUGHTS"": ""- Constants & Hunted Values: Fixed constants from methods text: ALG aqueous solution (20 mL @ 0.6 mg/mL), CaCl2 aqueous solution (4 mL @ 0.67 mg/mL), CSO aqueous solution (4 mL). Stirring at 1000 rpm for 10 min followed by 30 min, then another 30 min. Sonication at 45 kHz, 80 W for 15 min. Room temperature (~25 C). CSO (Mw 1500-1600 Da, DD > 98%). ALG (Mw 8×10^4-12×10^4 g/mol, FG=0.39).\n- DoE Mapping: BBD Table 1 & 2: X1 (CSO:ALG mass ratio) levels: 0.05:1, 0.10:1, 0.15:1. X2 (Tween 80 % w/v) levels: 3, 4, 5. X3 (ATX mg/mL) levels: 0.50, 0.75, 1.00. PBD Table S1 & S2: X1 (0.05:1, 0.15:1), X2 Viscosity (12, 2000 cps), X3 CaCl2:ALG mass ratio (0.17:1, 0.22:1), X4 Tween 80 (3, 5 % w/v), X5 ATX (0.5, 1.0 mg/mL).\n- Volume Logic: Total Vol is not explicitly stated. NaN (standalone conc. used in DoE). Total Vol calculated as ~29 mL (1 mL ATX + 20 mL ALG + 4 mL CaCl2 + 4 mL CSO).\n- CQA Pairing Strategy: BBD inputs in Table 2 paired directly with Size, Zeta, EE, and LC outputs in the same table. PBD inputs in Table S2 paired directly with Size, Zeta, EE, and LC outputs in the same table. Optimized run from Table 3 paired with observed CQA outputs. All extracted runs have paired CQAs."",
  ""RUNS"": [
    ""BBD1 | 1 mL @ 0.75 mg/mL | CSO (Mw 1500-1600 Da, DD > 98%) | 4 mL | 20 mL @ 0.6 mg/mL | 0.05:1 | Tween 80 | 3% w/v | CaCl2 | 4 mL @ 0.67 mg/mL | 1000 rpm | 25 C | 15 min | NaN | NaN | 198 nm | 32.4 mV | 52.7% | BBD Run 1"",
    ""BBD2 | 1 mL @ 0.75 mg/mL | CSO (Mw 1500-1600 Da, DD > 98%) | 4 mL | 20 mL @ 0.6 mg/mL | 0.15:1 | Tween 80 | 3% w/v | CaCl2 | 4 mL @ 0.67 mg/mL | 1000 rpm | 25 C | 15 min | NaN | NaN | 337 nm | 24.7 mV | 65.4% | BBD Run 2"",
    ""BBD3 | 1 mL @ 0.75 mg/mL | CSO (Mw 1500-1600 Da, DD > 98%) | 4 mL | 20 mL @ 0.6 mg/mL | 0.05:1 | Tween 80 | 5% w/v | CaCl2 | 4 mL @ 0.67 mg/mL | 1000 rpm | 25 C | 15 min | NaN | NaN | 288 nm | 28.2 mV | 61.7% | BBD Run 3"",
    ""BBD4 | 1 mL @ 0.75 mg/mL | CSO (Mw 1500-1600 Da, DD > 98%) | 4 mL | 20 mL @ 0.6 mg/mL | 0.15:1 | Tween 80 | 5% w/v | CaCl2 | 4 mL @ 0.67 mg/mL | 1000 rpm | 25 C | 15 min | NaN | NaN | 353 nm | 21.1 mV | 74.3% | BBD Run 4"",
    ""BBD5 | 1 mL @ 0.50 mg/mL | CSO (Mw 1500-1600 Da, DD > 98%) | 4 mL | 20 mL @ 0.6 mg/mL | 0.05:1 | Tween 80 | 4% w/v | CaCl2 | 4 mL @ 0.67 mg/mL | 1000 rpm | 25 C | 15 min | NaN | NaN | 173 nm | 30.3 mV | 55.8% | BBD Run 5"",
    ""BBD6 | 1 mL @ 0.50 mg/mL | CSO (Mw 1500-1600 Da, DD > 98%) | 4 mL | 20 mL @ 0.6 mg/mL | 0.15:1 | Tween 80 | 4% w/v | CaCl2 | 4 mL @ 0.67 mg/mL | 1000 rpm | 25 C | 15 min | NaN | NaN | 278 nm | 23.5 mV | 75.2% | BBD Run 6"",
    ""BBD7 | 1 mL @ 1.00 mg/mL | CSO (Mw 1500-1600 Da, DD > 98%) | 4 mL | 20 mL @ 0.6 mg/mL | 0.05:1 | Tween 80 | 4% w/v | CaCl2 | 4 mL @ 0.67 mg/mL | 1000 rpm | 25 C | 15 min | NaN | NaN | 202 nm | 26.6 mV | 58.3% | BBD Run 7"",
    ""BBD8 | 1 mL @ 1.00 mg/mL | CSO (Mw 1500-1600 Da, DD > 98%) | 4 mL | 20 mL @ 0.6 mg/mL | 0.15:1 | Tween 80 | 4% w/v | CaCl2 | 4 mL @ 0.67 mg/mL | 1000 rpm | 25 C | 15 min | NaN | NaN | 307 nm | 20.7 mV | 75.3% | BBD Run 8"",
    ""BBD9 | 1 mL @ 0.50 mg/mL | CSO (Mw 1500-1600 Da, DD > 98%) | 4 mL | 20 mL @ 0.6 mg/mL | 0.10:1 | Tween 80 | 3% w/v | CaCl2 | 4 mL @ 0.67 mg/mL | 1000 rpm | 25 C | 15 min | NaN | NaN | 264 nm | 25.7 mV | 56.3% | BBD Run 9"",
    ""BBD10 | 1 mL @ 0.50 mg/mL | CSO (Mw 1500-1600 Da, DD > 98%) | 4 mL | 20 mL @ 0.6 mg/mL | 0.10:1 | Tween 80 | 5% w/v | CaCl2 | 4 mL @ 0.67 mg/mL | 1000 rpm | 25 C | 15 min | NaN | NaN | 312 nm | 22.8 mV | 67.9% | BBD Run 10"",
    ""BBD11 | 1 mL @ 1.00 mg/mL | CSO (Mw 1500-1600 Da, DD > 98%) | 4 mL | 20 mL @ 0.6 mg/mL | 0.10:1 | Tween 80 | 3% w/v | CaCl2 | 4 mL @ 0.67 mg/mL | 1000 rpm | 25 C | 15 min | NaN | NaN | 277 nm | 24.1 mV | 61.1% | BBD Run 11"",
    ""BBD12 | 1 mL @ 1.00 mg/mL | CSO (Mw 1500-1600 Da, DD > 98%) | 4 mL | 20 mL @ 0.6 mg/mL | 0.10:1 | Tween 80 | 5% w/v | CaCl2 | 4 mL @ 0.67 mg/mL | 1000 rpm | 25 C | 15 min | NaN | NaN | 342 nm | 19.1 mV | 68.7% | BBD Run 12"",
    ""BBD13 | 1 mL @ 0.75 mg/mL | CSO (Mw 1500-1600 Da, DD > 98%) | 4 mL | 20 mL @ 0.6 mg/mL | 0.10:1 | Tween 80 | 4% w/v | CaCl2 | 4 mL @ 0.67 mg/mL | 1000 rpm | 25 C | 15 min | NaN | NaN | 286 nm | 20.1 mV | 62.8% | BBD Run 13 (Center point)"",
    ""BBD14 | 1 mL @ 0.75 mg/mL | CSO (Mw 1500-1600 Da, DD > 98%) | 4 mL | 20 mL @ 0.6 mg/mL | 0.10:1 | Tween 80 | 4% w/v | CaCl2 | 4 mL @ 0.67 mg/mL | 1000 rpm | 25 C | 15 min | NaN | NaN | 275 nm | 21.3 mV | 63.2% | BBD Run 14 (Center point)"",
    ""BBD15 | 1 mL @ 0.75 mg/mL | CSO (Mw 1500-1600 Da, DD > 98%) | 4 mL | 20 mL @ 0.6 mg/mL | 0.10:1 | Tween 80 | 4% w/v | CaCl2 | 4 mL @ 0.67 mg/mL | 1000 rpm | 25 C | 15 min | NaN | NaN | 292 nm | 19.7 mV | 61.9% | BBD Run 15 (Center point)"",
    ""Opt1 | 1 mL @ 1.00 mg/mL | CSO (Mw 1500-1600 Da, DD > 98%) | 4 mL | 20 mL @ 0.6 mg/mL | 0.15:1 | Tween 80 | 4.35% w/v | CaCl2 | 4 mL @ 0.67 mg/mL | 1000 rpm | 25 C | 15 min | NaN | NaN | 264 nm | 22.1 mV | 71.3% | Optimized formulation from Table 3"",
    ""PBD1 | 1 mL @ 1.00 mg/mL | CSO (Mw 1500-1600 Da, DD > 98%) | 4 mL | 20 mL @ 0.6 mg/mL | 0.15:1 | Tween 80 | 5% w/v | CaCl2 | 4 mL @ 0.67 mg/mL | 1000 rpm | 25 C | 15 min | NaN | NaN | 421 nm | -19.6 mV | 72.3% | PBD Run 1, ALG viscosity 2000 cps, CaCl2:ALG ratio 0.17:1"",
    ""PBD2 | 1 mL @ 1.00 mg/mL | CSO (Mw 1500-1600 Da, DD > 98%) | 4 mL | 20 mL @ 0.6 mg/mL | 0.05:1 | Tween 80 | 3% w/v | CaCl2 | 4 mL @ 0.67 mg/mL | 1000 rpm | 25 C | 15 min | NaN | NaN | 311 nm | -30.2 mV | 53.4% | PBD Run 2, ALG viscosity 2000 cps, CaCl2:ALG ratio 0.22:1"",
    ""PBD3 | 1 mL @ 0.50 mg/mL | CSO (Mw 1500-1600 Da, DD > 98%) | 4 mL | 20 mL @ 0.6 mg/mL | 0.15:1 | Tween 80 | 5% w/v | CaCl2 | 4 mL @ 0.67 mg/mL | 1000 rpm | 25 C | 15 min | NaN | NaN | 393 nm | -20.7 mV | 67.2% | PBD Run 3, ALG viscosity 12 cps, CaCl2:ALG ratio 0.22:1"",
    ""PBD4 | 1 mL @ 1.00 mg/mL | CSO (Mw 1500-1600 Da, DD > 98%) | 4 mL | 20 mL @ 0.6 mg/mL | 0.05:1 | Tween 80 | 5% w/v | CaCl2 | 4 mL @ 0.67 mg/mL | 1000 rpm | 25 C | 15 min | NaN | NaN | 354 nm | -26.4 mV | 60.1% | PBD Run 4, ALG viscosity 2000 cps, CaCl2:ALG ratio 0.17:1"",
    ""PBD5 | 1 mL @ 1.00 mg/mL | CSO (Mw 1500-1600 Da, DD > 98%) | 4 mL | 20 mL @ 0.6 mg/mL | 0.05:1 | Tween 80 | 3% w/v | CaCl2 | 4 mL @ 0.67 mg/mL | 1000 rpm | 25 C | 15 min | NaN | NaN | 271 nm | -29.5 mV | 49.8% | PBD Run 5, ALG viscosity 12 cps, CaCl2:ALG ratio 0.22:1"",
    ""PBD6 | 1 mL @ 0.50 mg/mL | CSO (Mw 1500-1600 Da, DD > 98%) | 4 mL | 20 mL @ 0.6 mg/mL | 0.05:1 | Tween 80 | 5% w/v | CaCl2 | 4 mL @ 0.67 mg/mL | 1000 rpm | 25 C | 15 min | NaN | NaN | 308 nm | -28.1 mV | 56.4% | PBD Run 6, ALG viscosity 12 cps, CaCl2:ALG ratio 0.17:1"",
    ""PBD7 | 1 mL @ 1.00 mg/mL | CSO (Mw 1500-1600 Da, DD > 98%) | 4 mL | 20 mL @ 0.6 mg/mL | 0.15:1 | Tween 80 | 3% w/v | CaCl2 | 4 mL @ 0.67 mg/mL | 1000 rpm | 25 C | 15 min | NaN | NaN | 339 nm | -22.6 mV | 58.8% | PBD Run 7, ALG viscosity 12 cps, CaCl2:ALG ratio 0.17:1"",
    ""PBD8 | 1 mL @ 0.50 mg/mL | CSO (Mw 1500-1600 Da, DD > 98%) | 4 mL | 20 mL @ 0.6 mg/mL | 0.15:1 | Tween 80 | 3% w/v | CaCl2 | 4 mL @ 0.67 mg/mL | 1000 rpm | 25 C | 15 min | NaN | NaN | 247 nm | -25.5 mV | 63.5% | PBD Run 8, ALG viscosity 2000 cps, CaCl2:ALG ratio 0.17:1"",
    ""PBD9 | 1 mL @ 0.50 mg/mL | CSO (Mw 1500-1600 Da, DD > 98%) | 4 mL | 20 mL @ 0.6 mg/mL | 0.15:1 | Tween 80 | 3% w/v | CaCl2 | 4 mL @ 0.67 mg/mL | 1000 rpm | 25 C | 15 min | NaN | NaN | 257 nm | -24.8 mV | 61.3% | PBD Run 9, ALG viscosity 2000 cps, CaCl2:ALG ratio 0.22:1"",
    ""PBD10 | 1 mL @ 0.50 mg/mL | CSO (Mw 1500-1600 Da, DD > 98%) | 4 mL | 20 mL @ 0.6 mg/mL | 0.05:1 | Tween 80 | 5% w/v | CaCl2 | 4 mL @ 0.67 mg/mL | 1000 rpm | 25 C | 15 min | NaN | NaN | 298 nm | -21.2 mV | 58.3% | PBD Run 10, ALG viscosity 2000 cps, CaCl2:ALG ratio 0.22:1"",
    ""PBD11 | 1 mL @ 1.00 mg/mL | CSO (Mw 1500-1600 Da, DD > 98%) | 4 mL | 20 mL @ 0.6 mg/mL | 0.15:1 | Tween 80 | 5% w/v | CaCl2 | 4 mL @ 0.67 mg/mL | 1000 rpm | 25 C | 15 min | NaN | NaN | 438 nm | -18.3 mV | 67.8% | PBD Run 11, ALG viscosity 12 cps, CaCl2:ALG ratio 0.22:1"",
    ""PBD12 | 1 mL @ 0.50 mg/mL | CSO (Mw 1500-1600 Da, DD > 98%) | 4 mL | 20 mL @ 0.6 mg/mL | 0.05:1 | Tween 80 | 3% w/v | CaCl2 | 4 mL @ 0.67 mg/mL | 1000 rpm | 25 C | 15 min | NaN | NaN | 227 nm | -27.7 mV | 48.8% | PBD Run 12, ALG viscosity 12 cps, CaCl2:ALG ratio 0.17:1""
  ]
}",3
017.pdf,"{
  ""HEADER"": ""Preparation, characterization and optimization of glipizide controlled release nanoparticles | NaN | Glipizide | Ionotropic controlled gelation"",
  ""THOUGHTS"": ""- Constants & Hunted Values: Fixed API amount (25 mg glipizide dissolved in 10 mL 0.1 N NaOH). Alginate dissolved in 80 mL deionized water. CaCl2 dissolved in 5 mL deionized water. Chitosan dissolved in 1% W/V acetic acid (volume not explicitly stated). Final pH adjusted to 5.9-6.0. Temp is room temperature.\n- DoE Mapping: X1 (Alginate g/100ml): -1=0.005, 0=0.01, +1=0.05. X2 (Chitosan g/100ml): -1=0.005, 0=0.01, +1=0.05. X3 (CaCl2 mM): -1=0.9, 0=1.8, +1=2.7. X4 (Stirring rpm): -1=500, 0=1000, +1=2000.\n- Volume Logic: Total Vol is not explicitly stated as a single final volume, but components sum to ~95 mL plus unspecified chitosan solvent. Outputting NaN for Total Vol.\n- CQA Pairing Strategy: Inputs and outputs (PS, ZP, EE) are located together in Table 2 for all 27 Box-Behnken runs. All extracted runs have paired CQAs."",
  ""RUNS"": [
    ""1 | 10 mL @ 25 mg | CS (Low MW, 60% DDA) | 0.01 g/100ml | 80 mL @ 0.05 g/100ml | NaN | NaN | NaN | CaCl2 | 5 mL @ 2.7 mM | 1000 rpm | Room temp | NaN | 5.9-6.0 | NaN | 1252 nm | -23.97 mV | 92.51% | NaN"",
    ""2 | 10 mL @ 25 mg | CS (Low MW, 60% DDA) | 0.05 g/100ml | 80 mL @ 0.01 g/100ml | NaN | NaN | NaN | CaCl2 | 5 mL @ 1.8 mM | 500 rpm | Room temp | NaN | 5.9-6.0 | NaN | 4522 nm | 31.23 mV | 94.46% | NaN"",
    ""3 | 10 mL @ 25 mg | CS (Low MW, 60% DDA) | 0.05 g/100ml | 80 mL @ 0.01 g/100ml | NaN | NaN | NaN | CaCl2 | 5 mL @ 0.9 mM | 1000 rpm | Room temp | NaN | 5.9-6.0 | NaN | 3340 nm | 11.30 mV | 92.17% | NaN"",
    ""4 | 10 mL @ 25 mg | CS (Low MW, 60% DDA) | 0.01 g/100ml | 80 mL @ 0.005 g/100ml | NaN | NaN | NaN | CaCl2 | 5 mL @ 2.7 mM | 1000 rpm | Room temp | NaN | 5.9-6.0 | NaN | 311.9 nm | -21.37 mV | 92.89% | NaN"",
    ""5 | 10 mL @ 25 mg | CS (Low MW, 60% DDA) | 0.005 g/100ml | 80 mL @ 0.05 g/100ml | NaN | NaN | NaN | CaCl2 | 5 mL @ 1.8 mM | 1000 rpm | Room temp | NaN | 5.9-6.0 | NaN | 433.6 nm | -31.67 mV | 91.88% | NaN"",
    ""6 | 10 mL @ 25 mg | CS (Low MW, 60% DDA) | 0.01 g/100ml | 80 mL @ 0.01 g/100ml | NaN | NaN | NaN | CaCl2 | 5 mL @ 1.8 mM | 1000 rpm | Room temp | NaN | 5.9-6.0 | NaN | 359.9 nm | -23.17 mV | 92.90% | NaN"",
    ""7 | 10 mL @ 25 mg | CS (Low MW, 60% DDA) | 0.005 g/100ml | 80 mL @ 0.01 g/100ml | NaN | NaN | NaN | CaCl2 | 5 mL @ 1.8 mM | 2000 rpm | Room temp | NaN | 5.9-6.0 | NaN | 387.5 nm | -25.90 mV | 94.10% | NaN"",
    ""8 | 10 mL @ 25 mg | CS (Low MW, 60% DDA) | 0.01 g/100ml | 80 mL @ 0.005 g/100ml | NaN | NaN | NaN | CaCl2 | 5 mL @ 1.8 mM | 2000 rpm | Room temp | NaN | 5.9-6.0 | NaN | 709.3 nm | -24.83 mV | 92.20% | NaN"",
    ""9 | 10 mL @ 25 mg | CS (Low MW, 60% DDA) | 0.05 g/100ml | 80 mL @ 0.01 g/100ml | NaN | NaN | NaN | CaCl2 | 5 mL @ 2.7 mM | 1000 rpm | Room temp | NaN | 5.9-6.0 | NaN | 661.1 nm | -14.77 mV | 91.61% | NaN"",
    ""10 | 10 mL @ 25 mg | CS (Low MW, 60% DDA) | 0.01 g/100ml | 80 mL @ 0.01 g/100ml | NaN | NaN | NaN | CaCl2 | 5 mL @ 1.8 mM | 1000 rpm | Room temp | NaN | 5.9-6.0 | NaN | 399.9 nm | -25.17 mV | 91.90% | NaN"",
    ""11 | 10 mL @ 25 mg | CS (Low MW, 60% DDA) | 0.05 g/100ml | 80 mL @ 0.005 g/100ml | NaN | NaN | NaN | CaCl2 | 5 mL @ 1.8 mM | 1000 rpm | Room temp | NaN | 5.9-6.0 | NaN | 2010 nm | -19.23 mV | 91.96% | NaN"",
    ""12 | 10 mL @ 25 mg | CS (Low MW, 60% DDA) | 0.005 g/100ml | 80 mL @ 0.01 g/100ml | NaN | NaN | NaN | CaCl2 | 5 mL @ 2.7 mM | 1000 rpm | Room temp | NaN | 5.9-6.0 | NaN | 713.7 nm | -20.87 mV | 91.54% | NaN"",
    ""13 | 10 mL @ 25 mg | CS (Low MW, 60% DDA) | 0.01 g/100ml | 80 mL @ 0.01 g/100ml | NaN | NaN | NaN | CaCl2 | 5 mL @ 2.7 mM | 2000 rpm | Room temp | NaN | 5.9-6.0 | NaN | 603.0 nm | 10.06 mV | 92.06% | NaN"",
    ""14 | 10 mL @ 25 mg | CS (Low MW, 60% DDA) | 0.01 g/100ml | 80 mL @ 0.05 g/100ml | NaN | NaN | NaN | CaCl2 | 5 mL @ 1.8 mM | 500 rpm | Room temp | NaN | 5.9-6.0 | NaN | 431.9 nm | -37.80 mV | 93.79% | NaN"",
    ""15 | 10 mL @ 25 mg | CS (Low MW, 60% DDA) | 0.01 g/100ml | 80 mL @ 0.005 g/100ml | NaN | NaN | NaN | CaCl2 | 5 mL @ 1.8 mM | 500 rpm | Room temp | NaN | 5.9-6.0 | NaN | 1108 nm | -25.83 mV | 92.10% | NaN"",
    ""16 | 10 mL @ 25 mg | CS (Low MW, 60% DDA) | 0.01 g/100ml | 80 mL @ 0.05 g/100ml | NaN | NaN | NaN | CaCl2 | 5 mL @ 0.9 mM | 1000 rpm | Room temp | NaN | 5.9-6.0 | NaN | 356.5 nm | -35.53 mV | 92.95% | NaN"",
    ""17 | 10 mL @ 25 mg | CS (Low MW, 60% DDA) | 0.005 g/100ml | 80 mL @ 0.01 g/100ml | NaN | NaN | NaN | CaCl2 | 5 mL @ 1.8 mM | 500 rpm | Room temp | NaN | 5.9-6.0 | NaN | 233.9 nm | -23.47 mV | 90.38% | NaN"",
    ""18 | 10 mL @ 25 mg | CS (Low MW, 60% DDA) | 0.01 g/100ml | 80 mL @ 0.01 g/100ml | NaN | NaN | NaN | CaCl2 | 5 mL @ 0.9 mM | 2000 rpm | Room temp | NaN | 5.9-6.0 | NaN | 496.0 nm | -28.00 mV | 92.34% | NaN"",
    ""19 | 10 mL @ 25 mg | CS (Low MW, 60% DDA) | 0.005 g/100ml | 80 mL @ 0.01 g/100ml | NaN | NaN | NaN | CaCl2 | 5 mL @ 0.9 mM | 1000 rpm | Room temp | NaN | 5.9-6.0 | NaN | 353.6 nm | -30.97 mV | 91.92% | NaN"",
    ""20 | 10 mL @ 25 mg | CS (Low MW, 60% DDA) | 0.01 g/100ml | 80 mL @ 0.005 g/100ml | NaN | NaN | NaN | CaCl2 | 5 mL @ 0.9 mM | 1000 rpm | Room temp | NaN | 5.9-6.0 | NaN | 4284 nm | -26.13 mV | 90.33% | NaN"",
    ""21 | 10 mL @ 25 mg | CS (Low MW, 60% DDA) | 0.05 g/100ml | 80 mL @ 0.01 g/100ml | NaN | NaN | NaN | CaCl2 | 5 mL @ 1.8 mM | 2000 rpm | Room temp | NaN | 5.9-6.0 | NaN | 889.7 nm | 16.33 mV | 93.17% | NaN"",
    ""22 | 10 mL @ 25 mg | CS (Low MW, 60% DDA) | 0.01 g/100ml | 80 mL @ 0.01 g/100ml | NaN | NaN | NaN | CaCl2 | 5 mL @ 1.8 mM | 1000 rpm | Room temp | NaN | 5.9-6.0 | NaN | 359.9 nm | -27.17 mV | 93.90% | NaN"",
    ""23 | 10 mL @ 25 mg | CS (Low MW, 60% DDA) | 0.05 g/100ml | 80 mL @ 0.05 g/100ml | NaN | NaN | NaN | CaCl2 | 5 mL @ 1.8 mM | 1000 rpm | Room temp | NaN | 5.9-6.0 | NaN | 675.0 nm | -33.93 mV | 92.83% | NaN"",
    ""24 | 10 mL @ 25 mg | CS (Low MW, 60% DDA) | 0.01 g/100ml | 80 mL @ 0.01 g/100ml | NaN | NaN | NaN | CaCl2 | 5 mL @ 0.9 mM | 500 rpm | Room temp | NaN | 5.9-6.0 | NaN | 173.0 nm | 9.607 mV | 92.37% | NaN"",
    ""25 | 10 mL @ 25 mg | CS (Low MW, 60% DDA) | 0.005 g/100ml | 80 mL @ 0.005 g/100ml | NaN | NaN | NaN | CaCl2 | 5 mL @ 1.8 mM | 1000 rpm | Room temp | NaN | 5.9-6.0 | NaN | 372.3 nm | -29.93 mV | 93.46% | NaN"",
    ""26 | 10 mL @ 25 mg | CS (Low MW, 60% DDA) | 0.01 g/100ml | 80 mL @ 0.01 g/100ml | NaN | NaN | NaN | CaCl2 | 5 mL @ 2.7 mM | 500 rpm | Room temp | NaN | 5.9-6.0 | NaN | 703.0 nm | -16.10 mV | 92.37% | NaN"",
    ""27 | 10 mL @ 25 mg | CS (Low MW, 60% DDA) | 0.01 g/100ml | 80 mL @ 0.05 g/100ml | NaN | NaN | NaN | CaCl2 | 5 mL @ 1.8 mM | 2000 rpm | Room temp | NaN | 5.9-6.0 | NaN | 384.8 nm | -32.57 mV | 90.15% | NaN""
  ]
}",4
018.pdf,"{
  ""HEADER"": ""Chitosan coated sodium alginate-chitosan nanoparticles loaded with 5-FU for ocular delivery: In vitro characterization and in vivo study in rabbit eye | 10.1016/j.ejps.2012.08.001 | 5-FU | Ionic gelation"",
  ""THOUGHTS"": ""- Constants & Hunted Values: Methods text states 5-FU concentration is 1 mg/ml in SA solution. CH added dropwise at 0.5 ml/min. Stirring at 500 rpm for 120 min. Ultrasonication at 80 magnitude for 5 min. Chitosan is medium viscosity. Sodium alginate MW is 80,000-120,000 Da.\n- DoE Mapping: No DoE codes used. Table 1 lists explicit concentrations for SA and CH.\n- Volume Logic: NaN (standalone conc. only). Total volume not explicitly stated.\n- CQA Pairing Strategy: Table 1 contains both formulation inputs (SA, CH concentrations) and CQA outputs (Size, EE). Zeta potential is reported as a range in text (7.5-13.8 mV for uncoated, 18.5-28.9 mV for coated) but not assigned to individual batches, so Zeta is NaN for all runs. Size after coating is also available in Table 1."",
  ""RUNS"": [
    ""SC1 | 1 mg/ml | Chitosan (medium viscosity) | 0.030% w/v | 0.050% w/v | NaN | NaN | NaN | NaN | NaN | 500 rpm | NaN | 5 min | NaN | NaN | 329 nm | NaN | 6.19% | Uncoated SA-CH NPs"",
    ""SC2 | 1 mg/ml | Chitosan (medium viscosity) | 0.040% w/v | 0.050% w/v | NaN | NaN | NaN | NaN | NaN | 500 rpm | NaN | 5 min | NaN | NaN | 345 nm | NaN | 9.98% | Uncoated SA-CH NPs"",
    ""SC3 | 1 mg/ml | Chitosan (medium viscosity) | 0.050% w/v | 0.050% w/v | NaN | NaN | NaN | NaN | NaN | 500 rpm | NaN | 5 min | NaN | NaN | 376 nm | NaN | 12.29% | Uncoated SA-CH NPs"",
    ""SC4 | 1 mg/ml | Chitosan (medium viscosity) | 0.030% w/v | 0.075% w/v | NaN | NaN | NaN | NaN | NaN | 500 rpm | NaN | 5 min | NaN | NaN | 355 nm | NaN | 14.31% | Uncoated SA-CH NPs"",
    ""SC5 | 1 mg/ml | Chitosan (medium viscosity) | 0.040% w/v | 0.075% w/v | NaN | NaN | NaN | NaN | NaN | 500 rpm | NaN | 5 min | NaN | NaN | 377 nm | NaN | 16.83% | Uncoated SA-CH NPs"",
    ""SC6 | 1 mg/ml | Chitosan (medium viscosity) | 0.050% w/v | 0.075% w/v | NaN | NaN | NaN | NaN | NaN | 500 rpm | NaN | 5 min | NaN | NaN | 367 nm | NaN | 15.52% | Uncoated SA-CH NPs"",
    ""SC7 | 1 mg/ml | Chitosan (medium viscosity) | 0.030% w/v | 0.100% w/v | NaN | NaN | NaN | NaN | NaN | 500 rpm | NaN | 5 min | NaN | NaN | 362 nm | NaN | 13.29% | Uncoated SA-CH NPs"",
    ""SC8 | 1 mg/ml | Chitosan (medium viscosity) | 0.040% w/v | 0.100% w/v | NaN | NaN | NaN | NaN | NaN | 500 rpm | NaN | 5 min | NaN | NaN | 381 nm | NaN | 18.5% | Uncoated SA-CH NPs"",
    ""SC9 | 1 mg/ml | Chitosan (medium viscosity) | 0.050% w/v | 0.100% w/v | NaN | NaN | NaN | NaN | NaN | 500 rpm | NaN | 5 min | NaN | NaN | 412 nm | NaN | 26.66% | Uncoated SA-CH NPs, Optimized batch"",
    ""SC1C | 1 mg/ml | Chitosan (medium viscosity) | 0.030% w/v | 0.050% w/v | NaN | NaN | NaN | NaN | NaN | 500 rpm | NaN | 5 min | NaN | NaN | 412 nm | NaN | 6.19% | CH coated SA-CH NPs"",
    ""SC2C | 1 mg/ml | Chitosan (medium viscosity) | 0.040% w/v | 0.050% w/v | NaN | NaN | NaN | NaN | NaN | 500 rpm | NaN | 5 min | NaN | NaN | 425 nm | NaN | 9.98% | CH coated SA-CH NPs"",
    ""SC3C | 1 mg/ml | Chitosan (medium viscosity) | 0.050% w/v | 0.050% w/v | NaN | NaN | NaN | NaN | NaN | 500 rpm | NaN | 5 min | NaN | NaN | 436 nm | NaN | 12.29% | CH coated SA-CH NPs"",
    ""SC4C | 1 mg/ml | Chitosan (medium viscosity) | 0.030% w/v | 0.075% w/v | NaN | NaN | NaN | NaN | NaN | 500 rpm | NaN | 5 min | NaN | NaN | 435 nm | NaN | 14.31% | CH coated SA-CH NPs"",
    ""SC5C | 1 mg/ml | Chitosan (medium viscosity) | 0.040% w/v | 0.075% w/v | NaN | NaN | NaN | NaN | NaN | 500 rpm | NaN | 5 min | NaN | NaN | 427 nm | NaN | 16.83% | CH coated SA-CH NPs"",
    ""SC6C | 1 mg/ml | Chitosan (medium viscosity) | 0.050% w/v | 0.075% w/v | NaN | NaN | NaN | NaN | NaN | 500 rpm | NaN | 5 min | NaN | NaN | 478 nm | NaN | 15.52% | CH coated SA-CH NPs"",
    ""SC7C | 1 mg/ml | Chitosan (medium viscosity) | 0.030% w/v | 0.100% w/v | NaN | NaN | NaN | NaN | NaN | 500 rpm | NaN | 5 min | NaN | NaN | 425 nm | NaN | 13.29% | CH coated SA-CH NPs"",
    ""SC8C | 1 mg/ml | Chitosan (medium viscosity) | 0.040% w/v | 0.100% w/v | NaN | NaN | NaN | NaN | NaN | 500 rpm | NaN | 5 min | NaN | NaN | 469 nm | NaN | 18.5% | CH coated SA-CH NPs"",
    ""SC9C | 1 mg/ml | Chitosan (medium viscosity) | 0.050% w/v | 0.100% w/v | NaN | NaN | NaN | NaN | NaN | 500 rpm | NaN | 5 min | NaN | NaN | 505 nm | NaN | 26.66% | CH coated SA-CH NPs, Optimized batch""
  ]
}",5
019.pdf,"{
  ""HEADER"": ""Preparation and characterization of novel, mucoadhesive ofloxacin nanoparticles for ocular drug delivery | NaN | Ofloxacin | Ionic gelation"",
  ""THOUGHTS"": ""- Constants & Hunted Values: Fixed pH (NaN, acetic acid 1% v/v implied but not explicit), Temp (room temperature), Stirring (1000 rpm for 20 min). CS MW/DDA (Low MW, 85% DDA). API (100 mg in 100 mL cationic phase = 1 mg/mL). CS Vol (5 mL). TPP Vol (2 mL). ALG dissolved in 100 mL of TPP solution, 2 mL of TPP-ALG added.\n- DoE Mapping: No DoE codes used. Formulations Fa-Fh mapped directly from Table I.\n- Volume Logic: Total Vol is NaN (standalone concentrations used in Table I, final volume not explicitly stated).\n- CQA Pairing Strategy: Inputs in Table I paired with Size, Zeta, and EE outputs in Table II. All 8 runs successfully paired."",
  ""RUNS"": [
    ""Fa | 5 mL @ 1 mg/mL | CS (Low MW, 85% DDA) | 5 mL @ 0.5 mg/mL | NaN | NaN | NaN | NaN | TPP | 2 mL @ 0.5 mg/mL | 1000 rpm | room temperature | NaN | NaN | NaN | 113.8 nm | 16.2 mV | 19.78% | No ALG used"",
    ""Fb | 5 mL @ 1 mg/mL | CS (Low MW, 85% DDA) | 5 mL @ 1.5 mg/mL | NaN | NaN | NaN | NaN | TPP | 2 mL @ 0.5 mg/mL | 1000 rpm | room temperature | NaN | NaN | NaN | 165.5 nm | 23.8 mV | 28.62% | No ALG used"",
    ""Fc | 5 mL @ 1 mg/mL | CS (Low MW, 85% DDA) | 5 mL @ 3.5 mg/mL | NaN | NaN | NaN | NaN | TPP | 2 mL @ 0.75 mg/mL | 1000 rpm | room temperature | NaN | NaN | NaN | 287.4 nm | 30.6 mV | 24.06% | No ALG used"",
    ""Fd | 5 mL @ 1 mg/mL | CS (Low MW, 85% DDA) | 5 mL @ 5 mg/mL | NaN | NaN | NaN | NaN | TPP | 2 mL @ 0.75 mg/mL | 1000 rpm | room temperature | NaN | NaN | NaN | 396.1 nm | 40.3 mV | 33.1% | No ALG used"",
    ""Fe | 5 mL @ 1 mg/mL | CS (Low MW, 85% DDA) | 5 mL @ 1.5 mg/mL | 2 mL @ 0.05 mg/mL | NaN | NaN | NaN | TPP + ALG | 2 mL @ 0.75 mg/mL + 2 mL @ 0.05 mg/mL | 1000 rpm | room temperature | NaN | NaN | NaN | 227.6 nm | 28.1 mV | 29.88% | ALG dissolved in TPP solution"",
    ""Ff | 5 mL @ 1 mg/mL | CS (Low MW, 85% DDA) | 5 mL @ 1.5 mg/mL | 2 mL @ 0.1 mg/mL | NaN | NaN | NaN | TPP + ALG | 2 mL @ 0.75 mg/mL + 2 mL @ 0.1 mg/mL | 1000 rpm | room temperature | NaN | NaN | NaN | 243.1 nm | 32.4 mV | 29.77% | ALG dissolved in TPP solution"",
    ""Fg | 5 mL @ 1 mg/mL | CS (Low MW, 85% DDA) | 5 mL @ 3.5 mg/mL | 2 mL @ 0.25 mg/mL | NaN | NaN | NaN | TPP + ALG | 2 mL @ 0.75 mg/mL + 2 mL @ 0.25 mg/mL | 1000 rpm | room temperature | NaN | NaN | NaN | 439.8 nm | 37.4 mV | 24.82% | ALG dissolved in TPP solution"",
    ""Fh | 5 mL @ 1 mg/mL | CS (Low MW, 85% DDA) | 5 mL @ 3.5 mg/mL | 2 mL @ 0.5 mg/mL | NaN | NaN | NaN | TPP + ALG | 2 mL @ 0.75 mg/mL + 2 mL @ 0.5 mg/mL | 1000 rpm | room temperature | NaN | NaN | NaN | 509 nm | 35.3 mV | 22.95% | ALG dissolved in TPP solution""
  ]
}",6
020.pdf,"{
  ""HEADER"": ""Kinetic Study of Chitosan-Alginate Biopolymeric Nanoparticles for the Controlled Release of Curcumin Diethyl Disuccinate | NaN | Curcumin diethyl disuccinate (CDD) | Oil-in-water emulsification and ionotropic gelation"",
  ""THOUGHTS"": ""- Constants & Hunted Values: Fixed constants hunted from methods text: 1 mL of acetonic CDD solution (3 mg/mL), 20 mL of alginate solution (0.6 mg/mL), 4.05% (w/v) Tween 80, 4 mL of CaCl2 solution (0.67 mg/mL), and chitosan solution (0.15 mg/mL). Stirring at 1,000 rpm for 30 min, sonication for 15 min, and further stirring for 30 min. Room temperature equilibration.\n- DoE Mapping: No DoE codes used. The paper describes a single formulation prepared under previously reported optimal conditions.\n- Volume Logic: Total Vol is NaN (not explicitly stated in the text). Component volumes are explicitly provided.\n- CQA Pairing Strategy: The paper reports a single optimal formulation run. The CQA outputs (Size = 327 ± 14 nm, Zeta = -27.3 ± 0.2 mV, EE = 51.2 ± 2.2%) are found in the Abstract and Results and Discussion text, successfully paired with the inputs extracted from the Preparation of CDD-loaded CANPs section."",
  ""RUNS"": [
    ""1 | 1 mL @ 3 mg/mL | CS (Mw = 75,000 g/mol, DD = 85%) | 0.15 mg/mL | 20 mL @ 0.6 mg/mL | 0.05:1 | Tween 80 | 4.05% w/v | CaCl2 | 4 mL @ 0.67 mg/mL | 1000 rpm | Room temperature | 15 min | NaN | NaN | 327 nm | -27.3 mV | 51.2% | Single optimal run; CS_ALG ratio given as 0.05:1""
  ]
}",7
021.pdf,"{""skipped"": ""Paper not relevant""}",8
022.pdf,"{
  ""HEADER"": ""Development and Optimization of Ciprofloxacin HCl-Loaded Chitosan Nanoparticles Using Box-Behnken Experimental Design | 10.3390/molecules27144468 | Ciprofloxacin HCl | Ionic gelation"",
  ""THOUGHTS"": ""- Constants & Hunted Values: Fixed pH (5.5) found in text. CS dissolved in 0.25% v/v acetic acid. Drug to carrier weight ratio is 0.5:1, dissolved in 2 mL water. TPP added dropwise to CS at 900 rpm for 90 min. Stirring at 500 rpm for initial blending. Temp is room temperature (~25 C). TPP is the crosslinker. No surfactant used.\n- DoE Mapping: A (TPP conc): -1=0.1, 0=0.35, +1=0.6 mg/mL. B (CS conc): -1=0.3, 0=0.65, +1=1.0 mg/mL. C (Sonication energy): -1=10, 0=25, +1=40 Watt.\n- Volume Logic: NaN (standalone conc. only used in DoE, total vol not explicitly stated).\n- CQA Pairing Strategy: Table 5 contains both the independent variables (already mapped to real values) and the measured responses (PS, PDI, ZP, EE, Release). All 15 runs are successfully paired with CQAs."",
  ""RUNS"": [
    ""1 | 2 mL @ 0.5:1 drug:carrier | CS (Low MW, 75-85% DDA) | 0.30 mg/mL | NaN | NaN | NaN | NaN | TPP | 0.10 mg/mL | 900 rpm | 25 C | 25 watt | 5.5 | NaN | 206.8 nm | 41.8 mV | 31.23% | NaN"",
    ""2 | 2 mL @ 0.5:1 drug:carrier | CS (Low MW, 75-85% DDA) | 0.30 mg/mL | NaN | NaN | NaN | NaN | TPP | 0.60 mg/mL | 900 rpm | 25 C | 25 watt | 5.5 | NaN | 258.7 nm | 27.3 mV | 27.12% | NaN"",
    ""3 | 2 mL @ 0.5:1 drug:carrier | CS (Low MW, 75-85% DDA) | 1.00 mg/mL | NaN | NaN | NaN | NaN | TPP | 0.10 mg/mL | 900 rpm | 25 C | 25 watt | 5.5 | NaN | 215.3 nm | 38.1 mV | 32.38% | NaN"",
    ""4 | 2 mL @ 0.5:1 drug:carrier | CS (Low MW, 75-85% DDA) | 1.00 mg/mL | NaN | NaN | NaN | NaN | TPP | 0.60 mg/mL | 900 rpm | 25 C | 25 watt | 5.5 | NaN | 304.5 nm | 27.6 mV | 26.72% | NaN"",
    ""5 | 2 mL @ 0.5:1 drug:carrier | CS (Low MW, 75-85% DDA) | 0.65 mg/mL | NaN | NaN | NaN | NaN | TPP | 0.10 mg/mL | 900 rpm | 25 C | 10 watt | 5.5 | NaN | 252.4 nm | 42.2 mV | 32.05% | NaN"",
    ""6 | 2 mL @ 0.5:1 drug:carrier | CS (Low MW, 75-85% DDA) | 0.65 mg/mL | NaN | NaN | NaN | NaN | TPP | 0.60 mg/mL | 900 rpm | 25 C | 10 watt | 5.5 | NaN | 302.4 nm | 29.9 mV | 28.7% | NaN"",
    ""7 | 2 mL @ 0.5:1 drug:carrier | CS (Low MW, 75-85% DDA) | 0.65 mg/mL | NaN | NaN | NaN | NaN | TPP | 0.10 mg/mL | 900 rpm | 25 C | 40 watt | 5.5 | NaN | 198.2 nm | 42.3 mV | 29.4% | NaN"",
    ""8 | 2 mL @ 0.5:1 drug:carrier | CS (Low MW, 75-85% DDA) | 0.65 mg/mL | NaN | NaN | NaN | NaN | TPP | 0.60 mg/mL | 900 rpm | 25 C | 40 watt | 5.5 | NaN | 295.4 nm | 30.5 mV | 23.5% | NaN"",
    ""9 | 2 mL @ 0.5:1 drug:carrier | CS (Low MW, 75-85% DDA) | 0.30 mg/mL | NaN | NaN | NaN | NaN | TPP | 0.35 mg/mL | 900 rpm | 25 C | 10 watt | 5.5 | NaN | 267.9 nm | 39.6 mV | 36.57% | NaN"",
    ""10 | 2 mL @ 0.5:1 drug:carrier | CS (Low MW, 75-85% DDA) | 1.00 mg/mL | NaN | NaN | NaN | NaN | TPP | 0.35 mg/mL | 900 rpm | 25 C | 10 watt | 5.5 | NaN | 299.06 nm | 30.6 mV | 35.72% | NaN"",
    ""11 | 2 mL @ 0.5:1 drug:carrier | CS (Low MW, 75-85% DDA) | 0.30 mg/mL | NaN | NaN | NaN | NaN | TPP | 0.35 mg/mL | 900 rpm | 25 C | 40 watt | 5.5 | NaN | 237.8 nm | 39.8 mV | 31.68% | NaN"",
    ""12 | 2 mL @ 0.5:1 drug:carrier | CS (Low MW, 75-85% DDA) | 1.00 mg/mL | NaN | NaN | NaN | NaN | TPP | 0.35 mg/mL | 900 rpm | 25 C | 40 watt | 5.5 | NaN | 286 nm | 30.8 mV | 31.91% | NaN"",
    ""13 | 2 mL @ 0.5:1 drug:carrier | CS (Low MW, 75-85% DDA) | 0.65 mg/mL | NaN | NaN | NaN | NaN | TPP | 0.35 mg/mL | 900 rpm | 25 C | 25 watt | 5.5 | NaN | 217.3 nm | 33.2 mV | 45.2% | Center point"",
    ""14 | 2 mL @ 0.5:1 drug:carrier | CS (Low MW, 75-85% DDA) | 0.65 mg/mL | NaN | NaN | NaN | NaN | TPP | 0.35 mg/mL | 900 rpm | 25 C | 25 watt | 5.5 | NaN | 207.2 nm | 34.3 mV | 45.5% | Center point"",
    ""15 | 2 mL @ 0.5:1 drug:carrier | CS (Low MW, 75-85% DDA) | 0.65 mg/mL | NaN | NaN | NaN | NaN | TPP | 0.35 mg/mL | 900 rpm | 25 C | 25 watt | 5.5 | NaN | 212.7 nm | 35.5 mV | 45.08% | Center point""
  ]
}",9
023.pdf,"{
  ""HEADER"": ""Enhanced oral delivery of zeaxanthin via chitosan/alginate nanoparticles: Optimizing stability and antioxidant efficacy in retinal cells | 10.1016/j.fhfh.2025.100254 | Zeaxanthin | Ionic gelation"",
  ""THOUGHTS"": ""- Constants & Hunted Values: Fixed constants found in methods text: ALG = 20 mL @ 0.6 mg/mL, CaCl2 = 4 mL @ 0.67 mg/mL, CS = 4 mL (in 1% v/v acetic acid), ZT = 1 mL in ethanol, Stirring = 1000 rpm, Temp = 25 C, Sonication = 15 min. CS Mw ~75,000 g/mole, DDA > 85%. ALG Mw 80,000-120,000 g/mole.\n- DoE Mapping: X1 (CS:ALG ratio): -1=0.04:1, 0=0.08:1, +1=0.12:1. X2 (Pluronic F127): -1=0.5% w/v, 0=0.75% w/v, +1=1.0% w/v. X3 (ZT conc.): -1=1 mg/mL, 0=2 mg/mL, +1=3 mg/mL.\n- Volume Logic: Total Vol is not explicitly stated in the text. NaN used.\n- CQA Pairing Strategy: The 15-run BBD matrix and its specific CQA outputs are referenced as being in Supplementary Table S1, which is not present in the provided text. The text only provides the ranges for the CQAs (Size: 246-469 nm, Zeta: 13.6-29.6 mV, EE: 48.6-78.9%). The only run with fully paired inputs and outputs is the optimized formulation found in Table 2 (X1=0.06:1, X2=0.78% w/v, X3=2 mg/mL; Size=268 nm, Zeta=25.2 mV, EE=75.4%)."",
  ""RUNS"": [
    ""Opt1 | 1 mL @ 2 mg/mL | CS (Mw ~75,000, >85% DDA) | 4 mL | 20 mL @ 0.6 mg/mL | 0.06:1 | Pluronic F127 | 0.78% w/v | CaCl2 | 4 mL @ 0.67 mg/mL | 1000 rpm | 25 C | 15 min | NaN | NaN | 268 nm | 25.2 mV | 75.4% | Optimized formulation from Table 2. Zeta reported as positive 25.2 mV per Table 2, though text mentions negative surface charge""
  ]
}",10
024.pdf,"{
  ""HEADER"": ""Optimization of Streptokinase-Loaded Chitosan-Alginate Nanoparticles Using Box Behnken Design for Oral Delivery | NaN | Streptokinase | Coacervation"",
  ""THOUGHTS"": ""- Constants & Hunted Values: Fixed CS concentration at 0.1% w/v (15 mL used) and pH at 4.5-5.0. Temperature is 25 °C. Chitosan MW is 50 kDa. No surfactant or crosslinker used.\n- DoE Mapping: No DoE codes used. Table 2 provides actual physical values for SK (mg/mL), SA (mg/mL), and Stirring Speed (RPM).\n- Volume Logic: NaN (standalone conc. used in DoE). Total volume is not explicitly stated.\n- CQA Pairing Strategy: Table 2 provides inputs and Particle Size/Loading. Table 4 provides Zeta Potential and EE. All 15 runs were successfully paired by matching Formulation IDs."",
  ""RUNS"": [
    ""1 | 0.25 mg/mL | CS (50 kDa) | 15 mL @ 0.1% w/v | 0.5 mg/mL | NaN | NaN | NaN | NaN | NaN | 875 rpm | 25 C | NaN | 4.5 | NaN | 203.20 nm | 27.23 mV | 81.69% | NaN"",
    ""2 | 1.375 mg/mL | CS (50 kDa) | 15 mL @ 0.1% w/v | 0.5 mg/mL | NaN | NaN | NaN | NaN | NaN | 1000 rpm | 25 C | NaN | 4.5 | NaN | 309.20 nm | 22.89 mV | 53.03% | NaN"",
    ""3 | 1.375 mg/mL | CS (50 kDa) | 15 mL @ 0.1% w/v | 1 mg/mL | NaN | NaN | NaN | NaN | NaN | 1000 rpm | 25 C | NaN | 4.5 | NaN | 397.20 nm | 19.77 mV | 52.53% | NaN"",
    ""4 | 0.25 mg/mL | CS (50 kDa) | 15 mL @ 0.1% w/v | 1 mg/mL | NaN | NaN | NaN | NaN | NaN | 875 rpm | 25 C | NaN | 4.5 | NaN | 303.20 nm | 23.01 mV | 78.48% | NaN"",
    ""5 | 2.5 mg/mL | CS (50 kDa) | 15 mL @ 0.1% w/v | 0.5 mg/mL | NaN | NaN | NaN | NaN | NaN | 875 rpm | 25 C | NaN | 4.5 | NaN | 466.30 nm | 17.32 mV | 21.54% | NaN"",
    ""6 | 0.25 mg/mL | CS (50 kDa) | 15 mL @ 0.1% w/v | 0.75 mg/mL | NaN | NaN | NaN | NaN | NaN | 750 rpm | 25 C | NaN | 4.5 | NaN | 256.50 nm | 25.13 mV | 82.87% | NaN"",
    ""7 | 1.375 mg/mL | CS (50 kDa) | 15 mL @ 0.1% w/v | 0.75 mg/mL | NaN | NaN | NaN | NaN | NaN | 875 rpm | 25 C | NaN | 4.5 | NaN | 341.20 nm | 21.17 mV | 56.26% | NaN"",
    ""8 | 2.5 mg/mL | CS (50 kDa) | 15 mL @ 0.1% w/v | 0.75 mg/mL | NaN | NaN | NaN | NaN | NaN | 750 rpm | 25 C | NaN | 4.5 | NaN | 487.10 nm | 16.77 mV | 23.02% | NaN"",
    ""9 | 2.5 mg/mL | CS (50 kDa) | 15 mL @ 0.1% w/v | 1 mg/mL | NaN | NaN | NaN | NaN | NaN | 875 rpm | 25 C | NaN | 4.5 | NaN | 513.20 nm | 15.24 mV | 19.87% | NaN"",
    ""10 | 1.375 mg/mL | CS (50 kDa) | 15 mL @ 0.1% w/v | 0.75 mg/mL | NaN | NaN | NaN | NaN | NaN | 875 rpm | 25 C | NaN | 4.5 | NaN | 331.90 nm | 21.73 mV | 55.63% | NaN"",
    ""11 | 2.5 mg/mL | CS (50 kDa) | 15 mL @ 0.1% w/v | 0.75 mg/mL | NaN | NaN | NaN | NaN | NaN | 1000 rpm | 25 C | NaN | 4.5 | NaN | 486.20 nm | 16.81 mV | 22.55% | NaN"",
    ""12 | 1.375 mg/mL | CS (50 kDa) | 15 mL @ 0.1% w/v | 0.5 mg/mL | NaN | NaN | NaN | NaN | NaN | 750 rpm | 25 C | NaN | 4.5 | NaN | 311.80 nm | 22.83 mV | 54.96% | NaN"",
    ""13 | 0.25 mg/mL | CS (50 kDa) | 15 mL @ 0.1% w/v | 0.75 mg/mL | NaN | NaN | NaN | NaN | NaN | 1000 rpm | 25 C | NaN | 4.5 | NaN | 254.00 nm | 25.21 mV | 82.38% | NaN"",
    ""14 | 1.375 mg/mL | CS (50 kDa) | 15 mL @ 0.1% w/v | 0.75 mg/mL | NaN | NaN | NaN | NaN | NaN | 875 rpm | 25 C | NaN | 4.5 | NaN | 340.10 nm | 21.19 mV | 56.63% | NaN"",
    ""15 | 1.375 mg/mL | CS (50 kDa) | 15 mL @ 0.1% w/v | 1 mg/mL | NaN | NaN | NaN | NaN | NaN | 750 rpm | 25 C | NaN | 4.5 | NaN | 401.80 nm | 19.63 mV | 53.02% | NaN""
  ]
}",11
025.pdf,"{
  ""HEADER"": ""Lutein-loaded chitosan/alginate-coated Fe3O4 nanoparticles as effective targeted carriers for breast cancer treatment | 10.1016/j.ijbiomac.2023.124673 | Lutein | Ionic gelation"",
  ""THOUGHTS"": ""- Constants & Hunted Values: Fixed Alg concentration (55 mL @ 0.2 mg/mL), CS volume (10 mL), LUT solvent volume (3 mL), FeCl2 volume (10 mL), FeCl3 volume (10 mL), Ammonia (6 mL @ 30%), Stirring (1000 rpm), Temp (ambient), pH (10 for precipitation, 5.0 for CS solvent), Sonication (NaN), CS MW (~23 kDa, 91% DDA). DoE table lacks explicit CQA outputs for the 15 runs, but text states ranges (Size: 221-389 nm, EE: 7.27-52.17%). Zeta is only explicitly reported for the optimized run (-13.3 mV) and precursors.\n- DoE Mapping: X1 (LUT conc): -1=0.50, 0=1.25, +1=2.00 mg/mL. X2 (CS/Alg ratio): -1=0.05:1, 0=0.25:1, +1=0.45:1. X3 (Fe precursor): -1=0.0007, 0=0.0011, +1=0.0015 mole.\n- Volume Logic: Total Vol is not explicitly stated as a single final formulation volume for the DoE runs. NaN used.\n- CQA Pairing Strategy: The DoE matrix (Table S1) is missing from the provided text, but the text explicitly states the CQA ranges for the 15 runs (Size: 221-389 nm, EE: 7.27-52.17%). The optimized run has fully paired CQAs (Size: 264 nm, Zeta: -13.3 mV, EE: 27.9%). Extracted the optimized run with its exact CQAs."",
  ""RUNS"": [
    ""Opt | 3 mL @ 2.0 mg/mL | CS (MW ~23 kDa, 91% DDA) | 10 mL | 55 mL @ 0.2 mg/mL | 0.226:1 | Tween 80 | 3% w/v | FeCl2·4H2O + FeCl3·6H2O + NH3 | 10 mL + 10 mL + 6 mL @ 30% | 1000 rpm | 25 C | NaN | 10 | NaN | 264 nm | -13.3 mV | 27.9% | Optimized run. Fe2+:Fe3+ mole ratio 1:2. Total Fe precursor 0.0010 mol. CS solvent pH 5.0. Reaction pH 10.""
  ]
}",12
026.pdf,"{""HEADER"": ""Development of Turmeric Oil-Loaded Chitosan/Alginate Nanocapsules for Cytotoxicity Enhancement against Breast Cancer | 10.3390/polym14091835 | Turmeric Oil (TO) | O/W emulsification + Ionotropic gelation"",
""THOUGHTS"": ""- Constants & Hunted Values: Fixed pH (Alg=4.9, CS=6.0). Methods text states: 1% v/v ethanolic TO solution added at 20 mL/h, Alg solution (20 mL, 0.6 mg/mL), Poloxamer 407 (0.65% w/v), CaCl2 (4 mL, 0.67 mg/mL), CS solution (0.1 mg/mL). Stirring at 1000 rpm for 30 min. Sonication for 15 min.\n- DoE Mapping: No DoE codes used. Single optimized formulation.\n- Volume Logic: Total Vol is not explicitly stated. CS volume is not explicitly stated, but CS_Amt is extracted as standalone concentration.\n- CQA Pairing Strategy: CQA outputs (Size=184.8 nm, Zeta=-21.8 mV, EE=70.3%) are found in the text in Section 3.1. Paired with the single formulation run."",
""RUNS"": [
""1 | 1% v/v | CS (MW = 63 kDa, 91.74% DD) | 0.1 mg/mL | 20 mL @ 0.6 mg/mL | 0.03:1 | Poloxamer 407 | 0.65% w/v | CaCl2 | 4 mL @ 0.67 mg/mL | 1000 rpm | NaN | 15 min | 4.9 + 6.0 | NaN | 184.8 nm | -21.8 mV | 70.3% | pH values are for Alg and CS solutions respectively""
]}",0
027.pdf,"{
  ""HEADER"": ""Dual-drugs-loaded polymeric nanoparticles formulation design based on response surface methodology of particle size and zeta potential | 10.14456/jcst.2020.15 | α-mangostin + Resveratrol | Ionotropic gelation"",
  ""THOUGHTS"": ""- Constants & Hunted Values: Fixed pH (5.0-5.5), Temp (25 C), Stirring (750 rpm for 30 mins). CS MW (110 kDa) and DDA (0.85) found in Materials. No explicit total volume or component volumes found in methods.\n- DoE Mapping: 4-factor 3-level Box-Behnken Design. X1 (CS): -1=0.025, 0=0.050, +1=0.075 % w/v. X2 (ALG): -1=0.025, 0=0.050, +1=0.075 % w/v. X3 (M): -1=1, 0=2, +1=3 % w/w. X4 (R): -1=1, 0=2, +1=3 % w/w.\n- Volume Logic: NaN (standalone conc. only). No total volume or absolute solvent volumes stated in text.\n- CQA Pairing Strategy: Table 2 contains all 25 DoE runs with their paired Particle Size (Y1) and Zeta Potential (Y2) outputs. Table 4 contains 2 additional selected optimal formulations with paired outputs. EE is not reported in this paper, so it is NaN for all runs. All extracted runs have paired CQAs."",
  ""RUNS"": [
    ""1 | 1% w/w + 1% w/w | CS (110 kDa, 85% DDA) | 0.050% w/v | 0.050% w/v | 1:1 | NaN | NaN | NaN | NaN | 750 rpm | 25 C | NaN | 5.0-5.5 | NaN | 948 nm | +46.6 mV | NaN | Center point run"",
    ""2 | 3% w/w + 1% w/w | CS (110 kDa, 85% DDA) | 0.050% w/v | 0.050% w/v | 1:1 | NaN | NaN | NaN | NaN | 750 rpm | 25 C | NaN | 5.0-5.5 | NaN | 319 nm | +41.6 mV | NaN | Center point run"",
    ""3 | 1% w/w + 3% w/w | CS (110 kDa, 85% DDA) | 0.050% w/v | 0.050% w/v | 1:1 | NaN | NaN | NaN | NaN | 750 rpm | 25 C | NaN | 5.0-5.5 | NaN | 485 nm | +43.3 mV | NaN | Center point run"",
    ""4 | 3% w/w + 3% w/w | CS (110 kDa, 85% DDA) | 0.050% w/v | 0.050% w/v | 1:1 | NaN | NaN | NaN | NaN | 750 rpm | 25 C | NaN | 5.0-5.5 | NaN | 390 nm | +45.6 mV | NaN | Center point run"",
    ""5 | 2% w/w + 2% w/w | CS (110 kDa, 85% DDA) | 0.025% w/v | 0.025% w/v | 1:1 | NaN | NaN | NaN | NaN | 750 rpm | 25 C | NaN | 5.0-5.5 | NaN | 595 nm | +41.1 mV | NaN | Low CS, Low ALG"",
    ""6 | 2% w/w + 2% w/w | CS (110 kDa, 85% DDA) | 0.075% w/v | 0.025% w/v | 3:1 | NaN | NaN | NaN | NaN | 750 rpm | 25 C | NaN | 5.0-5.5 | NaN | 734 nm | +52.1 mV | NaN | High CS, Low ALG"",
    ""7 | 2% w/w + 2% w/w | CS (110 kDa, 85% DDA) | 0.025% w/v | 0.075% w/v | 1:3 | NaN | NaN | NaN | NaN | 750 rpm | 25 C | NaN | 5.0-5.5 | NaN | 2453 nm | -26.4 mV | NaN | Low CS, High ALG"",
    ""8 | 2% w/w + 2% w/w | CS (110 kDa, 85% DDA) | 0.075% w/v | 0.075% w/v | 1:1 | NaN | NaN | NaN | NaN | 750 rpm | 25 C | NaN | 5.0-5.5 | NaN | 441 nm | +40.7 mV | NaN | High CS, High ALG"",
    ""9 | 1% w/w + 2% w/w | CS (110 kDa, 85% DDA) | 0.050% w/v | 0.025% w/v | 2:1 | NaN | NaN | NaN | NaN | 750 rpm | 25 C | NaN | 5.0-5.5 | NaN | 656 nm | +51.1 mV | NaN | Low M, Med CS, Low ALG"",
    ""10 | 3% w/w + 2% w/w | CS (110 kDa, 85% DDA) | 0.050% w/v | 0.025% w/v | 2:1 | NaN | NaN | NaN | NaN | 750 rpm | 25 C | NaN | 5.0-5.5 | NaN | 660 nm | +52.4 mV | NaN | High M, Med CS, Low ALG"",
    ""11 | 1% w/w + 2% w/w | CS (110 kDa, 85% DDA) | 0.050% w/v | 0.075% w/v | 2:3 | NaN | NaN | NaN | NaN | 750 rpm | 25 C | NaN | 5.0-5.5 | NaN | 40107 nm | +6.5 mV | NaN | Low M, Med CS, High ALG"",
    ""12 | 3% w/w + 2% w/w | CS (110 kDa, 85% DDA) | 0.050% w/v | 0.075% w/v | 2:3 | NaN | NaN | NaN | NaN | 750 rpm | 25 C | NaN | 5.0-5.5 | NaN | 28990 nm | +25.2 mV | NaN | High M, Med CS, High ALG"",
    ""13 | 2% w/w + 1% w/w | CS (110 kDa, 85% DDA) | 0.025% w/v | 0.050% w/v | 1:2 | NaN | NaN | NaN | NaN | 750 rpm | 25 C | NaN | 5.0-5.5 | NaN | 643 nm | -17.6 mV | NaN | Low CS, Med ALG, Low R"",
    ""14 | 2% w/w + 3% w/w | CS (110 kDa, 85% DDA) | 0.025% w/v | 0.050% w/v | 1:2 | NaN | NaN | NaN | NaN | 750 rpm | 25 C | NaN | 5.0-5.5 | NaN | 536 nm | -18.8 mV | NaN | Low CS, Med ALG, High R"",
    ""15 | 2% w/w + 1% w/w | CS (110 kDa, 85% DDA) | 0.075% w/v | 0.050% w/v | 3:2 | NaN | NaN | NaN | NaN | 750 rpm | 25 C | NaN | 5.0-5.5 | NaN | 585 nm | +55.9 mV | NaN | High CS, Med ALG, Low R"",
    ""16 | 2% w/w + 3% w/w | CS (110 kDa, 85% DDA) | 0.075% w/v | 0.050% w/v | 3:2 | NaN | NaN | NaN | NaN | 750 rpm | 25 C | NaN | 5.0-5.5 | NaN | 2361 nm | +52.0 mV | NaN | High CS, Med ALG, High R"",
    ""17 | 1% w/w + 2% w/w | CS (110 kDa, 85% DDA) | 0.025% w/v | 0.050% w/v | 1:2 | NaN | NaN | NaN | NaN | 750 rpm | 25 C | NaN | 5.0-5.5 | NaN | 2556 nm | -17.4 mV | NaN | Low M, Low CS, Med ALG"",
    ""18 | 3% w/w + 2% w/w | CS (110 kDa, 85% DDA) | 0.025% w/v | 0.050% w/v | 1:2 | NaN | NaN | NaN | NaN | 750 rpm | 25 C | NaN | 5.0-5.5 | NaN | 1294 nm | -16.1 mV | NaN | High M, Low CS, Med ALG"",
    ""19 | 1% w/w + 2% w/w | CS (110 kDa, 85% DDA) | 0.075% w/v | 0.050% w/v | 3:2 | NaN | NaN | NaN | NaN | 750 rpm | 25 C | NaN | 5.0-5.5 | NaN | 505 nm | +52.8 mV | NaN | Low M, High CS, Med ALG"",
    ""20 | 3% w/w + 2% w/w | CS (110 kDa, 85% DDA) | 0.075% w/v | 0.050% w/v | 3:2 | NaN | NaN | NaN | NaN | 750 rpm | 25 C | NaN | 5.0-5.5 | NaN | 522 nm | +51.8 mV | NaN | High M, High CS, Med ALG"",
    ""21 | 2% w/w + 1% w/w | CS (110 kDa, 85% DDA) | 0.050% w/v | 0.025% w/v | 2:1 | NaN | NaN | NaN | NaN | 750 rpm | 25 C | NaN | 5.0-5.5 | NaN | 668 nm | +53.3 mV | NaN | Med CS, Low ALG, Low R"",
    ""22 | 2% w/w + 3% w/w | CS (110 kDa, 85% DDA) | 0.050% w/v | 0.025% w/v | 2:1 | NaN | NaN | NaN | NaN | 750 rpm | 25 C | NaN | 5.0-5.5 | NaN | 674 nm | +49.9 mV | NaN | Med CS, Low ALG, High R"",
    ""23 | 2% w/w + 1% w/w | CS (110 kDa, 85% DDA) | 0.050% w/v | 0.075% w/v | 2:3 | NaN | NaN | NaN | NaN | 750 rpm | 25 C | NaN | 5.0-5.5 | NaN | 25650 nm | +2.5 mV | NaN | Med CS, High ALG, Low R"",
    ""24 | 2% w/w + 3% w/w | CS (110 kDa, 85% DDA) | 0.050% w/v | 0.075% w/v | 2:3 | NaN | NaN | NaN | NaN | 750 rpm | 25 C | NaN | 5.0-5.5 | NaN | 31773 nm | +8.7 mV | NaN | Med CS, High ALG, High R"",
    ""25 | 2% w/w + 2% w/w | CS (110 kDa, 85% DDA) | 0.050% w/v | 0.050% w/v | 1:1 | NaN | NaN | NaN | NaN | 750 rpm | 25 C | NaN | 5.0-5.5 | NaN | 503 nm | +42.2 mV | NaN | Center point run"",
    ""Opt1 | 2% w/w + 2% w/w | CS (110 kDa, 85% DDA) | 0.050% w/v | 0.025% w/v | 2:1 | NaN | NaN | NaN | NaN | 750 rpm | 25 C | NaN | 5.0-5.5 | NaN | 683 nm | +51.8 mV | NaN | Selected optimal formulation from Table 4"",
    ""Opt2 | 2% w/w + 2% w/w | CS (110 kDa, 85% DDA) | 0.075% w/v | 0.050% w/v | 3:2 | NaN | NaN | NaN | NaN | 750 rpm | 25 C | NaN | 5.0-5.5 | NaN | 690 nm | +48.3 mV | NaN | Selected optimal formulation from Table 4""
  ]
}",1
028.pdf,"{
  ""HEADER"": ""Preparation of turmeric oil-loaded chitosan-alginate biopolymeric nanocapsules | DOI not found | Turmeric oil | Emulsification and ionic gelation"",
  ""THOUGHTS"": ""- Constants & Hunted Values: Fixed pH not explicitly stated (acetic acid 1% v/v implies acidic but exact pH unknown). Temp is 25 C for synthesis (40 C only for rotary evaporation). Sonication time is 15 min. Turmeric oil is 0.6 mL @ 20 mg/mL in ethanol. Alginate is 20 mL @ 0.6 mg/mL. Surfactant (Tween 80) is 1% w/v. CaCl2 is 4 mL @ 0.67 mg/mL. CS volume is 4 mL. CS concentrations vary (0, 0.04, 0.06, 0.12 mg/mL) to achieve CS:Alg ratios of 0:1, 0.067:1, 0.10:1, 0.20:1. Total Vol is 28.6 mL (0.6 + 20 + 4 + 4).\n- DoE Mapping: No DoE codes used. Ratios map to CS concentrations: 0:1 -> 0 mg/mL, 0.067:1 -> 0.04 mg/mL, 0.10:1 -> 0.06 mg/mL, 0.20:1 -> 0.12 mg/mL.\n- Volume Logic: Total Vol is 28.6 mL, calculated from explicitly stated component volumes (0.6 mL oil + 20 mL alg + 4 mL CaCl2 + 4 mL CS).\n- CQA Pairing Strategy: Table 1 provides Size and Zeta for MM-chitosan, LM-chitosan, and Without chitosan (all at 0.1:1 ratio, CS added after CaCl2). Table 2 provides % Recovery (used as EE) for the same treatments. Fig. 4 text provides Size/Zeta for CS added before CaCl2. Fig. 5 text provides Loading Capacity and Yield. All extracted runs have paired CQAs."",
  ""RUNS"": [
    ""1 | 0.6 mL @ 20 mg/mL | MM-chitosan (Mn=72000 Da, 92% DDA) | 4 mL @ 0.06 mg/mL | 20 mL @ 0.6 mg/mL | 0.10:1 | Tween 80 | 1% w/v | CaCl2 | 4 mL @ 0.67 mg/mL | NaN | 25 C | 15 min | NaN | 28.6 mL | 667 nm | -21.8 mV | 68.5% | CS added after CaCl2"",
    ""2 | 0.6 mL @ 20 mg/mL | LM-chitosan (Mn=41000 Da, 92% DDA) | 4 mL @ 0.06 mg/mL | 20 mL @ 0.6 mg/mL | 0.10:1 | Tween 80 | 1% w/v | CaCl2 | 4 mL @ 0.67 mg/mL | NaN | 25 C | 15 min | NaN | 28.6 mL | 522 nm | -22.2 mV | 67.3% | CS added after CaCl2"",
    ""3 | 0.6 mL @ 20 mg/mL | NaN | 4 mL @ 0 mg/mL | 20 mL @ 0.6 mg/mL | 0:1 | Tween 80 | 1% w/v | CaCl2 | 4 mL @ 0.67 mg/mL | NaN | 25 C | 15 min | NaN | 28.6 mL | 162 nm | -23.1 mV | 52.0% | No chitosan"",
    ""4 | 0.6 mL @ 20 mg/mL | MM-chitosan (Mn=72000 Da, 92% DDA) | 4 mL @ 0.06 mg/mL | 20 mL @ 0.6 mg/mL | 0.10:1 | Tween 80 | 1% w/v | CaCl2 | 4 mL @ 0.67 mg/mL | NaN | 25 C | 15 min | NaN | 28.6 mL | 777 nm | NaN | 66.3% | CS added before CaCl2"",
    ""5 | 0.6 mL @ 20 mg/mL | LM-chitosan (Mn=41000 Da, 92% DDA) | 4 mL @ 0.06 mg/mL | 20 mL @ 0.6 mg/mL | 0.10:1 | Tween 80 | 1% w/v | CaCl2 | 4 mL @ 0.67 mg/mL | NaN | 25 C | 15 min | NaN | 28.6 mL | 759 nm | NaN | 61.9% | CS added before CaCl2"",
    ""6 | 0.6 mL @ 20 mg/mL | LM-chitosan (Mn=41000 Da, 92% DDA) | 4 mL @ 0 mg/mL | 20 mL @ 0.6 mg/mL | 0:1 | Tween 80 | 1% w/v | CaCl2 | 4 mL @ 0.67 mg/mL | NaN | 25 C | 15 min | NaN | 28.6 mL | 162 nm | -23.1 mV | 52.0% | No chitosan, duplicate of run 3 for Fig 5 comparison"",
    ""7 | 0.6 mL @ 20 mg/mL | LM-chitosan (Mn=41000 Da, 92% DDA) | 4 mL @ 0.04 mg/mL | 20 mL @ 0.6 mg/mL | 0.067:1 | Tween 80 | 1% w/v | CaCl2 | 4 mL @ 0.67 mg/mL | NaN | 25 C | 15 min | NaN | 28.6 mL | 226.8 nm | -19 mV | NaN | Size estimated as 1.4x 162nm from text"",
    ""8 | 0.6 mL @ 20 mg/mL | LM-chitosan (Mn=41000 Da, 92% DDA) | 4 mL @ 0.12 mg/mL | 20 mL @ 0.6 mg/mL | 0.20:1 | Tween 80 | 1% w/v | CaCl2 | 4 mL @ 0.67 mg/mL | NaN | 25 C | 15 min | NaN | 28.6 mL | NaN | -23 mV | NaN | Precipitation occurred""
  ]
}",2
029.pdf,"{
  ""HEADER"": ""Folic Acid-Grafted Chitosan-Alginate Nanocapsules as Effective Targeted Nanocarriers for Delivery of Turmeric Oil for Breast Cancer Therapy | https://doi.org/10.3390/pharmaceutics15010110 | Turmeric Oil | Emulsification + Ionic gelation"",
  ""THOUGHTS"": ""- Constants & Hunted Values: Fixed pH (4.9 for Alg, 4.5-4.7 for FA-CS), Temp (room temp), Stirring (1000 rpm for 30 min), Sonication (15 min). Methods text states 20 mL Alg @ 0.6 mg/mL, 4 mL CaCl2 @ 0.67 mg/mL, and TO added at 20 mL/h. FA-CS amount is calculated from the mass ratio (X1) applied to the 12 mg of Alg in the 20 mL solution.\n- DoE Mapping: No DoE codes used. Table 2 directly lists physical values for X1 (0.03, 0.05, 0.07), X2 (1.0, 1.5, 2.0), and X3 (0.5, 1.75, 3.0).\n- Volume Logic: Total Vol is not explicitly stated. NaN (standalone conc. used in DoE).\n- CQA Pairing Strategy: Table 2 contains both the formulation inputs (X1, X2, X3) and the corresponding CQA outputs (Y1: Size, Y2: EE, Y3: LC). Zeta potential is not in Table 2 but is reported in the text for the optimized formulation (-12.61 mV). All 15 runs from Table 2 are extracted with their paired Size and EE. Zeta is NaN for runs 1-15, and the optimized validation run is extracted separately with its full CQA set."",
  ""RUNS"": [
    ""1 | 1.0% w/v | CS (FA-grafted, 63 kDa, 91.74% DDA) | 0.36 mg | 20 mL @ 0.6 mg/mL | 0.03:1 | Poloxamer 407 | 1.75% w/v | CaCl2 | 4 mL @ 0.67 mg/mL | 1000 rpm | Room temp | 15 min | 4.9 | NaN | 175 nm | NaN | 33.1% | BBD Run 1"",
    ""2 | 1.0% w/v | CS (FA-grafted, 63 kDa, 91.74% DDA) | 0.84 mg | 20 mL @ 0.6 mg/mL | 0.07:1 | Poloxamer 407 | 1.75% w/v | CaCl2 | 4 mL @ 0.67 mg/mL | 1000 rpm | Room temp | 15 min | 4.9 | NaN | 188 nm | NaN | 28.6% | BBD Run 2"",
    ""3 | 2.0% w/v | CS (FA-grafted, 63 kDa, 91.74% DDA) | 0.36 mg | 20 mL @ 0.6 mg/mL | 0.03:1 | Poloxamer 407 | 1.75% w/v | CaCl2 | 4 mL @ 0.67 mg/mL | 1000 rpm | Room temp | 15 min | 4.9 | NaN | 279 nm | NaN | 29.2% | BBD Run 3"",
    ""4 | 2.0% w/v | CS (FA-grafted, 63 kDa, 91.74% DDA) | 0.84 mg | 20 mL @ 0.6 mg/mL | 0.07:1 | Poloxamer 407 | 1.75% w/v | CaCl2 | 4 mL @ 0.67 mg/mL | 1000 rpm | Room temp | 15 min | 4.9 | NaN | 279 nm | NaN | 25.6% | BBD Run 4"",
    ""5 | 1.5% w/v | CS (FA-grafted, 63 kDa, 91.74% DDA) | 0.36 mg | 20 mL @ 0.6 mg/mL | 0.03:1 | Poloxamer 407 | 0.50% w/v | CaCl2 | 4 mL @ 0.67 mg/mL | 1000 rpm | Room temp | 15 min | 4.9 | NaN | 310 nm | NaN | 37.1% | BBD Run 5"",
    ""6 | 1.5% w/v | CS (FA-grafted, 63 kDa, 91.74% DDA) | 0.84 mg | 20 mL @ 0.6 mg/mL | 0.07:1 | Poloxamer 407 | 0.50% w/v | CaCl2 | 4 mL @ 0.67 mg/mL | 1000 rpm | Room temp | 15 min | 4.9 | NaN | 345 nm | NaN | 33.3% | BBD Run 6"",
    ""7 | 1.5% w/v | CS (FA-grafted, 63 kDa, 91.74% DDA) | 0.36 mg | 20 mL @ 0.6 mg/mL | 0.03:1 | Poloxamer 407 | 3.00% w/v | CaCl2 | 4 mL @ 0.67 mg/mL | 1000 rpm | Room temp | 15 min | 4.9 | NaN | 297 nm | NaN | 23.3% | BBD Run 7"",
    ""8 | 1.5% w/v | CS (FA-grafted, 63 kDa, 91.74% DDA) | 0.84 mg | 20 mL @ 0.6 mg/mL | 0.07:1 | Poloxamer 407 | 3.00% w/v | CaCl2 | 4 mL @ 0.67 mg/mL | 1000 rpm | Room temp | 15 min | 4.9 | NaN | 278 nm | NaN | 23.0% | BBD Run 8"",
    ""9 | 1.0% w/v | CS (FA-grafted, 63 kDa, 91.74% DDA) | 0.60 mg | 20 mL @ 0.6 mg/mL | 0.05:1 | Poloxamer 407 | 0.50% w/v | CaCl2 | 4 mL @ 0.67 mg/mL | 1000 rpm | Room temp | 15 min | 4.9 | NaN | 230 nm | NaN | 33.2% | BBD Run 9"",
    ""10 | 2.0% w/v | CS (FA-grafted, 63 kDa, 91.74% DDA) | 0.60 mg | 20 mL @ 0.6 mg/mL | 0.05:1 | Poloxamer 407 | 0.50% w/v | CaCl2 | 4 mL @ 0.67 mg/mL | 1000 rpm | Room temp | 15 min | 4.9 | NaN | 365 nm | NaN | 38.3% | BBD Run 10"",
    ""11 | 1.0% w/v | CS (FA-grafted, 63 kDa, 91.74% DDA) | 0.60 mg | 20 mL @ 0.6 mg/mL | 0.05:1 | Poloxamer 407 | 3.00% w/v | CaCl2 | 4 mL @ 0.67 mg/mL | 1000 rpm | Room temp | 15 min | 4.9 | NaN | 250 nm | NaN | 28.0% | BBD Run 11"",
    ""12 | 2.0% w/v | CS (FA-grafted, 63 kDa, 91.74% DDA) | 0.60 mg | 20 mL @ 0.6 mg/mL | 0.05:1 | Poloxamer 407 | 3.00% w/v | CaCl2 | 4 mL @ 0.67 mg/mL | 1000 rpm | Room temp | 15 min | 4.9 | NaN | 310 nm | NaN | 16.9% | BBD Run 12"",
    ""13 | 1.5% w/v | CS (FA-grafted, 63 kDa, 91.74% DDA) | 0.60 mg | 20 mL @ 0.6 mg/mL | 0.05:1 | Poloxamer 407 | 1.75% w/v | CaCl2 | 4 mL @ 0.67 mg/mL | 1000 rpm | Room temp | 15 min | 4.9 | NaN | 244 nm | NaN | 28.2% | BBD Run 13 (Center point)"",
    ""14 | 1.5% w/v | CS (FA-grafted, 63 kDa, 91.74% DDA) | 0.60 mg | 20 mL @ 0.6 mg/mL | 0.05:1 | Poloxamer 407 | 1.75% w/v | CaCl2 | 4 mL @ 0.67 mg/mL | 1000 rpm | Room temp | 15 min | 4.9 | NaN | 248 nm | NaN | 28.8% | BBD Run 14 (Center point)"",
    ""15 | 1.5% w/v | CS (FA-grafted, 63 kDa, 91.74% DDA) | 0.60 mg | 20 mL @ 0.6 mg/mL | 0.05:1 | Poloxamer 407 | 1.75% w/v | CaCl2 | 4 mL @ 0.67 mg/mL | 1000 rpm | Room temp | 15 min | 4.9 | NaN | 258 nm | NaN | 28.0% | BBD Run 15 (Center point)"",
    ""Opt | 1.0% w/v | CS (FA-grafted, 63 kDa, 91.74% DDA) | 0.36 mg | 20 mL @ 0.6 mg/mL | 0.03:1 | Poloxamer 407 | 0.65% w/v | CaCl2 | 4 mL @ 0.67 mg/mL | 1000 rpm | Room temp | 15 min | 4.9 | NaN | 189 nm | -12.61 mV | 35.9% | Optimized validation formulation""
  ]
}",3
030.pdf,"{
  ""HEADER"": ""Alginate-coated chitosan nanoparticles for pH-dependent release of tamoxifen citrate | 10.1080/17458080.2022.2112919 | Tamoxifen citrate | Ionic gelation"",
  ""THOUGHTS"": ""- Constants & Hunted Values: Fixed pH (4.6-4.8). Chitosan dissolved in 2% glacial acetic acid. Tween 80 added as re-suspending agent (amount not specified). STPP dissolved in distilled water. Zeta potential measured at 37 C. Alginate coated nanoparticles re-suspended in calcium chloride (amount not specified). Table 1 provides ratios for Chitosan:STPP:Drug:Sodium Alginate.\n- DoE Mapping: No DoE codes used. Formulations are based on drug-polymer ratios.\n- Volume Logic: NaN (standalone ratios used in Table 1, no absolute volumes or masses specified).\n- CQA Pairing Strategy: Table 1 lists formulation inputs as ratios. Table 2 provides Average nanoparticle size and Percent entrapment efficiency. Tables 4 and 5 provide Average particle size, PDI, Zeta potential, and Percentage entrapment efficiency for uncoated and coated formulations respectively. All runs from Table 1 were successfully paired with CQA outputs from Tables 4 and 5."",
  ""RUNS"": [
    ""SH1 | 2 | Chitosan | 4 | 1 | 4:1 | Tween 80 | NaN | STPP | 1 | NaN | 25 C | NaN | 4.6 | NaN | 228 nm | 29.4 mV | 63.7% | Uncoated formulation"",
    ""SH2 | 2 | Chitosan | 5 | 1 | 5:1 | Tween 80 | NaN | STPP | 1 | NaN | 25 C | NaN | 4.6 | NaN | 239 nm | 32.7 mV | 64.5% | Uncoated formulation"",
    ""SH3 | 2 | Chitosan | 6 | 1 | 6:1 | Tween 80 | NaN | STPP | 1 | NaN | 25 C | NaN | 4.6 | NaN | 221 nm | 36.5 mV | 69.5% | Uncoated formulation"",
    ""SH4 | 2 | Chitosan | 7 | 1 | 7:1 | Tween 80 | NaN | STPP | 1 | NaN | 25 C | NaN | 4.6 | NaN | 254 nm | 41.6 mV | 72.8% | Uncoated formulation"",
    ""SH5 | 2 | Chitosan | 4 | 1 | 4:1 | Tween 80 | NaN | STPP | 1 | NaN | 25 C | NaN | 4.6 | NaN | 332 nm | -19.7 mV | 54.35% | Coated formulation"",
    ""SH6 | 2 | Chitosan | 5 | 1.5 | 5:1 | Tween 80 | NaN | STPP | 1 | NaN | 25 C | NaN | 4.6 | NaN | 379 nm | -20.3 mV | 58.51% | Coated formulation"",
    ""SH7 | 2 | Chitosan | 6 | 2 | 6:1 | Tween 80 | NaN | STPP | 1 | NaN | 25 C | NaN | 4.6 | NaN | 338 nm | -20.7 mV | 47.2% | Coated formulation"",
    ""SH8 | 2 | Chitosan | 7 | 2.5 | 7:1 | Tween 80 | NaN | STPP | 1 | NaN | 25 C | NaN | 4.6 | NaN | 429 nm | -21.6 mV | 55.5% | Coated formulation""
  ]
}",4
031.pdf,"{
  ""HEADER"": ""Application of central composite experimental design for the formulation and optimization of meropenem loaded chitosan-alginate nanoparticles | NaN | Meropenem | Ionotropic gelation"",
  ""THOUGHTS"": ""- Constants & Hunted Values: Fixed constants from methods text: 1 mL meropenem solution, 20 mL sodium alginate solution @ 0.6 mg/mL, 4 mL CaCl2 solution @ 6 mM (0.67 mg/mL), 4 mL chitosan solution. Chitosan (DDA=90%, MW=22000 Da). Sodium alginate (medium viscosity). Stirring at 1000 rpm for 10 min (plus 30 min after CaCl2). Sonication for 15 min. pH 4.9 for alginate, pH 4.6 for chitosan. Temp 25 C (from centrifugation protocol, assumed formulation temp).\n- DoE Mapping: No DoE codes used. Table 4 lists actual physical values for X1 (Meropenem concentration in mg/mL) and X2 (Alg/CS mass ratio).\n- Volume Logic: Total Vol is not explicitly stated. NaN (standalone conc. used in DoE). Meropenem is 1 mL of solution at varying concentrations. Alginate is 20 mL @ 0.6 mg/mL. CaCl2 is 4 mL @ 6 mM. Chitosan is 4 mL (concentration not stated, derived from ratio).\n- CQA Pairing Strategy: Table 4 contains both formulation inputs (X1, X2) and CQA outputs (Y1=Particle Size, Y2=Zeta Potential, Y4=Loading Capacity). Y3 is amount of meropenem in NP (mg), not EE. EE is not explicitly reported, but Y4 (Loading Capacity %) is provided. Since EE is requested and LC is not EE, EE is output as NaN. All 13 runs have paired CQAs from Table 4. Alg/CS ratio is swapped to CS/ALG ratio as required."",
  ""RUNS"": [
    ""1 | 1 mL @ 1 mg/mL | CS (DDA=90%, MW=22000 Da) | 4 mL | 20 mL @ 0.6 mg/mL | 1:5 | NaN | NaN | CaCl2 | 4 mL @ 6 mM | 1000 rpm | 25 C | 15 min | 4.6 | NaN | 616.72 nm | -29.9 mV | NaN | Alg/CS ratio 5:1 swapped to CS:ALG 1:5"",
    ""2 | 1 mL @ 2.5 mg/mL | CS (DDA=90%, MW=22000 Da) | 4 mL | 20 mL @ 0.6 mg/mL | 1:9.8 | NaN | NaN | CaCl2 | 4 mL @ 6 mM | 1000 rpm | 25 C | 15 min | 4.6 | NaN | 611.18 nm | -29.8 mV | NaN | Alg/CS ratio 9.8:1 swapped to CS:ALG 1:9.8"",
    ""3 | 1 mL @ 2.5 mg/mL | CS (DDA=90%, MW=22000 Da) | 4 mL | 20 mL @ 0.6 mg/mL | 1:7 | NaN | NaN | CaCl2 | 4 mL @ 6 mM | 1000 rpm | 25 C | 15 min | 4.6 | NaN | 466.3 nm | -29.4 mV | NaN | Alg/CS ratio 7:1 swapped to CS:ALG 1:7"",
    ""4 | 1 mL @ 2.5 mg/mL | CS (DDA=90%, MW=22000 Da) | 4 mL | 20 mL @ 0.6 mg/mL | 1:7 | NaN | NaN | CaCl2 | 4 mL @ 6 mM | 1000 rpm | 25 C | 15 min | 4.6 | NaN | 487.7 nm | -29.93 mV | NaN | Alg/CS ratio 7:1 swapped to CS:ALG 1:7"",
    ""5 | 1 mL @ 0.4 mg/mL | CS (DDA=90%, MW=22000 Da) | 4 mL | 20 mL @ 0.6 mg/mL | 1:7 | NaN | NaN | CaCl2 | 4 mL @ 6 mM | 1000 rpm | 25 C | 15 min | 4.6 | NaN | 483.07 nm | -29.63 mV | NaN | Alg/CS ratio 7:1 swapped to CS:ALG 1:7"",
    ""6 | 1 mL @ 4.6 mg/mL | CS (DDA=90%, MW=22000 Da) | 4 mL | 20 mL @ 0.6 mg/mL | 1:7 | NaN | NaN | CaCl2 | 4 mL @ 6 mM | 1000 rpm | 25 C | 15 min | 4.6 | NaN | 451.9 nm | -28.03 mV | NaN | Alg/CS ratio 7:1 swapped to CS:ALG 1:7"",
    ""7 | 1 mL @ 2.5 mg/mL | CS (DDA=90%, MW=22000 Da) | 4 mL | 20 mL @ 0.6 mg/mL | 1:7 | NaN | NaN | CaCl2 | 4 mL @ 6 mM | 1000 rpm | 25 C | 15 min | 4.6 | NaN | 525.68 nm | -29.07 mV | NaN | Alg/CS ratio 7:1 swapped to CS:ALG 1:7"",
    ""8 | 1 mL @ 2.5 mg/mL | CS (DDA=90%, MW=22000 Da) | 4 mL | 20 mL @ 0.6 mg/mL | 1:7 | NaN | NaN | CaCl2 | 4 mL @ 6 mM | 1000 rpm | 25 C | 15 min | 4.6 | NaN | 609.25 nm | -29.87 mV | NaN | Alg/CS ratio 7:1 swapped to CS:ALG 1:7"",
    ""9 | 1 mL @ 4 mg/mL | CS (DDA=90%, MW=22000 Da) | 4 mL | 20 mL @ 0.6 mg/mL | 1:5 | NaN | NaN | CaCl2 | 4 mL @ 6 mM | 1000 rpm | 25 C | 15 min | 4.6 | NaN | 606.93 nm | -29.08 mV | NaN | Alg/CS ratio 5:1 swapped to CS:ALG 1:5"",
    ""10 | 1 mL @ 2.5 mg/mL | CS (DDA=90%, MW=22000 Da) | 4 mL | 20 mL @ 0.6 mg/mL | 1:7 | NaN | NaN | CaCl2 | 4 mL @ 6 mM | 1000 rpm | 25 C | 15 min | 4.6 | NaN | 506.05 nm | -28.4 mV | NaN | Alg/CS ratio 7:1 swapped to CS:ALG 1:7"",
    ""11 | 1 mL @ 4 mg/mL | CS (DDA=90%, MW=22000 Da) | 4 mL | 20 mL @ 0.6 mg/mL | 1:9 | NaN | NaN | CaCl2 | 4 mL @ 6 mM | 1000 rpm | 25 C | 15 min | 4.6 | NaN | 502.47 nm | -30.62 mV | NaN | Alg/CS ratio 9:1 swapped to CS:ALG 1:9"",
    ""12 | 1 mL @ 2.5 mg/mL | CS (DDA=90%, MW=22000 Da) | 4 mL | 20 mL @ 0.6 mg/mL | 1:4.2 | NaN | NaN | CaCl2 | 4 mL @ 6 mM | 1000 rpm | 25 C | 15 min | 4.6 | NaN | 750.1 nm | -28.7 mV | NaN | Alg/CS ratio 4.2:1 swapped to CS:ALG 1:4.2"",
    ""13 | 1 mL @ 1 mg/mL | CS (DDA=90%, MW=22000 Da) | 4 mL | 20 mL @ 0.6 mg/mL | 1:9 | NaN | NaN | CaCl2 | 4 mL @ 6 mM | 1000 rpm | 25 C | 15 min | 4.6 | NaN | 326.82 nm | -27.45 mV | NaN | Alg/CS ratio 9:1 swapped to CS:ALG 1:9""
  ]
}",5
032.pdf,"{
  ""HEADER"": ""Design and Optimization of Chitosan-Alginate Nanoparticles for Plant Growth Hormone Indole-3-Acetic Acid | DOI Missing | Indole-3-acetic acid (IAA) | O/w emulsification and ionotropic gelation"",
  ""THOUGHTS"": ""- Constants & Hunted Values: Methods text states fixed constants for all runs: 20 mL of alginate solution (0.6 mg/mL, pH 4.9), 4 mL of CaCl2 solution (0.67 mg/mL), and 4 mL of chitosan solution (pH 4.6). Stirring was 1000 rpm. Sonication time was 15 min. Temp was room temperature (~25 C). IAA was added as an ethanolic solution to the alginate mixture, so its amount is expressed as a standalone concentration.\n- DoE Mapping: No DoE codes used. Table 2 directly lists physical values for ALG:CS ratio, Tween 80 (% w/v), and IAA (mg/mL).\n- Volume Logic: Total Vol is not explicitly stated. NaN (standalone conc. only).\n- CQA Pairing Strategy: Table 2 contains both the formulation inputs (X1, X2, X3) and their corresponding CQA outputs (Y1, Y2, Y3) for all 15 runs. All extracted runs are successfully paired."",
  ""RUNS"": [
    ""1 | 10 mg/mL | CS (MW 75,000, 85% DDA) | 4 mL | 20 mL @ 0.6 mg/mL | 0.10:1 | Tween 80 | 1% w/v | CaCl2 | 4 mL @ 0.67 mg/mL | 1000 rpm | 25 C | 15 min | 4.6 | NaN | 303 nm | -25.9 mV | 52% | DoE used ALG:CS ratio, swapped to CS:ALG"",
    ""2 | 10 mg/mL | CS (MW 75,000, 85% DDA) | 4 mL | 20 mL @ 0.6 mg/mL | 0.15:1 | Tween 80 | 1% w/v | CaCl2 | 4 mL @ 0.67 mg/mL | 1000 rpm | 25 C | 15 min | 4.6 | NaN | 516 nm | -19.8 mV | 62% | DoE used ALG:CS ratio, swapped to CS:ALG"",
    ""3 | 10 mg/mL | CS (MW 75,000, 85% DDA) | 4 mL | 20 mL @ 0.6 mg/mL | 0.10:1 | Tween 80 | 3% w/v | CaCl2 | 4 mL @ 0.67 mg/mL | 1000 rpm | 25 C | 15 min | 4.6 | NaN | 441 nm | -22.6 mV | 57% | DoE used ALG:CS ratio, swapped to CS:ALG"",
    ""4 | 10 mg/mL | CS (MW 75,000, 85% DDA) | 4 mL | 20 mL @ 0.6 mg/mL | 0.15:1 | Tween 80 | 3% w/v | CaCl2 | 4 mL @ 0.67 mg/mL | 1000 rpm | 25 C | 15 min | 4.6 | NaN | 541 nm | -16.9 mV | 62% | DoE used ALG:CS ratio, swapped to CS:ALG"",
    ""5 | 5 mg/mL | CS (MW 75,000, 85% DDA) | 4 mL | 20 mL @ 0.6 mg/mL | 0.10:1 | Tween 80 | 2% w/v | CaCl2 | 4 mL @ 0.67 mg/mL | 1000 rpm | 25 C | 15 min | 4.6 | NaN | 265 nm | -24.2 mV | 35% | DoE used ALG:CS ratio, swapped to CS:ALG"",
    ""6 | 5 mg/mL | CS (MW 75,000, 85% DDA) | 4 mL | 20 mL @ 0.6 mg/mL | 0.15:1 | Tween 80 | 2% w/v | CaCl2 | 4 mL @ 0.67 mg/mL | 1000 rpm | 25 C | 15 min | 4.6 | NaN | 426 nm | -18.8 mV | 50% | DoE used ALG:CS ratio, swapped to CS:ALG"",
    ""7 | 15 mg/mL | CS (MW 75,000, 85% DDA) | 4 mL | 20 mL @ 0.6 mg/mL | 0.10:1 | Tween 80 | 2% w/v | CaCl2 | 4 mL @ 0.67 mg/mL | 1000 rpm | 25 C | 15 min | 4.6 | NaN | 309 nm | -21.3 mV | 66% | DoE used ALG:CS ratio, swapped to CS:ALG"",
    ""8 | 15 mg/mL | CS (MW 75,000, 85% DDA) | 4 mL | 20 mL @ 0.6 mg/mL | 0.15:1 | Tween 80 | 2% w/v | CaCl2 | 4 mL @ 0.67 mg/mL | 1000 rpm | 25 C | 15 min | 4.6 | NaN | 470 nm | -16.6 mV | 59% | DoE used ALG:CS ratio, swapped to CS:ALG"",
    ""9 | 5 mg/mL | CS (MW 75,000, 85% DDA) | 4 mL | 20 mL @ 0.6 mg/mL | 0.125:1 | Tween 80 | 1% w/v | CaCl2 | 4 mL @ 0.67 mg/mL | 1000 rpm | 25 C | 15 min | 4.6 | NaN | 404 nm | -20.6 mV | 36% | DoE used ALG:CS ratio, swapped to CS:ALG"",
    ""10 | 5 mg/mL | CS (MW 75,000, 85% DDA) | 4 mL | 20 mL @ 0.6 mg/mL | 0.125:1 | Tween 80 | 3% w/v | CaCl2 | 4 mL @ 0.67 mg/mL | 1000 rpm | 25 C | 15 min | 4.6 | NaN | 478 nm | -18.2 mV | 46% | DoE used ALG:CS ratio, swapped to CS:ALG"",
    ""11 | 15 mg/mL | CS (MW 75,000, 85% DDA) | 4 mL | 20 mL @ 0.6 mg/mL | 0.125:1 | Tween 80 | 1% w/v | CaCl2 | 4 mL @ 0.67 mg/mL | 1000 rpm | 25 C | 15 min | 4.6 | NaN | 424 nm | -19.3 mV | 70% | DoE used ALG:CS ratio, swapped to CS:ALG"",
    ""12 | 15 mg/mL | CS (MW 75,000, 85% DDA) | 4 mL | 20 mL @ 0.6 mg/mL | 0.125:1 | Tween 80 | 3% w/v | CaCl2 | 4 mL @ 0.67 mg/mL | 1000 rpm | 25 C | 15 min | 4.6 | NaN | 524 nm | -15.3 mV | 63% | DoE used ALG:CS ratio, swapped to CS:ALG"",
    ""13 | 10 mg/mL | CS (MW 75,000, 85% DDA) | 4 mL | 20 mL @ 0.6 mg/mL | 0.125:1 | Tween 80 | 2% w/v | CaCl2 | 4 mL @ 0.67 mg/mL | 1000 rpm | 25 C | 15 min | 4.6 | NaN | 438 nm | -16.1 mV | 70.1% | DoE used ALG:CS ratio, swapped to CS:ALG"",
    ""14 | 10 mg/mL | CS (MW 75,000, 85% DDA) | 4 mL | 20 mL @ 0.6 mg/mL | 0.125:1 | Tween 80 | 2% w/v | CaCl2 | 4 mL @ 0.67 mg/mL | 1000 rpm | 25 C | 15 min | 4.6 | NaN | 421 nm | -17.1 mV | 68% | DoE used ALG:CS ratio, swapped to CS:ALG"",
    ""15 | 10 mg/mL | CS (MW 75,000, 85% DDA) | 4 mL | 20 mL @ 0.6 mg/mL | 0.125:1 | Tween 80 | 2% w/v | CaCl2 | 4 mL @ 0.67 mg/mL | 1000 rpm | 25 C | 15 min | 4.6 | NaN | 447 nm | -15.8 mV | 70% | DoE used ALG:CS ratio, swapped to CS:ALG""
  ]
}",6
033.pdf,"{
  ""HEADER"": ""Preparation of Chitosan-Alginate Nanoparticles for Trans-cinnamaldehyde Entrapment | 10.1111/1750-3841.12997 | Trans-cinnamaldehyde | Ionic gelation"",
  ""THOUGHTS"": ""- Constants & Hunted Values: Fixed pH (Alginate=4.6, Chitosan=4.9). Methods text states TC dissolved in acetonitrile:water at 20 mg/mL, 2 mL used. Alginate: 250 mL @ 0.06% w/v. CaCl2: 15 mL @ 0.2% w/v. Chitosan: 200 mL @ 0.05% w/v. Surfactant Tween 20 mentioned in materials but not quantified in methods. Sonication time is 15 min. Homogenization at 21000 rpm.\n- DoE Mapping: No DoE codes used. Tables present physical values directly.\n- Volume Logic: Total Vol is not explicitly stated as a single final volume, but individual component volumes are given in the final methodology text.\n- CQA Pairing Strategy: CQA outputs (Size, EE) are located in Tables 2, 3, 4, 5, 6, and 8. Zeta potential is not reported anywhere in the document. All extracted runs have been successfully paired with their corresponding Size and EE outputs from the respective tables."",
  ""RUNS"": [
    ""1 | 2 mL @ 20 mg/mL | CS (Low MW, 90% DDA) | 200 mL @ 0.05% w/v | 250 mL @ 0.06% w/v | 1:1.5 | NaN | NaN | CaCl2 | 15 mL @ 0.2% w/v | 90 min | 25 C | 15 min | 4.7 | NaN | 648.08 nm | NaN | 40.17% | AG:CS ratio 5:1, swapped to CS:AG"",
    ""2 | 2 mL @ 20 mg/mL | CS (Low MW, 90% DDA) | 200 mL @ 0.05% w/v | 250 mL @ 0.06% w/v | 1:2 | NaN | NaN | CaCl2 | 15 mL @ 0.2% w/v | 90 min | 25 C | 15 min | 4.7 | NaN | 375.29 nm | NaN | 57.60% | AG:CS ratio 2:1, swapped to CS:AG"",
    ""3 | 2 mL @ 20 mg/mL | CS (Low MW, 90% DDA) | 200 mL @ 0.05% w/v | 250 mL @ 0.06% w/v | 1:1.5 | NaN | NaN | CaCl2 | 15 mL @ 0.2% w/v | 90 min | 25 C | 15 min | 4.7 | NaN | 294.78 nm | NaN | 60.61% | AG:CS ratio 1.5:1, swapped to CS:AG. Parent formulation."",
    ""4 | 2 mL @ 20 mg/mL | CS (Low MW, 90% DDA) | 200 mL @ 0.05% w/v | 250 mL @ 0.06% w/v | 1:1.5 | NaN | NaN | CaCl2 | 15 mL @ 0.2% w/v | 90 min | 25 C | 15 min | 4.7 | NaN | 303.93 nm | NaN | 65.58% | AG:Oil ratio optimized to 37.5:1"",
    ""5 | 2 mL @ 20 mg/mL | CS (Low MW, 90% DDA) | 200 mL @ 0.05% w/v | 250 mL @ 0.06% w/v | 1:1.5 | NaN | NaN | CaCl2 | 15 mL @ 0.2% w/v | 90 min | 25 C | 15 min | 4.7 | NaN | 213.01 nm | NaN | 65.18% | 18 gauge syringe needle"",
    ""6 | 2 mL @ 20 mg/mL | CS (Low MW, 90% DDA) | 200 mL @ 0.05% w/v | 250 mL @ 0.06% w/v | 1:1.5 | NaN | NaN | CaCl2 | 15 mL @ 0.2% w/v | 90 min | 25 C | 15 min | 4.7 | NaN | 263.23 nm | NaN | 60.48% | Homogenization time 15 min"",
    ""7 | 2 mL @ 20 mg/mL | CS (Low MW, 90% DDA) | 200 mL @ 0.05% w/v | 250 mL @ 0.06% w/v | 1:1.5 | NaN | NaN | CaCl2 | 15 mL @ 0.2% w/v | 45 min | 25 C | 15 min | 4.7 | NaN | 401.53 nm | NaN | 58.58% | Total stirring time 45 min"",
    ""8 | 2 mL @ 20 mg/mL | CS (Low MW, 90% DDA) | 200 mL @ 0.05% w/v | 250 mL @ 0.06% w/v | 1:1.5 | NaN | NaN | CaCl2 | 15 mL @ 0.2% w/v | 180 min | 25 C | 15 min | 4.7 | NaN | 384.41 nm | NaN | 60.16% | Total stirring time 180 min"",
    ""9 | 2 mL @ 20 mg/mL | CS (Low MW, 90% DDA) | 200 mL @ 0.05% w/v | 250 mL @ 0.06% w/v | 1:1.5 | NaN | NaN | CaCl2 | 15 mL @ 0.2% w/v | 90 min | 25 C | 15 min | 4.7 | NaN | 406.12 nm | NaN | 48.03% | Equilibration time 12 h"",
    ""10 | 2 mL @ 20 mg/mL | CS (Low MW, 90% DDA) | 200 mL @ 0.05% w/v | 250 mL @ 0.06% w/v | 1:1.5 | NaN | NaN | CaCl2 | 15 mL @ 0.2% w/v | 90 min | 25 C | 15 min | 4.7 | NaN | 310.56 nm | NaN | 57.62% | Equilibration time 48 h"",
    ""11 | 2 mL @ 20 mg/mL | CS (Low MW, 90% DDA) | 200 mL @ 0.05% w/v | 250 mL @ 0.06% w/v | 1:1.5 | NaN | NaN | CaCl2 | 15 mL @ 0.2% w/v | 90 min | 25 C | 15 min | 4.7 | NaN | 166.26 nm | NaN | 73.24% | Final optimized formulation""
  ]
}",7
034.pdf,"{
  ""HEADER"": ""Optimization and characterization of nisin-loaded alginate-chitosan nanoparticles with antimicrobial activity in lean beef | 10.1016/j.lwt.2018.01.014 | Nisaplin | Ionic gelation"",
  ""THOUGHTS"": ""- Constants & Hunted Values: Fixed volumes hunted from methods text: 1 mL Nisaplin solution, 8 mL ALG solution, 4 mL CS solution. Fixed Temp: 25 C. CS Type: Low MW (50000-190000 Da, 75-85% DDA). No surfactant or crosslinker used.\n- DoE Mapping: X1 (ALG mg/ml): -1=0.3, 0=0.5, +1=0.7. X2 (ALG/CS w/w): -1=2, 0=5, +1=8. X3 (Nisaplin mg/ml): -1=0.8, 0=2, +1=3.2.\n- Volume Logic: Total Vol is 13 mL (1 mL Nisaplin + 8 mL ALG + 4 mL CS), explicitly stated in methods.\n- CQA Pairing Strategy: Table 2 contains both DoE inputs and observed CQA outputs (Y1=EE, Y2=z-average, Y3=zeta potential) for all 15 runs. All runs paired."",
  ""RUNS"": [
    ""1 | 1 mL @ 3.2 mg/mL | CS (Low MW, 75-85% DDA) | 4 mL @ 0.14 mg/mL | 8 mL @ 0.7 mg/mL | 1:5 | NaN | NaN | NaN | NaN | NaN | 25 C | NaN | NaN | 13 mL | 204 nm | -38.7 mV | 30.5% | NaN"",
    ""2 | 1 mL @ 0.8 mg/mL | CS (Low MW, 75-85% DDA) | 4 mL @ 0.06 mg/mL | 8 mL @ 0.3 mg/mL | 1:5 | NaN | NaN | NaN | NaN | NaN | 25 C | NaN | NaN | 13 mL | 57 nm | -46.0 mV | 23.7% | NaN"",
    ""3 | 1 mL @ 0.8 mg/mL | CS (Low MW, 75-85% DDA) | 4 mL @ 0.0625 mg/mL | 8 mL @ 0.5 mg/mL | 1:8 | NaN | NaN | NaN | NaN | NaN | 25 C | NaN | NaN | 13 mL | 61 nm | -50.0 mV | 19.3% | NaN"",
    ""4 | 1 mL @ 2 mg/mL | CS (Low MW, 75-85% DDA) | 4 mL @ 0.35 mg/mL | 8 mL @ 0.7 mg/mL | 1:2 | NaN | NaN | NaN | NaN | NaN | 25 C | NaN | NaN | 13 mL | 472 nm | -29.8 mV | 15.1% | NaN"",
    ""5 | 1 mL @ 3.2 mg/mL | CS (Low MW, 75-85% DDA) | 4 mL @ 0.0625 mg/mL | 8 mL @ 0.5 mg/mL | 1:8 | NaN | NaN | NaN | NaN | NaN | 25 C | NaN | NaN | 13 mL | 93 nm | -34.6 mV | 31.9% | NaN"",
    ""6 | 1 mL @ 2 mg/mL | CS (Low MW, 75-85% DDA) | 4 mL @ 0.1 mg/mL | 8 mL @ 0.5 mg/mL | 1:5 | NaN | NaN | NaN | NaN | NaN | 25 C | NaN | NaN | 13 mL | 112 nm | -42.1 mV | 21.8% | NaN"",
    ""7 | 1 mL @ 0.8 mg/mL | CS (Low MW, 75-85% DDA) | 4 mL @ 0.14 mg/mL | 8 mL @ 0.7 mg/mL | 1:5 | NaN | NaN | NaN | NaN | NaN | 25 C | NaN | NaN | 13 mL | 104 nm | -53.2 mV | 12.1% | NaN"",
    ""8 | 1 mL @ 2 mg/mL | CS (Low MW, 75-85% DDA) | 4 mL @ 0.0625 mg/mL | 8 mL @ 0.3 mg/mL | 1:8 | NaN | NaN | NaN | NaN | NaN | 25 C | NaN | NaN | 13 mL | 122 nm | -33.1 mV | 21.7% | NaN"",
    ""9 | 1 mL @ 2 mg/mL | CS (Low MW, 75-85% DDA) | 4 mL @ 0.15 mg/mL | 8 mL @ 0.3 mg/mL | 1:2 | NaN | NaN | NaN | NaN | NaN | 25 C | NaN | NaN | 13 mL | 403 nm | -31.0 mV | 23.2% | NaN"",
    ""10 | 1 mL @ 2 mg/mL | CS (Low MW, 75-85% DDA) | 4 mL @ 0.1 mg/mL | 8 mL @ 0.5 mg/mL | 1:5 | NaN | NaN | NaN | NaN | NaN | 25 C | NaN | NaN | 13 mL | 106 nm | -42.0 mV | 21.2% | NaN"",
    ""11 | 1 mL @ 2 mg/mL | CS (Low MW, 75-85% DDA) | 4 mL @ 0.1 mg/mL | 8 mL @ 0.5 mg/mL | 1:5 | NaN | NaN | NaN | NaN | NaN | 25 C | NaN | NaN | 13 mL | 175 nm | -41.0 mV | 19.6% | NaN"",
    ""12 | 1 mL @ 0.8 mg/mL | CS (Low MW, 75-85% DDA) | 4 mL @ 0.25 mg/mL | 8 mL @ 0.5 mg/mL | 1:2 | NaN | NaN | NaN | NaN | NaN | 25 C | NaN | NaN | 13 mL | 418 nm | -44.3 mV | 26.5% | NaN"",
    ""13 | 1 mL @ 3.2 mg/mL | CS (Low MW, 75-85% DDA) | 4 mL @ 0.25 mg/mL | 8 mL @ 0.5 mg/mL | 1:2 | NaN | NaN | NaN | NaN | NaN | 25 C | NaN | NaN | 13 mL | 377 nm | -23.7 mV | 32.4% | NaN"",
    ""14 | 1 mL @ 2 mg/mL | CS (Low MW, 75-85% DDA) | 4 mL @ 0.0875 mg/mL | 8 mL @ 0.7 mg/mL | 1:8 | NaN | NaN | NaN | NaN | NaN | 25 C | NaN | NaN | 13 mL | 40 nm | -45.6 mV | 15.9% | NaN"",
    ""15 | 1 mL @ 3.2 mg/mL | CS (Low MW, 75-85% DDA) | 4 mL @ 0.06 mg/mL | 8 mL @ 0.3 mg/mL | 1:5 | NaN | NaN | NaN | NaN | NaN | 25 C | NaN | NaN | 13 mL | 86 nm | -33.2 mV | 35.6% | NaN""
  ]
}",8
035.pdf,"{
  ""HEADER"": ""Design for optimization of nanoparticles integrating biomaterials for orally dosed insulin | DOI Missing | Insulin | Ionotropic pregelation"",
  ""THOUGHTS"": ""- Constants & Hunted Values: Fixed constants from methods text: Alginate (0.06% w/v), Dextran sulfate (0.04% w/v), Poloxamer 188 (0.04% w/v), Insulin (0.006% w/v). Fixed volumes: 117.5 mL alginate/dextran sulfate/poloxamer/insulin solution, 7.5 mL CaCl2 solution, 25 mL chitosan solution, 25 mL BSA solution. Chitosan MW = 50 kDa. pH values: Alginate solution pH 4.9, Chitosan solution pH 4.6, BSA solution pH 5.1.\n- DoE Mapping: No DoE codes used. Table 2 directly lists the real physical concentration values for X1 (CaCl2), X2 (Chitosan), and X3 (BSA).\n- Volume Logic: Total Vol is not explicitly stated as a single final volume, but summing the explicitly stated component volumes (117.5 + 7.5 + 25 + 25) gives 175 mL. Output as '175 mL (sum of stated component volumes)'.\n- CQA Pairing Strategy: Table 2 provides both the formulation inputs (CaCl2, Chitosan, BSA concentrations) and the corresponding CQA outputs (Size, Zeta, EE) for all 15 runs. All extracted runs are successfully paired."",
  ""RUNS"": [
    ""1 | 117.5 mL @ 0.006% w/v | CS (Low MW, 50 kDa) | 25 mL @ 0.04% w/v | 117.5 mL @ 0.06% w/v | NaN | Poloxamer 188 | 117.5 mL @ 0.04% w/v | CaCl2 + BSA | 7.5 mL @ 0.20% w/v + 25 mL @ 0.50% w/v | NaN | 25 C | NaN | 4.6 | 175 mL (sum of stated component volumes) | 394 nm | -44.5 mV | 100% | Dextran sulfate also included at 117.5 mL @ 0.04% w/v"",
    ""2 | 117.5 mL @ 0.006% w/v | CS (Low MW, 50 kDa) | 25 mL @ 0.04% w/v | 117.5 mL @ 0.06% w/v | NaN | Poloxamer 188 | 117.5 mL @ 0.04% w/v | CaCl2 + BSA | 7.5 mL @ 0.24% w/v + 25 mL @ 0.50% w/v | NaN | 25 C | NaN | 4.6 | 175 mL (sum of stated component volumes) | 540 nm | -44.3 mV | 100% | Dextran sulfate also included at 117.5 mL @ 0.04% w/v"",
    ""3 | 117.5 mL @ 0.006% w/v | CS (Low MW, 50 kDa) | 25 mL @ 0.11% w/v | 117.5 mL @ 0.06% w/v | NaN | Poloxamer 188 | 117.5 mL @ 0.04% w/v | CaCl2 + BSA | 7.5 mL @ 0.20% w/v + 25 mL @ 0.50% w/v | NaN | 25 C | NaN | 4.6 | 175 mL (sum of stated component volumes) | 472 nm | -40.0 mV | 89% | Dextran sulfate also included at 117.5 mL @ 0.04% w/v"",
    ""4 | 117.5 mL @ 0.006% w/v | CS (Low MW, 50 kDa) | 25 mL @ 0.11% w/v | 117.5 mL @ 0.06% w/v | NaN | Poloxamer 188 | 117.5 mL @ 0.04% w/v | CaCl2 + BSA | 7.5 mL @ 0.24% w/v + 25 mL @ 0.50% w/v | NaN | 25 C | NaN | 4.6 | 175 mL (sum of stated component volumes) | 543 nm | -39.5 mV | 93% | Dextran sulfate also included at 117.5 mL @ 0.04% w/v"",
    ""5 | 117.5 mL @ 0.006% w/v | CS (Low MW, 50 kDa) | 25 mL @ 0.07% w/v | 117.5 mL @ 0.06% w/v | NaN | Poloxamer 188 | 117.5 mL @ 0.04% w/v | CaCl2 + BSA | 7.5 mL @ 0.20% w/v + 25 mL @ 0.25% w/v | NaN | 25 C | NaN | 4.6 | 175 mL (sum of stated component volumes) | 488 nm | -40.5 mV | 94% | Dextran sulfate also included at 117.5 mL @ 0.04% w/v"",
    ""6 | 117.5 mL @ 0.006% w/v | CS (Low MW, 50 kDa) | 25 mL @ 0.07% w/v | 117.5 mL @ 0.06% w/v | NaN | Poloxamer 188 | 117.5 mL @ 0.04% w/v | CaCl2 + BSA | 7.5 mL @ 0.24% w/v + 25 mL @ 0.25% w/v | NaN | 25 C | NaN | 4.6 | 175 mL (sum of stated component volumes) | 588 nm | -39.5 mV | 100% | Dextran sulfate also included at 117.5 mL @ 0.04% w/v"",
    ""7 | 117.5 mL @ 0.006% w/v | CS (Low MW, 50 kDa) | 25 mL @ 0.07% w/v | 117.5 mL @ 0.06% w/v | NaN | Poloxamer 188 | 117.5 mL @ 0.04% w/v | CaCl2 + BSA | 7.5 mL @ 0.20% w/v + 25 mL @ 0.75% w/v | NaN | 25 C | NaN | 4.6 | 175 mL (sum of stated component volumes) | 406 nm | -38.8 mV | 85% | Dextran sulfate also included at 117.5 mL @ 0.04% w/v"",
    ""8 | 117.5 mL @ 0.006% w/v | CS (Low MW, 50 kDa) | 25 mL @ 0.07% w/v | 117.5 mL @ 0.06% w/v | NaN | Poloxamer 188 | 117.5 mL @ 0.04% w/v | CaCl2 + BSA | 7.5 mL @ 0.24% w/v + 25 mL @ 0.75% w/v | NaN | 25 C | NaN | 4.6 | 175 mL (sum of stated component volumes) | 507 nm | -36.6 mV | 88% | Dextran sulfate also included at 117.5 mL @ 0.04% w/v"",
    ""9 | 117.5 mL @ 0.006% w/v | CS (Low MW, 50 kDa) | 25 mL @ 0.04% w/v | 117.5 mL @ 0.06% w/v | NaN | Poloxamer 188 | 117.5 mL @ 0.04% w/v | CaCl2 + BSA | 7.5 mL @ 0.22% w/v + 25 mL @ 0.25% w/v | NaN | 25 C | NaN | 4.6 | 175 mL (sum of stated component volumes) | 516 nm | -44.3 mV | 100% | Dextran sulfate also included at 117.5 mL @ 0.04% w/v"",
    ""10 | 117.5 mL @ 0.006% w/v | CS (Low MW, 50 kDa) | 25 mL @ 0.11% w/v | 117.5 mL @ 0.06% w/v | NaN | Poloxamer 188 | 117.5 mL @ 0.04% w/v | CaCl2 + BSA | 7.5 mL @ 0.22% w/v + 25 mL @ 0.25% w/v | NaN | 25 C | NaN | 4.6 | 175 mL (sum of stated component volumes) | 546 nm | -38.8 mV | 100% | Dextran sulfate also included at 117.5 mL @ 0.04% w/v"",
    ""11 | 117.5 mL @ 0.006% w/v | CS (Low MW, 50 kDa) | 25 mL @ 0.04% w/v | 117.5 mL @ 0.06% w/v | NaN | Poloxamer 188 | 117.5 mL @ 0.04% w/v | CaCl2 + BSA | 7.5 mL @ 0.22% w/v + 25 mL @ 0.75% w/v | NaN | 25 C | NaN | 4.6 | 175 mL (sum of stated component volumes) | 444 nm | -40.4 mV | 90% | Dextran sulfate also included at 117.5 mL @ 0.04% w/v"",
    ""12 | 117.5 mL @ 0.006% w/v | CS (Low MW, 50 kDa) | 25 mL @ 0.11% w/v | 117.5 mL @ 0.06% w/v | NaN | Poloxamer 188 | 117.5 mL @ 0.04% w/v | CaCl2 + BSA | 7.5 mL @ 0.22% w/v + 25 mL @ 0.75% w/v | NaN | 25 C | NaN | 4.6 | 175 mL (sum of stated component volumes) | 495 nm | -38.2 mV | 90% | Dextran sulfate also included at 117.5 mL @ 0.04% w/v"",
    ""13 | 117.5 mL @ 0.006% w/v | CS (Low MW, 50 kDa) | 25 mL @ 0.07% w/v | 117.5 mL @ 0.06% w/v | NaN | Poloxamer 188 | 117.5 mL @ 0.04% w/v | CaCl2 + BSA | 7.5 mL @ 0.22% w/v + 25 mL @ 0.50% w/v | NaN | 25 C | NaN | 4.6 | 175 mL (sum of stated component volumes) | 551 nm | -37.1 mV | 94% | Dextran sulfate also included at 117.5 mL @ 0.04% w/v"",
    ""14 | 117.5 mL @ 0.006% w/v | CS (Low MW, 50 kDa) | 25 mL @ 0.07% w/v | 117.5 mL @ 0.06% w/v | NaN | Poloxamer 188 | 117.5 mL @ 0.04% w/v | CaCl2 + BSA | 7.5 mL @ 0.22% w/v + 25 mL @ 0.50% w/v | NaN | 25 C | NaN | 4.6 | 175 mL (sum of stated component volumes) | 552 nm | -37.5 mV | 94% | Dextran sulfate also included at 117.5 mL @ 0.04% w/v"",
    ""15 | 117.5 mL @ 0.006% w/v | CS (Low MW, 50 kDa) | 25 mL @ 0.07% w/v | 117.5 mL @ 0.06% w/v | NaN | Poloxamer 188 | 117.5 mL @ 0.04% w/v | CaCl2 + BSA | 7.5 mL @ 0.22% w/v + 25 mL @ 0.50% w/v | NaN | 25 C | NaN | 4.6 | 175 mL (sum of stated component volumes) | 561 nm | -37.7 mV | 95% | Dextran sulfate also included at 117.5 mL @ 0.04% w/v""
  ]
}",9
036.pdf,"{""skipped"": ""Paper not relevant""}",10
037.pdf,"{
  ""HEADER"": ""Response Surface Methodology for Statistical Optimization of Chitosan/Alginate Nanoparticles as a Vehicle for Recombinant Human Bone Morphogenetic Protein-2 Delivery | 10.2147/IJN.S257731 | rhBMP-2 | Ionotropic gelation"",
  ""THOUGHTS"": ""- Constants & Hunted Values: Fixed constants from methods text: CS stock is 10 mg/mL, Alg stock is 10 mg/mL, CaCl2 stock is 10 mg/mL. For every run: 130 µL Alg stock diluted to 3 mL (total 4 mL after adding 1 mL CaCl2 working solution). 26 µL CaCl2 stock diluted to 1 mL. 25 µL CS stock diluted to 1 mL. 4 µL rhBMP-2 (1 µg/100 µL) added. CS is Low Mw (50-190 kDa), 90% DDA. Alg is 20-40 kDa. Temp is 25 C.\n- DoE Mapping: A (pH): -1=4.8, 0=5.15, 1=5.5. B (Cs/Alg Mw ratio): -1=0.5, 0=1.75, 1=3. C (Stirring rate): -1=900, 0=1100, 1=1300.\n- Volume Logic: Total Vol is explicitly stated as 4 mL in the pre-gelation stage, plus 1 mL of CS working solution added later, plus 4 µL of API. Total volume is ~5 mL.\n- CQA Pairing Strategy: The DoE matrix in Table 1 contains both the independent variable codes and the dependent variable outputs (Size, LE, CR, Zeta, PDI, MDT) for all 17 runs. All inputs are directly paired with their CQA outputs in the same table row."",
  ""RUNS"": [
    ""1 | 4 µL @ 1 µg/100 µL | CS (Low MW, 90% DDA) | 1 mL @ 25 µL of 10 mg/mL stock | 4 mL @ 130 µL of 10 mg/mL stock | 1.75:1 | NaN | NaN | CaCl2 | 1 mL @ 26 µL of 10 mg/mL stock | 1100 rpm | 25 C | NaN | 5.15 | 5 mL | 525 nm | 34.3 mV | 25% | NaN"",
    ""2 | 4 µL @ 1 µg/100 µL | CS (Low MW, 90% DDA) | 1 mL @ 25 µL of 10 mg/mL stock | 4 mL @ 130 µL of 10 mg/mL stock | 3:1 | NaN | NaN | CaCl2 | 1 mL @ 26 µL of 10 mg/mL stock | 1300 rpm | 25 C | NaN | 5.5 | 5 mL | 611 nm | 34 mV | 19% | NaN"",
    ""3 | 4 µL @ 1 µg/100 µL | CS (Low MW, 90% DDA) | 1 mL @ 25 µL of 10 mg/mL stock | 4 mL @ 130 µL of 10 mg/mL stock | 1.75:1 | NaN | NaN | CaCl2 | 1 mL @ 26 µL of 10 mg/mL stock | 1100 rpm | 25 C | NaN | 5.15 | 5 mL | 522 nm | 35 mV | 27% | NaN"",
    ""4 | 4 µL @ 1 µg/100 µL | CS (Low MW, 90% DDA) | 1 mL @ 25 µL of 10 mg/mL stock | 4 mL @ 130 µL of 10 mg/mL stock | 3:1 | NaN | NaN | CaCl2 | 1 mL @ 26 µL of 10 mg/mL stock | 1100 rpm | 25 C | NaN | 5.5 | 5 mL | 898 nm | 23 mV | 22% | NaN"",
    ""5 | 4 µL @ 1 µg/100 µL | CS (Low MW, 90% DDA) | 1 mL @ 25 µL of 10 mg/mL stock | 4 mL @ 130 µL of 10 mg/mL stock | 0.5:1 | NaN | NaN | CaCl2 | 1 mL @ 26 µL of 10 mg/mL stock | 900 rpm | 25 C | NaN | 5.15 | 5 mL | 189 nm | 22 mV | 76% | NaN"",
    ""6 | 4 µL @ 1 µg/100 µL | CS (Low MW, 90% DDA) | 1 mL @ 25 µL of 10 mg/mL stock | 4 mL @ 130 µL of 10 mg/mL stock | 0.5:1 | NaN | NaN | CaCl2 | 1 mL @ 26 µL of 10 mg/mL stock | 1300 rpm | 25 C | NaN | 5.15 | 5 mL | 256 nm | 23 mV | 70% | NaN"",
    ""7 | 4 µL @ 1 µg/100 µL | CS (Low MW, 90% DDA) | 1 mL @ 25 µL of 10 mg/mL stock | 4 mL @ 130 µL of 10 mg/mL stock | 1.75:1 | NaN | NaN | CaCl2 | 1 mL @ 26 µL of 10 mg/mL stock | 1300 rpm | 25 C | NaN | 4.8 | 5 mL | 557 nm | 38 mV | 22% | NaN"",
    ""8 | 4 µL @ 1 µg/100 µL | CS (Low MW, 90% DDA) | 1 mL @ 25 µL of 10 mg/mL stock | 4 mL @ 130 µL of 10 mg/mL stock | 3:1 | NaN | NaN | CaCl2 | 1 mL @ 26 µL of 10 mg/mL stock | 900 rpm | 25 C | NaN | 5.15 | 5 mL | 802 nm | 23 mV | 20% | NaN"",
    ""9 | 4 µL @ 1 µg/100 µL | CS (Low MW, 90% DDA) | 1 mL @ 25 µL of 10 mg/mL stock | 4 mL @ 130 µL of 10 mg/mL stock | 0.5:1 | NaN | NaN | CaCl2 | 1 mL @ 26 µL of 10 mg/mL stock | 1100 rpm | 25 C | NaN | 5.5 | 5 mL | 275 nm | 23 mV | 72% | NaN"",
    ""10 | 4 µL @ 1 µg/100 µL | CS (Low MW, 90% DDA) | 1 mL @ 25 µL of 10 mg/mL stock | 4 mL @ 130 µL of 10 mg/mL stock | 1.75:1 | NaN | NaN | CaCl2 | 1 mL @ 26 µL of 10 mg/mL stock | 1100 rpm | 25 C | NaN | 5.15 | 5 mL | 523 nm | 37 mV | 25% | NaN"",
    ""11 | 4 µL @ 1 µg/100 µL | CS (Low MW, 90% DDA) | 1 mL @ 25 µL of 10 mg/mL stock | 4 mL @ 130 µL of 10 mg/mL stock | 3:1 | NaN | NaN | CaCl2 | 1 mL @ 26 µL of 10 mg/mL stock | 1300 rpm | 25 C | NaN | 5.15 | 5 mL | 900 nm | 39 mV | 19% | NaN"",
    ""12 | 4 µL @ 1 µg/100 µL | CS (Low MW, 90% DDA) | 1 mL @ 25 µL of 10 mg/mL stock | 4 mL @ 130 µL of 10 mg/mL stock | 0.5:1 | NaN | NaN | CaCl2 | 1 mL @ 26 µL of 10 mg/mL stock | 1100 rpm | 25 C | NaN | 4.8 | 5 mL | 235 nm | 24 mV | 70% | NaN"",
    ""13 | 4 µL @ 1 µg/100 µL | CS (Low MW, 90% DDA) | 1 mL @ 25 µL of 10 mg/mL stock | 4 mL @ 130 µL of 10 mg/mL stock | 1.75:1 | NaN | NaN | CaCl2 | 1 mL @ 26 µL of 10 mg/mL stock | 1100 rpm | 25 C | NaN | 5.15 | 5 mL | 520 nm | 37 mV | 29% | NaN"",
    ""14 | 4 µL @ 1 µg/100 µL | CS (Low MW, 90% DDA) | 1 mL @ 25 µL of 10 mg/mL stock | 4 mL @ 130 µL of 10 mg/mL stock | 1.75:1 | NaN | NaN | CaCl2 | 1 mL @ 26 µL of 10 mg/mL stock | 1100 rpm | 25 C | NaN | 5.15 | 5 mL | 519 nm | 35 mV | 27% | NaN"",
    ""15 | 4 µL @ 1 µg/100 µL | CS (Low MW, 90% DDA) | 1 mL @ 25 µL of 10 mg/mL stock | 4 mL @ 130 µL of 10 mg/mL stock | 1.75:1 | NaN | NaN | CaCl2 | 1 mL @ 26 µL of 10 mg/mL stock | 900 rpm | 25 C | NaN | 4.8 | 5 mL | 501 nm | 33 mV | 25% | NaN"",
    ""16 | 4 µL @ 1 µg/100 µL | CS (Low MW, 90% DDA) | 1 mL @ 25 µL of 10 mg/mL stock | 4 mL @ 130 µL of 10 mg/mL stock | 3:1 | NaN | NaN | CaCl2 | 1 mL @ 26 µL of 10 mg/mL stock | 1100 rpm | 25 C | NaN | 4.8 | 5 mL | 811 nm | 23 mV | 20% | NaN"",
    ""17 | 4 µL @ 1 µg/100 µL | CS (Low MW, 90% DDA) | 1 mL @ 25 µL of 10 mg/mL stock | 4 mL @ 130 µL of 10 mg/mL stock | 1.75:1 | NaN | NaN | CaCl2 | 1 mL @ 26 µL of 10 mg/mL stock | 900 rpm | 25 C | NaN | 5.15 | 5 mL | 598 nm | 33 mV | 17% | NaN""
  ]
}",11
038.pdf,"{
  ""HEADER"": ""Chitosan Alginate Nanoparticles of Protein Hydrolysate from Acheta domesticus with Enhanced Stability for Skin Delivery | 10.3390/pharmaceutics16060724 | Protein Hydrolysate (PH) | Ionotropic pre-gelation + Polyelectrolyte complex"",
  ""THOUGHTS"": ""- Constants & Hunted Values: Fixed pH (Alginate=4.9, Chitosan=4.6), Temp (25 C), Stirring (600 rpm), Sonication (15 min for pre-gel, 15 min for complex). CS Type is Low MW (50,000-190,000 Da, 75-85% DDA). No surfactant used. Total volume not explicitly stated.\n- DoE Mapping: No DoE codes used. One-factor-at-a-time (OFAT) optimization used standalone concentrations.\n- Volume Logic: NaN (standalone conc. used in OFAT and final tables).\n- CQA Pairing Strategy: Table 1 provides inputs and CQAs (Size, Zeta) for 18 blank CANP runs. Table 2 provides inputs and CQAs for 6 runs (F1-F6). EE for F4, F5, F6 is found in Figure 1 text (56%, 66%, 75%). All extracted runs have paired CQAs."",
  ""RUNS"": [
    ""1 | NaN | CS (Low MW, 75-85% DDA) | 0.2 mg/mL | 0.1 mg/mL | NaN | NaN | NaN | CaCl2 | 1.3 mg/mL | 600 rpm | 25 C | 15 min | 4.9 | NaN | 240 nm | -16.0 mV | NaN | Alginate variation"",
    ""2 | NaN | CS (Low MW, 75-85% DDA) | 0.2 mg/mL | 0.2 mg/mL | NaN | NaN | NaN | CaCl2 | 1.3 mg/mL | 600 rpm | 25 C | 15 min | 4.9 | NaN | 258 nm | -18.8 mV | NaN | Alginate variation"",
    ""3 | NaN | CS (Low MW, 75-85% DDA) | 0.2 mg/mL | 0.4 mg/mL | NaN | NaN | NaN | CaCl2 | 1.3 mg/mL | 600 rpm | 25 C | 15 min | 4.9 | NaN | 283 nm | -20.0 mV | NaN | Alginate variation"",
    ""4 | NaN | CS (Low MW, 75-85% DDA) | 0.2 mg/mL | 0.6 mg/mL | NaN | NaN | NaN | CaCl2 | 1.3 mg/mL | 600 rpm | 25 C | 15 min | 4.9 | NaN | 288 nm | -27.8 mV | NaN | Alginate variation"",
    ""5 | NaN | CS (Low MW, 75-85% DDA) | 0.2 mg/mL | 0.8 mg/mL | NaN | NaN | NaN | CaCl2 | 1.3 mg/mL | 600 rpm | 25 C | 15 min | 4.9 | NaN | 319 nm | -29.5 mV | NaN | Alginate variation"",
    ""6 | NaN | CS (Low MW, 75-85% DDA) | 0.2 mg/mL | 1.0 mg/mL | NaN | NaN | NaN | CaCl2 | 1.3 mg/mL | 600 rpm | 25 C | 15 min | 4.9 | NaN | 330 nm | -30.2 mV | NaN | Alginate variation"",
    ""7 | NaN | CS (Low MW, 75-85% DDA) | 0.2 mg/mL | 0.6 mg/mL | NaN | NaN | NaN | CaCl2 | 1.3 mg/mL | 600 rpm | 25 C | 15 min | 4.9 | NaN | 302 nm | -25.3 mV | NaN | CaCl2 variation"",
    ""8 | NaN | CS (Low MW, 75-85% DDA) | 0.2 mg/mL | 0.6 mg/mL | NaN | NaN | NaN | CaCl2 | 1.6 mg/mL | 600 rpm | 25 C | 15 min | 4.9 | NaN | 301 nm | -24.7 mV | NaN | CaCl2 variation"",
    ""9 | NaN | CS (Low MW, 75-85% DDA) | 0.2 mg/mL | 0.6 mg/mL | NaN | NaN | NaN | CaCl2 | 1.8 mg/mL | 600 rpm | 25 C | 15 min | 4.9 | NaN | 269 nm | -27.8 mV | NaN | CaCl2 variation"",
    ""10 | NaN | CS (Low MW, 75-85% DDA) | 0.2 mg/mL | 0.6 mg/mL | NaN | NaN | NaN | CaCl2 | 2.0 mg/mL | 600 rpm | 25 C | 15 min | 4.9 | NaN | 290 nm | -26.7 mV | NaN | CaCl2 variation"",
    ""11 | NaN | CS (Low MW, 75-85% DDA) | 0.2 mg/mL | 0.6 mg/mL | NaN | NaN | NaN | CaCl2 | 2.2 mg/mL | 600 rpm | 25 C | 15 min | 4.9 | NaN | 320 nm | -25.5 mV | NaN | CaCl2 variation"",
    ""12 | NaN | CS (Low MW, 75-85% DDA) | 0.2 mg/mL | 0.6 mg/mL | NaN | NaN | NaN | CaCl2 | 2.4 mg/mL | 600 rpm | 25 C | 15 min | 4.9 | NaN | 334 nm | -24.3 mV | NaN | CaCl2 variation"",
    ""13 | NaN | CS (Low MW, 75-85% DDA) | 0.1 mg/mL | 0.6 mg/mL | NaN | NaN | NaN | CaCl2 | 1.8 mg/mL | 600 rpm | 25 C | 15 min | 4.9 | NaN | 275 nm | -24.9 mV | NaN | Chitosan variation"",
    ""14 | NaN | CS (Low MW, 75-85% DDA) | 0.2 mg/mL | 0.6 mg/mL | NaN | NaN | NaN | CaCl2 | 1.8 mg/mL | 600 rpm | 25 C | 15 min | 4.9 | NaN | 284 nm | -23.6 mV | NaN | Chitosan variation"",
    ""15 | NaN | CS (Low MW, 75-85% DDA) | 0.4 mg/mL | 0.6 mg/mL | NaN | NaN | NaN | CaCl2 | 1.8 mg/mL | 600 rpm | 25 C | 15 min | 4.9 | NaN | 295 nm | -19.6 mV | NaN | Chitosan variation"",
    ""16 | NaN | CS (Low MW, 75-85% DDA) | 0.6 mg/mL | 0.6 mg/mL | NaN | NaN | NaN | CaCl2 | 1.8 mg/mL | 600 rpm | 25 C | 15 min | 4.9 | NaN | 330 nm | -18.9 mV | NaN | Chitosan variation"",
    ""17 | NaN | CS (Low MW, 75-85% DDA) | 0.8 mg/mL | 0.6 mg/mL | NaN | NaN | NaN | CaCl2 | 1.8 mg/mL | 600 rpm | 25 C | 15 min | 4.9 | NaN | 356 nm | -17.5 mV | NaN | Chitosan variation"",
    ""18 | NaN | CS (Low MW, 75-85% DDA) | 1.0 mg/mL | 0.6 mg/mL | NaN | NaN | NaN | CaCl2 | 1.8 mg/mL | 600 rpm | 25 C | 15 min | 4.9 | NaN | 393 nm | -17.2 mV | NaN | Chitosan variation"",
    ""F1 | NaN | CS (Low MW, 75-85% DDA) | 0.1 mg/mL | 0.6 mg/mL | NaN | NaN | NaN | CaCl2 | 1.8 mg/mL | 600 rpm | 25 C | 15 min | 4.9 | NaN | 275 nm | -24.9 mV | NaN | Blank CANP"",
    ""F2 | NaN | CS (Low MW, 75-85% DDA) | 0.2 mg/mL | 0.6 mg/mL | NaN | NaN | NaN | CaCl2 | 1.8 mg/mL | 600 rpm | 25 C | 15 min | 4.9 | NaN | 284 nm | -23.6 mV | NaN | Blank CANP"",
    ""F3 | NaN | CS (Low MW, 75-85% DDA) | 0.4 mg/mL | 0.6 mg/mL | NaN | NaN | NaN | CaCl2 | 1.8 mg/mL | 600 rpm | 25 C | 15 min | 4.9 | NaN | 295 nm | -19.6 mV | NaN | Blank CANP"",
    ""F4 | 1.25 mg/mL | CS (Low MW, 75-85% DDA) | 0.1 mg/mL | 0.6 mg/mL | NaN | NaN | NaN | CaCl2 | 1.8 mg/mL | 600 rpm | 25 C | 15 min | 4.9 | NaN | 309 nm | -26.0 mV | 56% | PH-loaded CANP"",
    ""F5 | 1.25 mg/mL | CS (Low MW, 75-85% DDA) | 0.2 mg/mL | 0.6 mg/mL | NaN | NaN | NaN | CaCl2 | 1.8 mg/mL | 600 rpm | 25 C | 15 min | 4.9 | NaN | 319 nm | -24.3 mV | 66% | PH-loaded CANP"",
    ""F6 | 1.25 mg/mL | CS (Low MW, 75-85% DDA) | 0.4 mg/mL | 0.6 mg/mL | NaN | NaN | NaN | CaCl2 | 1.8 mg/mL | 600 rpm | 25 C | 15 min | 4.9 | NaN | 352 nm | -22.6 mV | 75% | PH-loaded CANP""
  ]
}",12
039.pdf,"{
  ""HEADER"": ""Multivariate Statistical Optimization of a Modified Protocol of the Ionic Polyelectrolyte Pre-Gelation Method to Synthesize Alginate-Chitosan-Based Nanoparticles | 10.3390/xxx | BSA | Ionic polyelectrolyte pre-gelation"",
  ""THOUGHTS"": ""- Constants & Hunted Values: Fixed ALG volume of 2.50 mL. ALG pH 3.7, CaCl2 pH 6.8, CS pH 4.0. Sonication 55W, 20% amplitude. BSA loaded in CaCl2 solution at 1.00-2.90 mg/mL. No surfactant used. Temp not explicitly stated (assumed ambient).\n- DoE Mapping: Table 1 (Screening): [ALG] -1=0.30, +1=1.00; [CS] -1=0.30, +1=1.00; [CaCl2] -1=0.13, +1=1.00; ALG:CS -1=2.50:0.25, +1=2.50:1.00; ALG:CaCl2 -1=2.50:0.16, +1=2.50:0.46; CaCl2 FR -1=0.50, +1=2.00; CS FR -1=0.50, +1=2.00. Table 5 (RSM): adds 0 levels: [ALG]=0.65, [CS]=0.65, [CaCl2]=0.57, ALG:CS=2.50:0.63, ALG:CaCl2=2.50:0.31, CaCl2 FR=1.25, CS FR=1.25.\n- Volume Logic: Total Vol is NaN (standalone conc. and volume ratios used). ALG vol fixed at 2.50 mL, CS vol derived from ALG:CS ratio, CaCl2 vol derived from ALG:CaCl2 ratio.\n- CQA Pairing Strategy: Table 3 (preliminary, 32 runs), Table 4 (screening, 16 runs), Table 6 (RSM factorial, 32 runs), and Table 7 (RSM central/axial, 15 runs) all contain paired inputs and CQA outputs (Size, ZP, EE). All extracted runs have paired CQAs."",
  ""RUNS"": [
    ""T3-1 | NaN | CS (lactate, <=95% DDA) | 1.00 mL @ 0.30 mg/mL | 2.50 mL @ 0.30 mg/mL | 1.00:2.50 | NaN | NaN | CaCl2 + BSA | 0.16 mL @ 0.13 mg/mL | 2.00 mL/min | NaN | NaN | 3.7 | NaN | 191.6 nm | -38.5 mV | 77.1% | ALG:CS ratio swapped to CS:ALG"",
    ""T3-2 | NaN | CS (lactate, <=95% DDA) | 1.00 mL @ 0.30 mg/mL | 2.50 mL @ 0.30 mg/mL | 1.00:2.50 | NaN | NaN | CaCl2 + BSA | 0.46 mL @ 0.13 mg/mL | 2.00 mL/min | NaN | NaN | 3.7 | NaN | 144.0 nm | -31.4 mV | 60.4% | ALG:CS ratio swapped to CS:ALG"",
    ""T3-3 | NaN | CS (lactate, <=95% DDA) | 0.25 mL @ 0.30 mg/mL | 2.50 mL @ 0.30 mg/mL | 0.25:2.50 | NaN | NaN | CaCl2 + BSA | 0.16 mL @ 0.13 mg/mL | 2.00 mL/min | NaN | NaN | 3.7 | NaN | 183.2 nm | -46.4 mV | 72.1% | ALG:CS ratio swapped to CS:ALG"",
    ""T3-4 | NaN | CS (lactate, <=95% DDA) | 0.25 mL @ 0.30 mg/mL | 2.50 mL @ 0.30 mg/mL | 0.25:2.50 | NaN | NaN | CaCl2 + BSA | 0.46 mL @ 0.13 mg/mL | 2.00 mL/min | NaN | NaN | 3.7 | NaN | 146.2 nm | -44.1 mV | 42.2% | ALG:CS ratio swapped to CS:ALG"",
    ""T3-5 | NaN | CS (lactate, <=95% DDA) | 1.00 mL @ 0.30 mg/mL | 2.50 mL @ 0.30 mg/mL | 1.00:2.50 | NaN | NaN | CaCl2 + BSA | 0.16 mL @ 1.00 mg/mL | 2.00 mL/min | NaN | NaN | 3.7 | NaN | 267.9 nm | -25.6 mV | 89.4% | ALG:CS ratio swapped to CS:ALG"",
    ""T3-6 | NaN | CS (lactate, <=95% DDA) | 1.00 mL @ 0.30 mg/mL | 2.50 mL @ 0.30 mg/mL | 1.00:2.50 | NaN | NaN | CaCl2 + BSA | 0.46 mL @ 1.00 mg/mL | 2.00 mL/min | NaN | NaN | 3.7 | NaN | 332.9 nm | -19.6 mV | 62.0% | ALG:CS ratio swapped to CS:ALG"",
    ""T3-7 | NaN | CS (lactate, <=95% DDA) | 0.25 mL @ 0.30 mg/mL | 2.50 mL @ 0.30 mg/mL | 0.25:2.50 | NaN | NaN | CaCl2 + BSA | 0.16 mL @ 1.00 mg/mL | 2.00 mL/min | NaN | NaN | 3.7 | NaN | 276.7 nm | -33.6 mV | 76.4% | ALG:CS ratio swapped to CS:ALG"",
    ""T3-8 | NaN | CS (lactate, <=95% DDA) | 0.25 mL @ 0.30 mg/mL | 2.50 mL @ 0.30 mg/mL | 0.25:2.50 | NaN | NaN | CaCl2 + BSA | 0.46 mL @ 1.00 mg/mL | 2.00 mL/min | NaN | NaN | 3.7 | NaN | 292.9 nm | -29.2 mV | 72.8% | ALG:CS ratio swapped to CS:ALG"",
    ""T3-9 | NaN | CS (lactate, <=95% DDA) | 1.00 mL @ 1.00 mg/mL | 2.50 mL @ 0.30 mg/mL | 1.00:2.50 | NaN | NaN | CaCl2 + BSA | 0.16 mL @ 0.13 mg/mL | 2.00 mL/min | NaN | NaN | 3.7 | NaN | 1965.0 nm | 14.0 mV | 99.6% | ALG:CS ratio swapped to CS:ALG"",
    ""T3-10 | NaN | CS (lactate, <=95% DDA) | 1.00 mL @ 1.00 mg/mL | 2.50 mL @ 0.30 mg/mL | 1.00:2.50 | NaN | NaN | CaCl2 + BSA | 0.46 mL @ 0.13 mg/mL | 2.00 mL/min | NaN | NaN | 3.7 | NaN | 1026.0 nm | 17.0 mV | 99.3% | ALG:CS ratio swapped to CS:ALG"",
    ""T3-11 | NaN | CS (lactate, <=95% DDA) | 0.25 mL @ 1.00 mg/mL | 2.50 mL @ 0.30 mg/mL | 0.25:2.50 | NaN | NaN | CaCl2 + BSA | 0.16 mL @ 0.13 mg/mL | 2.00 mL/min | NaN | NaN | 3.7 | NaN | 240.8 nm | -39.5 mV | 77.0% | ALG:CS ratio swapped to CS:ALG"",
    ""T3-12 | NaN | CS (lactate, <=95% DDA) | 0.25 mL @ 1.00 mg/mL | 2.50 mL @ 0.30 mg/mL | 0.25:2.50 | NaN | NaN | CaCl2 + BSA | 0.46 mL @ 0.13 mg/mL | 2.00 mL/min | NaN | NaN | 3.7 | NaN | 169.9 nm | -43.1 mV | 62.5% | ALG:CS ratio swapped to CS:ALG"",
    ""T3-13 | NaN | CS (lactate, <=95% DDA) | 1.00 mL @ 1.00 mg/mL | 2.50 mL @ 0.30 mg/mL | 1.00:2.50 | NaN | NaN | CaCl2 + BSA | 0.16 mL @ 1.00 mg/mL | 2.00 mL/min | NaN | NaN | 3.7 | NaN | 627.9 nm | 18.2 mV | 99.1% | ALG:CS ratio swapped to CS:ALG"",
    ""T3-14 | NaN | CS (lactate, <=95% DDA) | 1.00 mL @ 1.00 mg/mL | 2.50 mL @ 0.30 mg/mL | 1.00:2.50 | NaN | NaN | CaCl2 + BSA | 0.46 mL @ 1.00 mg/mL | 2.00 mL/min | NaN | NaN | 3.7 | NaN | 595.6 nm | 32.0 mV | 98.8% | ALG:CS ratio swapped to CS:ALG"",
    ""T3-15 | NaN | CS (lactate, <=95% DDA) | 0.25 mL @ 1.00 mg/mL | 2.50 mL @ 0.30 mg/mL | 0.25:2.50 | NaN | NaN | CaCl2 + BSA | 0.16 mL @ 1.00 mg/mL | 2.00 mL/min | NaN | NaN | 3.7 | NaN | 261.2 nm | -37.6 mV | 83.3% | ALG:CS ratio swapped to CS:ALG"",
    ""T3-16 | NaN | CS (lactate, <=95% DDA) | 0.25 mL @ 1.00 mg/mL | 2.50 mL @ 0.30 mg/mL | 0.25:2.50 | NaN | NaN | CaCl2 + BSA | 0.46 mL @ 1.00 mg/mL | 2.00 mL/min | NaN | NaN | 3.7 | NaN | 403.9 nm | -24.5 mV | 81.1% | ALG:CS ratio swapped to CS:ALG"",
    ""T3-17 | NaN | CS (lactate, <=95% DDA) | 1.00 mL @ 0.30 mg/mL | 2.50 mL @ 1.00 mg/mL | 1.00:2.50 | NaN | NaN | CaCl2 + BSA | 0.16 mL @ 0.13 mg/mL | 2.00 mL/min | NaN | NaN | 3.7 | NaN | 724.7 nm | -78.1 mV | 27.4% | ALG:CS ratio swapped to CS:ALG"",
    ""T3-18 | NaN | CS (lactate, <=95% DDA) | 1.00 mL @ 0.30 mg/mL | 2.50 mL @ 1.00 mg/mL | 1.00:2.50 | NaN | NaN | CaCl2 + BSA | 0.46 mL @ 0.13 mg/mL | 2.00 mL/min | NaN | NaN | 3.7 | NaN | 485.4 nm | -55.9 mV | 0.1% | ALG:CS ratio swapped to CS:ALG"",
    ""T3-19 | NaN | CS (lactate, <=95% DDA) | 0.25 mL @ 0.30 mg/mL | 2.50 mL @ 1.00 mg/mL | 0.25:2.50 | NaN | NaN | CaCl2 + BSA | 0.16 mL @ 0.13 mg/mL | 2.00 mL/min | NaN | NaN | 3.7 | NaN | 481.4 nm | -69.4 mV | 23.2% | ALG:CS ratio swapped to CS:ALG"",
    ""T3-20 | NaN | CS (lactate, <=95% DDA) | 0.25 mL @ 0.30 mg/mL | 2.50 mL @ 1.00 mg/mL | 0.25:2.50 | NaN | NaN | CaCl2 + BSA | 0.46 mL @ 0.13 mg/mL | 2.00 mL/min | NaN | NaN | 3.7 | NaN | 361.8 nm | -54.6 mV | 5.0% | ALG:CS ratio swapped to CS:ALG"",
    ""T3-21 | NaN | CS (lactate, <=95% DDA) | 1.00 mL @ 0.30 mg/mL | 2.50 mL @ 1.00 mg/mL | 1.00:2.50 | NaN | NaN | CaCl2 + BSA | 0.16 mL @ 1.00 mg/mL | 2.00 mL/min | NaN | NaN | 3.7 | NaN | 404.1 nm | -68.1 mV | 14.6% | ALG:CS ratio swapped to CS:ALG"",
    ""T3-22 | NaN | CS (lactate, <=95% DDA) | 1.00 mL @ 0.30 mg/mL | 2.50 mL @ 1.00 mg/mL | 1.00:2.50 | NaN | NaN | CaCl2 + BSA | 0.46 mL @ 1.00 mg/mL | 2.00 mL/min | NaN | NaN | 3.7 | NaN | 339.1 nm | -56.0 mV | 19.4% | ALG:CS ratio swapped to CS:ALG"",
    ""T3-23 | NaN | CS (lactate, <=95% DDA) | 0.25 mL @ 0.30 mg/mL | 2.50 mL @ 1.00 mg/mL | 0.25:2.50 | NaN | NaN | CaCl2 + BSA | 0.16 mL @ 1.00 mg/mL | 2.00 mL/min | NaN | NaN | 3.7 | NaN | 342.8 nm | -65.4 mV | 39.3% | ALG:CS ratio swapped to CS:ALG"",
    ""T3-24 | NaN | CS (lactate, <=95% DDA) | 0.25 mL @ 0.30 mg/mL | 2.50 mL @ 1.00 mg/mL | 0.25:2.50 | NaN | NaN | CaCl2 + BSA | 0.46 mL @ 1.00 mg/mL | 2.00 mL/min | NaN | NaN | 3.7 | NaN | 555.6 nm | -45.1 mV | 34.6% | ALG:CS ratio swapped to CS:ALG"",
    ""T3-25 | NaN | CS (lactate, <=95% DDA) | 1.00 mL @ 1.00 mg/mL | 2.50 mL @ 1.00 mg/mL | 1.00:2.50 | NaN | NaN | CaCl2 + BSA | 0.16 mL @ 0.13 mg/mL | 2.00 mL/min | NaN | NaN | 3.7 | NaN | 704.4 nm | -59.0 mV | 41.5% | ALG:CS ratio swapped to CS:ALG"",
    ""T3-26 | NaN | CS (lactate, <=95% DDA) | 1.00 mL @ 1.00 mg/mL | 2.50 mL @ 1.00 mg/mL | 1.00:2.50 | NaN | NaN | CaCl2 + BSA | 0.46 mL @ 0.13 mg/mL | 2.00 mL/min | NaN | NaN | 3.7 | NaN | 663.9 nm | -61.9 mV | 24.6% | ALG:CS ratio swapped to CS:ALG"",
    ""T3-27 | NaN | CS (lactate, <=95% DDA) | 0.25 mL @ 1.00 mg/mL | 2.50 mL @ 1.00 mg/mL | 0.25:2.50 | NaN | NaN | CaCl2 + BSA | 0.16 mL @ 0.13 mg/mL | 2.00 mL/min | NaN | NaN | 3.7 | NaN | 954.3 nm | -64.9 mV | 29.3% | ALG:CS ratio swapped to CS:ALG"",
    ""T3-28 | NaN | CS (lactate, <=95% DDA) | 0.25 mL @ 1.00 mg/mL | 2.50 mL @ 1.00 mg/mL | 0.25:2.50 | NaN | NaN | CaCl2 + BSA | 0.46 mL @ 0.13 mg/mL | 2.00 mL/min | NaN | NaN | 3.7 | NaN | 804.5 nm | -63.8 mV | 12.1% | ALG:CS ratio swapped to CS:ALG"",
    ""T3-29 | NaN | CS (lactate, <=95% DDA) | 1.00 mL @ 1.00 mg/mL | 2.50 mL @ 1.00 mg/mL | 1.00:2.50 | NaN | NaN | CaCl2 + BSA | 0.16 mL @ 1.00 mg/mL | 2.00 mL/min | NaN | NaN | 3.7 | NaN | 559.9 nm | -55.1 mV | 44.1% | ALG:CS ratio swapped to CS:ALG"",
    ""T3-30 | NaN | CS (lactate, <=95% DDA) | 1.00 mL @ 1.00 mg/mL | 2.50 mL @ 1.00 mg/mL | 1.00:2.50 | NaN | NaN | CaCl2 + BSA | 0.46 mL @ 1.00 mg/mL | 2.00 mL/min | NaN | NaN | 3.7 | NaN | 511.2 nm | -35.2 mV | 89.0% | ALG:CS ratio swapped to CS:ALG"",
    ""T3-31 | NaN | CS (lactate, <=95% DDA) | 0.25 mL @ 1.00 mg/mL | 2.50 mL @ 1.00 mg/mL | 0.25:2.50 | NaN | NaN | CaCl2 + BSA | 0.16 mL @ 1.00 mg/mL | 2.00 mL/min | NaN | NaN | 3.7 | NaN | 477.6 nm | -61.9 mV | 31.0% | ALG:CS ratio swapped to CS:ALG"",
    ""T3-32 | NaN | CS (lactate, <=95% DDA) | 0.25 mL @ 1.00 mg/mL | 2.50 mL @ 1.00 mg/mL | 0.25:2.50 | NaN | NaN | CaCl2 + BSA | 0.46 mL @ 1.00 mg/mL | 2.00 mL/min | NaN | NaN | 3.7 | NaN | 453.7 nm | -49.1 mV | 25.0% | ALG:CS ratio swapped to CS:ALG"",
    ""T4-1 | NaN | CS (lactate, <=95% DDA) | 1.00 mL @ 0.30 mg/mL | 2.50 mL @ 0.30 mg/mL | 1.00:2.50 | NaN | NaN | CaCl2 + BSA | 0.16 mL @ 0.13 mg/mL | 0.50 mL/min | NaN | NaN | 3.7 | NaN | 104.7 nm | -52.4 mV | 20.3% | ALG:CS ratio swapped to CS:ALG"",
    ""T4-2 | NaN | CS (lactate, <=95% DDA) | 1.00 mL @ 0.30 mg/mL | 2.50 mL @ 1.00 mg/mL | 1.00:2.50 | NaN | NaN | CaCl2 + BSA | 0.46 mL @ 0.13 mg/mL | 0.50 mL/min | NaN | NaN | 3.7 | NaN | 434.0 nm | -52.1 mV | 6.0% | ALG:CS ratio swapped to CS:ALG"",
    ""T4-3 | NaN | CS (lactate, <=95% DDA) | 1.00 mL @ 1.00 mg/mL | 2.50 mL @ 0.30 mg/mL | 1.00:2.50 | NaN | NaN | CaCl2 + BSA | 0.46 mL @ 0.13 mg/mL | 2.00 mL/min | NaN | NaN | 3.7 | NaN | 152.1 nm | -50.2 mV | 25.0% | ALG:CS ratio swapped to CS:ALG"",
    ""T4-4 | NaN | CS (lactate, <=95% DDA) | 1.00 mL @ 1.00 mg/mL | 2.50 mL @ 1.00 mg/mL | 1.00:2.50 | NaN | NaN | CaCl2 + BSA | 0.16 mL @ 0.13 mg/mL | 2.00 mL/min | NaN | NaN | 3.7 | NaN | 901.3 nm | -63.7 mV | 21.5% | ALG:CS ratio swapped to CS:ALG"",
    ""T4-5 | NaN | CS (lactate, <=95% DDA) | 1.00 mL @ 0.30 mg/mL | 2.50 mL @ 0.30 mg/mL | 1.00:2.50 | NaN | NaN | CaCl2 + BSA | 0.46 mL @ 1.00 mg/mL | 2.00 mL/min | NaN | NaN | 3.7 | NaN | 278.6 nm | -23.0 mV | 69.3% | ALG:CS ratio swapped to CS:ALG"",
    ""T4-6 | NaN | CS (lactate, <=95% DDA) | 1.00 mL @ 0.30 mg/mL | 2.50 mL @ 1.00 mg/mL | 1.00:2.50 | NaN | NaN | CaCl2 + BSA | 0.16 mL @ 1.00 mg/mL | 2.00 mL/min | NaN | NaN | 3.7 | NaN | 296.9 nm | -47.4 mV | 26.2% | ALG:CS ratio swapped to CS:ALG"",
    ""T4-7 | NaN | CS (lactate, <=95% DDA) | 1.00 mL @ 1.00 mg/mL | 2.50 mL @ 0.30 mg/mL | 1.00:2.50 | NaN | NaN | CaCl2 + BSA | 0.16 mL @ 1.00 mg/mL | 0.50 mL/min | NaN | NaN | 3.7 | NaN | 281.1 nm | -32.5 mV | 78.0% | ALG:CS ratio swapped to CS:ALG"",
    ""T4-8 | NaN | CS (lactate, <=95% DDA) | 1.00 mL @ 1.00 mg/mL | 2.50 mL @ 1.00 mg/mL | 1.00:2.50 | NaN | NaN | CaCl2 + BSA | 0.46 mL @ 1.00 mg/mL | 0.50 mL/min | NaN | NaN | 3.7 | NaN | 353.9 nm | -46.5 mV | 24.6% | ALG:CS ratio swapped to CS:ALG"",
    ""T4-9 | NaN | CS (lactate, <=95% DDA) | 1.00 mL @ 0.30 mg/mL | 2.50 mL @ 0.30 mg/mL | 0.25:2.50 | NaN | NaN | CaCl2 + BSA | 0.16 mL @ 0.13 mg/mL | 2.00 mL/min | NaN | NaN | 3.7 | NaN | 168.6 nm | -42.1 mV | 81.4% | ALG:CS ratio swapped to CS:ALG"",
    ""T4-10 | NaN | CS (lactate, <=95% DDA) | 1.00 mL @ 0.30 mg/mL | 2.50 mL @ 1.00 mg/mL | 0.25:2.50 | NaN | NaN | CaCl2 + BSA | 0.46 mL @ 0.13 mg/mL | 2.00 mL/min | NaN | NaN | 3.7 | NaN | 354.7 nm | -66.4 mV | 16.4% | ALG:CS ratio swapped to CS:ALG"",
    ""T4-11 | NaN | CS (lactate, <=95% DDA) | 1.00 mL @ 1.00 mg/mL | 2.50 mL @ 0.30 mg/mL | 0.25:2.50 | NaN | NaN | CaCl2 + BSA | 0.46 mL @ 0.13 mg/mL | 0.50 mL/min | NaN | NaN | 3.7 | NaN | 1886.0 nm | 8.7 mV | 99.2% | ALG:CS ratio swapped to CS:ALG"",
    ""T4-12 | NaN | CS (lactate, <=95% DDA) | 1.00 mL @ 1.00 mg/mL | 2.50 mL @ 1.00 mg/mL | 0.25:2.50 | NaN | NaN | CaCl2 + BSA | 0.16 mL @ 0.13 mg/mL | 0.50 mL/min | NaN | NaN | 3.7 | NaN | 524.0 nm | -52.8 mV | 47.2% | ALG:CS ratio swapped to CS:ALG"",
    ""T4-13 | NaN | CS (lactate, <=95% DDA) | 1.00 mL @ 0.30 mg/mL | 2.50 mL @ 0.30 mg/mL | 0.25:2.50 | NaN | NaN | CaCl2 + BSA | 0.46 mL @ 1.00 mg/mL | 0.50 mL/min | NaN | NaN | 3.7 | NaN | 347.3 nm | -22.1 mV | 85.0% | ALG:CS ratio swapped to CS:ALG"",
    ""T4-14 | NaN | CS (lactate, <=95% DDA) | 1.00 mL @ 0.30 mg/mL | 2.50 mL @ 1.00 mg/mL | 0.25:2.50 | NaN | NaN | CaCl2 + BSA | 0.16 mL @ 1.00 mg/mL | 0.50 mL/min | NaN | NaN | 3.7 | NaN | 393.2 nm | -53.5 mV | 22.9% | ALG:CS ratio swapped to CS:ALG"",
    ""T4-15 | NaN | CS (lactate, <=95% DDA) | 1.00 mL @ 1.00 mg/mL | 2.50 mL @ 0.30 mg/mL | 0.25:2.50 | NaN | NaN | CaCl2 + BSA | 0.16 mL @ 1.00 mg/mL | 2.00 mL/min | NaN | NaN | 3.7 | NaN | 656.1 nm | 19.5 mV | 99.4% | ALG:CS ratio swapped to CS:ALG"",
    ""T4-16 | NaN | CS (lactate, <=95% DDA) | 1.00 mL @ 1.00 mg/mL | 2.50 mL @ 1.00 mg/mL | 0.25:2.50 | NaN | NaN | CaCl2 + BSA | 0.46 mL @ 1.00 mg/mL | 2.00 mL/min | NaN | NaN | 3.7 | NaN | 572.1 nm | -41.9 mV | 82.6% | ALG:CS ratio swapped to CS:ALG"",
    ""T6-1 | NaN | CS (lactate, <=95% DDA) | 0.25 mL @ 0.30 mg/mL | 2.50 mL @ 0.30 mg/mL | 0.25:2.50 | NaN | NaN | CaCl2 + BSA | 0.31 mL @ 0.13 mg/mL | 1.25 mL/min | NaN | NaN | 3.7 | NaN | 252.4 nm | -51.4 mV | 17.5% | ALG:CS ratio swapped to CS:ALG"",
    ""T6-2 | NaN | CS (lactate, <=95% DDA) | 0.25 mL @ 0.30 mg/mL | 2.50 mL @ 1.00 mg/mL | 0.25:2.50 | NaN | NaN | CaCl2 + BSA | 0.31 mL @ 0.13 mg/mL | 1.25 mL/min | NaN | NaN | 3.7 | NaN | 451.0 nm | -56.6 mV | 6.3% | ALG:CS ratio swapped to CS:ALG"",
    ""T6-3 | NaN | CS (lactate, <=95% DDA) | 1.00 mL @ 1.00 mg/mL | 2.50 mL @ 0.30 mg/mL | 1.00:2.50 | NaN | NaN | CaCl2 + BSA | 0.31 mL @ 0.13 mg/mL | 1.25 mL/min | NaN | NaN | 3.7 | NaN | 280.1 nm | -44.1 mV | 22.8% | ALG:CS ratio swapped to CS:ALG"",
    ""T6-4 | NaN | CS (lactate, <=95% DDA) | 1.00 mL @ 1.00 mg/mL | 2.50 mL @ 1.00 mg/mL | 1.00:2.50 | NaN | NaN | CaCl2 + BSA | 0.31 mL @ 0.13 mg/mL | 1.25 mL/min | NaN | NaN | 3.7 | NaN | 892.8 nm | -38.0 mV | 18.1% | ALG:CS ratio swapped to CS:ALG"",
    ""T6-5 | NaN | CS (lactate, <=95% DDA) | 0.25 mL @ 0.30 mg/mL | 2.50 mL @ 0.30 mg/mL | 0.25:2.50 | NaN | NaN | CaCl2 + BSA | 0.31 mL @ 1.00 mg/mL | 1.25 mL/min | NaN | NaN | 3.7 | NaN | 198.3 nm | -34.7 mV | 12.6% | ALG:CS ratio swapped to CS:ALG"",
    ""T6-6 | NaN | CS (lactate, <=95% DDA) | 0.25 mL @ 0.30 mg/mL | 2.50 mL @ 1.00 mg/mL | 0.25:2.50 | NaN | NaN | CaCl2 + BSA | 0.31 mL @ 1.00 mg/mL | 1.25 mL/min | NaN | NaN | 3.7 | NaN | 340.8 nm | -43.1 mV | 24.7% | ALG:CS ratio swapped to CS:ALG"",
    ""T6-7 | NaN | CS (lactate, <=95% DDA) | 1.00 mL @ 1.00 mg/mL | 2.50 mL @ 0.30 mg/mL | 1.00:2.50 | NaN | NaN | CaCl2 + BSA | 0.31 mL @ 1.00 mg/mL | 1.25 mL/min | NaN | NaN | 3.7 | NaN | 280.2 nm | -23.3 mV | 33.8% | ALG:CS ratio swapped to CS:ALG"",
    ""T6-8 | NaN | CS (lactate, <=95% DDA) | 1.00 mL @ 1.00 mg/mL | 2.50 mL @ 1.00 mg/mL | 1.00:2.50 | NaN | NaN | CaCl2 + BSA | 0.31 mL @ 1.00 mg/mL | 1.25 mL/min | NaN | NaN | 3.7 | NaN | 381.8 nm | -43.2 mV | 18.6% | ALG:CS ratio swapped to CS:ALG"",
    ""T6-9 | NaN | CS (lactate, <=95% DDA) | 1.00 mL @ 0.30 mg/mL | 2.50 mL @ 0.30 mg/mL | 1.00:2.50 | NaN | NaN | CaCl2 + BSA | 0.31 mL @ 0.13 mg/mL | 1.25 mL/min | NaN | NaN | 3.7 | NaN | 243.6 nm | -48.5 mV | 3.8% | ALG:CS ratio swapped to CS:ALG"",
    ""T6-10 | NaN | CS (lactate, <=95% DDA) | 1.00 mL @ 0.30 mg/mL | 2.50 mL @ 1.00 mg/mL | 1.00:2.50 | NaN | NaN | CaCl2 + BSA | 0.31 mL @ 0.13 mg/mL | 1.25 mL/min | NaN | NaN | 3.7 | NaN | 433",0
040.pdf,"{""skipped"": ""Paper not relevant""}",1
041.pdf,"{
  ""HEADER"": ""Formulation and Characterization of Alginate Coated Chitosan Nanoparticles as Therapeutic Protein for Oral Delivery System | NaN | BSA + Lysozyme | Ionic gelation"",
  ""THOUGHTS"": ""- Constants & Hunted Values: Fixed CS concentration (0.25% in 1% acetic acid), STPP crosslinker, Alginate coating (10 mg/ml), CaCl2 (0.524 mmol/L), pH 7.4 for final coating. Table 1 lacks API and Alg (empty CS/STPP NPs). Table 2 lacks explicit API/CS/Alg amounts but text states 4 mg/ml CS and 1 mg/ml BSA/Lysozyme were used.\n- DoE Mapping: No DoE codes used. Ratios provided directly as Chitosan:STPP (C:S).\n- Volume Logic: NaN (standalone conc. only). Total volume not explicitly stated.\n- CQA Pairing Strategy: Table 1 provides Size/Zeta for empty CS/STPP optimization runs (no API/Alg, so API/Alg are NaN). Table 2 provides Size/Zeta for final BSA/Lysozyme loaded Alg-coated NPs. EE for Table 2 runs (52% and 68%) found in text/abstract. All extracted runs have paired CQAs."",
  ""RUNS"": [
    ""1 | NaN | CS | 0.25% | NaN | NaN | NaN | NaN | STPP | NaN | 500 rpm | NaN | NaN | NaN | NaN | 453.3 nm | NaN | NaN | Stirrer, C:S 1:0.5, 1 h"",
    ""2 | NaN | CS | 0.25% | NaN | NaN | NaN | NaN | STPP | NaN | 700 rpm | NaN | NaN | NaN | NaN | 351.0 nm | NaN | NaN | Stirrer, C:S 1:0.5, 1 h"",
    ""3 | NaN | CS | 0.25% | NaN | NaN | NaN | NaN | STPP | NaN | 1000 rpm | NaN | NaN | NaN | NaN | 375.3 nm | 31.3 mV | NaN | Stirrer, C:S 1:0.5, 1 h"",
    ""4 | NaN | CS | 0.25% | NaN | NaN | NaN | NaN | STPP | NaN | 1250 rpm | NaN | NaN | NaN | NaN | 574.0 nm | NaN | NaN | Stirrer, C:S 1:0.5, 1 h"",
    ""5 | NaN | CS | 0.25% | NaN | NaN | NaN | NaN | STPP | NaN | 20 A | NaN | 2 min | NaN | 112.5 nm | 33.1 mV | NaN | Sonication, C:S 1:0.5"",
    ""6 | NaN | CS | 0.25% | NaN | NaN | NaN | NaN | STPP | NaN | 20 A | NaN | 2 min | NaN | 271.2 nm | 19.4 mV | NaN | Sonication, C:S 1:0.8"",
    ""7 | NaN | CS | 0.25% | NaN | NaN | NaN | NaN | STPP | NaN | 30 A | NaN | 2 min | NaN | 131.5 nm | NaN | NaN | Sonication, C:S 1:0.5"",
    ""8 | NaN | CS | 0.25% | NaN | NaN | NaN | NaN | STPP | NaN | 30 A | NaN | 2 min | NaN | 210.4 nm | NaN | NaN | Sonication, C:S 1:0.8"",
    ""9 | NaN | CS | 0.25% | NaN | NaN | NaN | NaN | STPP | NaN | 3000 rpm | NaN | 1 min | NaN | 151.7 nm | 20.6 mV | NaN | Vortex, C:S 1:0.8"",
    ""10 | NaN | CS | 0.25% | NaN | NaN | NaN | NaN | STPP | NaN | 3000 rpm | NaN | 1 min | NaN | 257.7 nm | NaN | NaN | Vortex, C:S 1:0.5"",
    ""11 | 1 mg/mL | CS | 4 mg/mL | 10 mg/mL | NaN | NaN | NaN | STPP + CaCl2 | NaN + 0.524 mmol/L | NaN | NaN | NaN | 7.4 | NaN | 812.2 nm | -18.83 mV | 52% | NP-BSA-ALG 4 mg pH 7.4"",
    ""12 | 1 mg/mL | CS | 4 mg/mL | 10 mg/mL | NaN | NaN | NaN | STPP + CaCl2 | NaN + 0.524 mmol/L | NaN | NaN | NaN | 7.4 | NaN | 793.3 nm | -25.0333 mV | 68% | NP-LYS-ALG 4 mg pH 7.4""
  ]
}",2
042.pdf,"{
  ""HEADER"": ""Chitosan/Albumin Coating Factorial Optimization of Alginate/Dextran Sulfate Cores for Oral Delivery of Insulin | 10.3390/md21030179 | Insulin | Ionotropic pregelation"",
  ""THOUGHTS"": ""- Constants & Hunted Values: Fixed constants from methods text: Alginate (117.5 mL @ 0.06% w/v), Dextran Sulfate (117.5 mL @ 0.04% w/v), Poloxamer 188 (117.5 mL @ 0.04% w/v), Insulin (117.5 mL @ 0.006% w/v), CaCl2 (7.5 mL). Chitosan solution volume (25 mL) and BSA solution volume (25 mL) found in methods. Chitosan dissolved in 0.5% v/v lactic acid. pH 4.9 for alginate core, pH 4.6 for chitosan and BSA coating steps. CS MW=50 kDa, DDA >75%. Alginate MW=200 kDa.\n- DoE Mapping: Table 4 maps levels: PEG (-1=0.01%, 0=0.02%, +1=0.03%), Chitosan (-1=0.025%, 0=0.050%, +1=0.075%), BSA (-1=0.5%, 0=1.0%, +1=1.5%). Table 1 provides actual values for 15 runs.\n- Volume Logic: Total Vol is not explicitly stated as a single final volume, but component volumes sum to 175 mL (117.5 + 7.5 + 25 + 25). Outputting 175 mL as Total Vol based on sum of explicitly stated component volumes.\n- CQA Pairing Strategy: Table 1 contains both independent variables (X1, X2, X3) and dependent variables (Y1=Size, Y3=Zeta, Y4=Insulin escape in gastric medium, Y5=Intestinal release). EE is not explicitly reported; however, Y4 represents insulin escape (%) in gastric medium after 120 min. Assuming 100% - Y4 represents Encapsulation Efficiency (e.g., if 16% escaped, EE = 84%). All 15 runs paired with CQAs."",
  ""RUNS"": [
    ""1 | 117.5 mL @ 0.006% w/v | CS (Low MW, 50 kDa, >75% DDA) | 25 mL @ 0.025% w/v | 117.5 mL @ 0.06% w/v + 117.5 mL @ 0.04% w/v | NaN | PEG 4000 + Poloxamer 188 + BSA | 25 mL @ 0.01% w/v + 117.5 mL @ 0.04% w/v + 25 mL @ 1.0% w/v | CaCl2 | 7.5 mL | NaN | 25 C | NaN | 4.6 | 175 mL | 547 nm | -43.0 mV | 84% | EE calculated as 100% - Y4 (16% insulin escape in gastric medium)"",
    ""2 | 117.5 mL @ 0.006% w/v | CS (Low MW, 50 kDa, >75% DDA) | 25 mL @ 0.025% w/v | 117.5 mL @ 0.06% w/v + 117.5 mL @ 0.04% w/v | NaN | PEG 4000 + Poloxamer 188 + BSA | 25 mL @ 0.03% w/v + 117.5 mL @ 0.04% w/v + 25 mL @ 1.0% w/v | CaCl2 | 7.5 mL | NaN | 25 C | NaN | 4.6 | 175 mL | 559 nm | -41.0 mV | 81% | EE calculated as 100% - Y4 (19% insulin escape in gastric medium)"",
    ""3 | 117.5 mL @ 0.006% w/v | CS (Low MW, 50 kDa, >75% DDA) | 25 mL @ 0.075% w/v | 117.5 mL @ 0.06% w/v + 117.5 mL @ 0.04% w/v | NaN | PEG 4000 + Poloxamer 188 + BSA | 25 mL @ 0.01% w/v + 117.5 mL @ 0.04% w/v + 25 mL @ 1.0% w/v | CaCl2 | 7.5 mL | NaN | 25 C | NaN | 4.6 | 175 mL | 313 nm | -31.0 mV | 100% | EE calculated as 100% - Y4 (0% insulin escape in gastric medium)"",
    ""4 | 117.5 mL @ 0.006% w/v | CS (Low MW, 50 kDa, >75% DDA) | 25 mL @ 0.075% w/v | 117.5 mL @ 0.06% w/v + 117.5 mL @ 0.04% w/v | NaN | PEG 4000 + Poloxamer 188 + BSA | 25 mL @ 0.03% w/v + 117.5 mL @ 0.04% w/v + 25 mL @ 1.0% w/v | CaCl2 | 7.5 mL | NaN | 25 C | NaN | 4.6 | 175 mL | 317 nm | -30.0 mV | 100% | EE calculated as 100% - Y4 (0% insulin escape in gastric medium)"",
    ""5 | 117.5 mL @ 0.006% w/v | CS (Low MW, 50 kDa, >75% DDA) | 25 mL @ 0.050% w/v | 117.5 mL @ 0.06% w/v + 117.5 mL @ 0.04% w/v | NaN | PEG 4000 + Poloxamer 188 + BSA | 25 mL @ 0.01% w/v + 117.5 mL @ 0.04% w/v + 25 mL @ 0.5% w/v | CaCl2 | 7.5 mL | NaN | 25 C | NaN | 4.6 | 175 mL | 378 nm | -34.0 mV | 63% | EE calculated as 100% - Y4 (37% insulin escape in gastric medium)"",
    ""6 | 117.5 mL @ 0.006% w/v | CS (Low MW, 50 kDa, >75% DDA) | 25 mL @ 0.050% w/v | 117.5 mL @ 0.06% w/v + 117.5 mL @ 0.04% w/v | NaN | PEG 4000 + Poloxamer 188 + BSA | 25 mL @ 0.03% w/v + 117.5 mL @ 0.04% w/v + 25 mL @ 0.5% w/v | CaCl2 | 7.5 mL | NaN | 25 C | NaN | 4.6 | 175 mL | 362 nm | -31.0 mV | 65% | EE calculated as 100% - Y4 (35% insulin escape in gastric medium)"",
    ""7 | 117.5 mL @ 0.006% w/v | CS (Low MW, 50 kDa, >75% DDA) | 25 mL @ 0.050% w/v | 117.5 mL @ 0.06% w/v + 117.5 mL @ 0.04% w/v | NaN | PEG 4000 + Poloxamer 188 + BSA | 25 mL @ 0.01% w/v + 117.5 mL @ 0.04% w/v + 25 mL @ 1.0% w/v | CaCl2 | 7.5 mL | NaN | 25 C | NaN | 4.6 | 175 mL | 339 nm | -36.0 mV | 94% | EE calculated as 100% - Y4 (6% insulin escape in gastric medium)"",
    ""8 | 117.5 mL @ 0.006% w/v | CS (Low MW, 50 kDa, >75% DDA) | 25 mL @ 0.050% w/v | 117.5 mL @ 0.06% w/v + 117.5 mL @ 0.04% w/v | NaN | PEG 4000 + Poloxamer 188 + BSA | 25 mL @ 0.03% w/v + 117.5 mL @ 0.04% w/v + 25 mL @ 1.5% w/v | CaCl2 | 7.5 mL | NaN | 25 C | NaN | 4.6 | 175 mL | 376 nm | -34.0 mV | 100% | EE calculated as 100% - Y4 (0% insulin escape in gastric medium)"",
    ""9 | 117.5 mL @ 0.006% w/v | CS (Low MW, 50 kDa, >75% DDA) | 25 mL @ 0.025% w/v | 117.5 mL @ 0.06% w/v + 117.5 mL @ 0.04% w/v | NaN | PEG 4000 + Poloxamer 188 + BSA | 25 mL @ 0.02% w/v + 117.5 mL @ 0.04% w/v + 25 mL @ 0.5% w/v | CaCl2 | 7.5 mL | NaN | 25 C | NaN | 4.6 | 175 mL | 585 nm | -44.0 mV | 40% | EE calculated as 100% - Y4 (60% insulin escape in gastric medium)"",
    ""10 | 117.5 mL @ 0.006% w/v | CS (Low MW, 50 kDa, >75% DDA) | 25 mL @ 0.075% w/v | 117.5 mL @ 0.06% w/v + 117.5 mL @ 0.04% w/v | NaN | PEG 4000 + Poloxamer 188 + BSA | 25 mL @ 0.02% w/v + 117.5 mL @ 0.04% w/v + 25 mL @ 0.5% w/v | CaCl2 | 7.5 mL | NaN | 25 C | NaN | 4.6 | 175 mL | 342 nm | -32.0 mV | 68% | EE calculated as 100% - Y4 (32% insulin escape in gastric medium)"",
    ""11 | 117.5 mL @ 0.006% w/v | CS (Low MW, 50 kDa, >75% DDA) | 25 mL @ 0.025% w/v | 117.5 mL @ 0.06% w/v + 117.5 mL @ 0.04% w/v | NaN | PEG 4000 + Poloxamer 188 + BSA | 25 mL @ 0.02% w/v + 117.5 mL @ 0.04% w/v + 25 mL @ 1.5% w/v | CaCl2 | 7.5 mL | NaN | 25 C | NaN | 4.6 | 175 mL | 563 nm | -40.0 mV | 88% | EE calculated as 100% - Y4 (12% insulin escape in gastric medium)"",
    ""12 | 117.5 mL @ 0.006% w/v | CS (Low MW, 50 kDa, >75% DDA) | 25 mL @ 0.075% w/v | 117.5 mL @ 0.06% w/v + 117.5 mL @ 0.04% w/v | NaN | PEG 4000 + Poloxamer 188 + BSA | 25 mL @ 0.02% w/v + 117.5 mL @ 0.04% w/v + 25 mL @ 1.5% w/v | CaCl2 | 7.5 mL | NaN | 25 C | NaN | 4.6 | 175 mL | 314 nm | -29.0 mV | 100% | EE calculated as 100% - Y4 (0% insulin escape in gastric medium)"",
    ""13 | 117.5 mL @ 0.006% w/v | CS (Low MW, 50 kDa, >75% DDA) | 25 mL @ 0.050% w/v | 117.5 mL @ 0.06% w/v + 117.5 mL @ 0.04% w/v | NaN | PEG 4000 + Poloxamer 188 + BSA | 25 mL @ 0.02% w/v + 117.5 mL @ 0.04% w/v + 25 mL @ 1.0% w/v | CaCl2 | 7.5 mL | NaN | 25 C | NaN | 4.6 | 175 mL | 320 nm | -34.0 mV | 94% | Center point. EE calculated as 100% - Y4 (6% insulin escape in gastric medium)"",
    ""14 | 117.5 mL @ 0.006% w/v | CS (Low MW, 50 kDa, >75% DDA) | 25 mL @ 0.050% w/v | 117.5 mL @ 0.06% w/v + 117.5 mL @ 0.04% w/v | NaN | PEG 4000 + Poloxamer 188 + BSA | 25 mL @ 0.02% w/v + 117.5 mL @ 0.04% w/v + 25 mL @ 1.0% w/v | CaCl2 | 7.5 mL | NaN | 25 C | NaN | 4.6 | 175 mL | 345 nm | -33.0 mV | 95% | Center point. EE calculated as 100% - Y4 (5% insulin escape in gastric medium)"",
    ""15 | 117.5 mL @ 0.006% w/v | CS (Low MW, 50 kDa, >75% DDA) | 25 mL @ 0.050% w/v | 117.5 mL @ 0.06% w/v + 117.5 mL @ 0.04% w/v | NaN | PEG 4000 + Poloxamer 188 + BSA | 25 mL @ 0.02% w/v + 117.5 mL @ 0.04% w/v + 25 mL @ 1.0% w/v | CaCl2 | 7.5 mL | NaN | 25 C | NaN | 4.6 | 175 mL | 347 nm | -33.0 mV | 96% | Center point. EE calculated as 100% - Y4 (4% insulin escape in gastric medium)""
  ]
}",3
043.pdf,"{
  ""HEADER"": ""Quality-by-Design Optimization of Mucoadhesive Trimethyl Chitosan-Coated Alginate/Dextran Sulfate Nanoparticles for Oral Insulin Delivery | NaN | Insulin | Ionic gelation"",
  ""THOUGHTS"": ""- Constants & Hunted Values: Fixed pH 4.6 for core and 7.0 for coating. Stirring fixed at 1300 rpm and polycation addition rate at 1.6 mL/min from exploratory experiments. Chitosan base is 87 KDa, 85% DDA. TMC DQ values are 21.4% (TMC20), 38.9% (TMC40), and 58.8% (TMC60). PEG 4000 is present in the coating phase but amounts are not specified. CaCl2 is used as a crosslinker but its amount is not specified. KNO3 is used as an ionic stabilizer post-concentration but amount is not specified.\n- DoE Mapping: Screening design uses x1 (ADS: -1=0.05%, +1=0.10%), x2 (TMC: -1=0.30%, +1=0.60%), x3 (Insulin: -1=0.004%, +1=0.008%), x4 (Poloxamer: -1=0.03%, +1=0.06%). Box-Behnken uses X1 (ADS: -1=0.090%, 0=0.095%, +1=0.100%), X2 (TMC: -1=0.600%, 0=0.650%, +1=0.700%), X3 (DQ: -1=20, 0=40, +1=60).\n- Volume Logic: NaN (standalone conc. used in DoE).\n- CQA Pairing Strategy: Screening inputs in Table 1 are paired with Size and EE in the same table. Box-Behnken inputs in Table 4 lack outputs in the table; however, the text explicitly states the best formulation (ADS 0.095%, TMC 0.70%, DQ 60%) yielded 316 nm size, +38 mV zeta, and 87% mucoadhesion. The optimized formulation (ADS 0.096%, TMC 0.700%, DQ 60%) yielded 330.79 nm, +37.09 mV, and 84.61% mucoadhesion. Only these two specific BBD runs could be confidently paired with their CQA outputs from the text."",
  ""RUNS"": [
    ""1 | 0.008% w/v | TMC | 0.30% w/v | 0.05% w/v | NaN | Poloxamer 188 | 0.06% w/v | NaN | NaN | 1300 rpm | NaN | NaN | 4.6 | NaN | 277 nm | NaN | 68% | Screening design run"",
    ""2 | 0.004% w/v | TMC | 0.60% w/v | 0.10% w/v | NaN | Poloxamer 188 | 0.06% w/v | NaN | NaN | 1300 rpm | NaN | NaN | 4.6 | NaN | 378 nm | NaN | 54% | Screening design run"",
    ""3 | 0.008% w/v | TMC | 0.30% w/v | 0.10% w/v | NaN | Poloxamer 188 | 0.03% w/v | NaN | NaN | 1300 rpm | NaN | NaN | 4.6 | NaN | 218 nm | NaN | 73% | Screening design run"",
    ""4 | 0.008% w/v | TMC | 0.60% w/v | 0.10% w/v | NaN | Poloxamer 188 | 0.03% w/v | NaN | NaN | 1300 rpm | NaN | NaN | 4.6 | NaN | 418 nm | NaN | 47% | Screening design run"",
    ""5 | 0.004% w/v | TMC | 0.30% w/v | 0.05% w/v | NaN | Poloxamer 188 | 0.06% w/v | NaN | NaN | 1300 rpm | NaN | NaN | 4.6 | NaN | 437 nm | NaN | 46% | Screening design run"",
    ""6 | 0.004% w/v | TMC | 0.30% w/v | 0.05% w/v | NaN | Poloxamer 188 | 0.03% w/v | NaN | NaN | 1300 rpm | NaN | NaN | 4.6 | NaN | 437 nm | NaN | 72% | Screening design run"",
    ""7 | 0.008% w/v | TMC | 0.60% w/v | 0.05% w/v | NaN | Poloxamer 188 | 0.06% w/v | NaN | NaN | 1300 rpm | NaN | NaN | 4.6 | NaN | 473 nm | NaN | 48% | Screening design run"",
    ""8 | 0.004% w/v | TMC | 0.60% w/v | 0.05% w/v | NaN | Poloxamer 188 | 0.03% w/v | NaN | NaN | 1300 rpm | NaN | NaN | 4.6 | NaN | 457 nm | NaN | 45% | Screening design run"",
    ""9 | 0.008% w/v | TMC | 0.30% w/v | 0.10% w/v | NaN | Poloxamer 188 | 0.06% w/v | NaN | NaN | 1300 rpm | NaN | NaN | 4.6 | NaN | 378 nm | NaN | 73% | Screening design run"",
    ""10 | 0.008% w/v | TMC | 0.60% w/v | 0.05% w/v | NaN | Poloxamer 188 | 0.03% w/v | NaN | NaN | 1300 rpm | NaN | NaN | 4.6 | NaN | 468 nm | NaN | 49% | Screening design run"",
    ""11 | 0.004% w/v | TMC | 0.30% w/v | 0.10% w/v | NaN | Poloxamer 188 | 0.03% w/v | NaN | NaN | 1300 rpm | NaN | NaN | 4.6 | NaN | 404 nm | NaN | 69% | Screening design run"",
    ""12 | 0.004% w/v | TMC | 0.60% w/v | 0.05% w/v | NaN | Poloxamer 188 | 0.06% w/v | NaN | NaN | 1300 rpm | NaN | NaN | 4.6 | NaN | 448 nm | NaN | 47% | Screening design run"",
    ""13 | 0.008% w/v | TMC | 0.30% w/v | 0.05% w/v | NaN | Poloxamer 188 | 0.03% w/v | NaN | NaN | 1300 rpm | NaN | NaN | 4.6 | NaN | 224 nm | NaN | 81% | Screening design run"",
    ""14 | 0.004% w/v | TMC | 0.30% w/v | 0.10% w/v | NaN | Poloxamer 188 | 0.06% w/v | NaN | NaN | 1300 rpm | NaN | NaN | 4.6 | NaN | 427 nm | NaN | 67% | Screening design run"",
    ""15 | 0.004% w/v | TMC | 0.60% w/v | 0.10% w/v | NaN | Poloxamer 188 | 0.03% w/v | NaN | NaN | 1300 rpm | NaN | NaN | 4.6 | NaN | 357 nm | NaN | 44% | Screening design run"",
    ""16 | 0.008% w/v | TMC | 0.60% w/v | 0.10% w/v | NaN | Poloxamer 188 | 0.06% w/v | NaN | NaN | 1300 rpm | NaN | NaN | 4.6 | NaN | 238 nm | NaN | 84% | Screening design run"",
    ""BBD_Best | NaN | TMC (DQ 60%) | 0.70% w/v | 0.095% w/v | NaN | NaN | NaN | NaN | NaN | 1300 rpm | NaN | NaN | 7.0 | NaN | 316 nm | +38 mV | NaN | Box-Behnken best formulation identified in text"",
    ""BBD_Opt | NaN | TMC (DQ 60%) | 0.700% w/v | 0.096% w/v | NaN | NaN | NaN | NaN | NaN | 1300 rpm | NaN | NaN | 7.0 | NaN | 330.79 nm | +37.09 mV | NaN | Optimized formulation from model validation""
  ]
}",4
044.pdf,"{
  ""HEADER"": ""Optimization of Chitosan-Alginate Microparticles for Delivery of Mangostins to the Colon Area Using Box-Behnken Experimental Design | 10.3390/ijms21030873 | Mangostins | Ionotropic gelation"",
  ""THOUGHTS"": ""- Constants & Hunted Values: Fixed CS Type (Medical grade, 93% DDA, 80-120 kDa MW). Methods text states chitosan-extract mixture dissolved in 50 mL of 2.5% v/v acetic acid, dripped into 100 mL of 1% g/mL STPP. Alginate:CS mass ratios of 1:0.1, 1:0.25, and 1:0.5 were used (swapped to CS:Alg). No surfactant used. Stirring was 1000 rpm for 15 min. Temp not explicitly stated for synthesis (NaN).\n- DoE Mapping: A (Microparticle Size): -1 = <100 µm, 0 = 100-199 µm, +1 = 200-299 µm. B (Alginate:Chitosan Mass Ratio): -1 = 0.10, 0 = 0.25, +1 = 0.50. C (CaCl2 Concentration): -1 = 4% w/v, 0 = 6% w/v, +1 = 8% w/v.\n- Volume Logic: Total Vol is NaN (not explicitly stated for the final formulation volume).\n- CQA Pairing Strategy: The DoE table (Table 2) lists formulation inputs and the experimental cumulative release (which serves as the EE proxy). No Particle Size or Zeta Potential outputs are reported for the individual runs in the text. All 15 runs are successfully paired with their respective cumulative release values."",
  ""RUNS"": [
    ""F10 | NaN | CS (Medical grade, 93% DDA, 80-120 kDa MW) | 50 mL @ 2.5% v/v | NaN | 1:0.5 | NaN | NaN | STPP + CaCl2 | 100 mL @ 1% g/mL + 8% w/v | 1000 rpm | NaN | NaN | NaN | NaN | NaN | NaN | 97.5% | Size A=0 (100-199 µm), Ratio B=1 (0.5), CaCl2 C=1 (8%)"",
    ""F3 | NaN | CS (Medical grade, 93% DDA, 80-120 kDa MW) | 50 mL @ 2.5% v/v | NaN | 1:0.5 | NaN | NaN | STPP + CaCl2 | 100 mL @ 1% g/mL + 6% w/v | 1000 rpm | NaN | NaN | NaN | NaN | NaN | NaN | 96.9% | Size A=1 (<100 µm), Ratio B=1 (0.5), CaCl2 C=0 (6%)"",
    ""F4 | NaN | CS (Medical grade, 93% DDA, 80-120 kDa MW) | 50 mL @ 2.5% v/v | NaN | 1:0.5 | NaN | NaN | STPP + CaCl2 | 100 mL @ 1% g/mL + 6% w/v | 1000 rpm | NaN | NaN | NaN | NaN | NaN | NaN | 83.9% | Size A=1 (<100 µm), Ratio B=1 (0.5), CaCl2 C=0 (6%)"",
    ""F12 | NaN | CS (Medical grade, 93% DDA, 80-120 kDa MW) | 50 mL @ 2.5% v/v | NaN | 1:0.5 | NaN | NaN | STPP + CaCl2 | 100 mL @ 1% g/mL + 8% w/v | 1000 rpm | NaN | NaN | NaN | NaN | NaN | NaN | 83.0% | Size A=0 (100-199 µm), Ratio B=1 (0.5), CaCl2 C=1 (8%)"",
    ""F7 | NaN | CS (Medical grade, 93% DDA, 80-120 kDa MW) | 50 mL @ 2.5% v/v | NaN | 1:0.25 | NaN | NaN | STPP + CaCl2 | 100 mL @ 1% g/mL + 8% w/v | 1000 rpm | NaN | NaN | NaN | NaN | NaN | NaN | 71.3% | Size A=1 (<100 µm), Ratio B=0 (0.25), CaCl2 C=1 (8%)"",
    ""F5 | NaN | CS (Medical grade, 93% DDA, 80-120 kDa MW) | 50 mL @ 2.5% v/v | NaN | 1:0.25 | NaN | NaN | STPP + CaCl2 | 100 mL @ 1% g/mL + 8% w/v | 1000 rpm | NaN | NaN | NaN | NaN | NaN | NaN | 61.1% | Size A=1 (<100 µm), Ratio B=0 (0.25), CaCl2 C=1 (8%)"",
    ""F6 | NaN | CS (Medical grade, 93% DDA, 80-120 kDa MW) | 50 mL @ 2.5% v/v | NaN | 1:0.25 | NaN | NaN | STPP + CaCl2 | 100 mL @ 1% g/mL + 8% w/v | 1000 rpm | NaN | NaN | NaN | NaN | NaN | NaN | 60.9% | Size A=1 (<100 µm), Ratio B=0 (0.25), CaCl2 C=1 (8%)"",
    ""F15 | NaN | CS (Medical grade, 93% DDA, 80-120 kDa MW) | 50 mL @ 2.5% v/v | NaN | 1:0.25 | NaN | NaN | STPP + CaCl2 | 100 mL @ 1% g/mL + 6% w/v | 1000 rpm | NaN | NaN | NaN | NaN | NaN | NaN | 59.0% | Size A=0 (100-199 µm), Ratio B=0 (0.25), CaCl2 C=0 (6%)"",
    ""F13 | NaN | CS (Medical grade, 93% DDA, 80-120 kDa MW) | 50 mL @ 2.5% v/v | NaN | 1:0.25 | NaN | NaN | STPP + CaCl2 | 100 mL @ 1% g/mL + 6% w/v | 1000 rpm | NaN | NaN | NaN | NaN | NaN | NaN | 60.6% | Size A=0 (100-199 µm), Ratio B=0 (0.25), CaCl2 C=0 (6%)"",
    ""F14 | NaN | CS (Medical grade, 93% DDA, 80-120 kDa MW) | 50 mL @ 2.5% v/v | NaN | 1:0.25 | NaN | NaN | STPP + CaCl2 | 100 mL @ 1% g/mL + 6% w/v | 1000 rpm | NaN | NaN | NaN | NaN | NaN | NaN | 58.9% | Size A=0 (100-199 µm), Ratio B=0 (0.25), CaCl2 C=0 (6%)"",
    ""F11 | NaN | CS (Medical grade, 93% DDA, 80-120 kDa MW) | 50 mL @ 2.5% v/v | NaN | 1:0.5 | NaN | NaN | STPP + CaCl2 | 100 mL @ 1% g/mL + 8% w/v | 1000 rpm | NaN | NaN | NaN | NaN | NaN | NaN | 54.3% | Size A=0 (100-199 µm), Ratio B=1 (0.5), CaCl2 C=1 (8%)"",
    ""F8 | NaN | CS (Medical grade, 93% DDA, 80-120 kDa MW) | 50 mL @ 2.5% v/v | NaN | 1:0.25 | NaN | NaN | STPP + CaCl2 | 100 mL @ 1% g/mL + 8% w/v | 1000 rpm | NaN | NaN | NaN | NaN | NaN | NaN | 49.4% | Size A=1 (<100 µm), Ratio B=0 (0.25), CaCl2 C=1 (8%)"",
    ""F1 | NaN | CS (Medical grade, 93% DDA, 80-120 kDa MW) | 50 mL @ 2.5% v/v | NaN | 1:0.5 | NaN | NaN | STPP + CaCl2 | 100 mL @ 1% g/mL + 6% w/v | 1000 rpm | NaN | NaN | NaN | NaN | NaN | NaN | 52.3% | Size A=1 (<100 µm), Ratio B=1 (0.5), CaCl2 C=0 (6%)"",
    ""F9 | NaN | CS (Medical grade, 93% DDA, 80-120 kDa MW) | 50 mL @ 2.5% v/v | NaN | 1:0.5 | NaN | NaN | STPP + CaCl2 | 100 mL @ 1% g/mL + 8% w/v | 1000 rpm | NaN | NaN | NaN | NaN | NaN | NaN | 48.6% | Size A=0 (100-199 µm), Ratio B=1 (0.5), CaCl2 C=1 (8%)"",
    ""F2 | NaN | CS (Medical grade, 93% DDA, 80-120 kDa MW) | 50 mL @ 2.5% v/v | NaN | 1:0.5 | NaN | NaN | STPP + CaCl2 | 100 mL @ 1% g/mL + 6% w/v | 1000 rpm | NaN | NaN | NaN | NaN | NaN | NaN | 46.1% | Size A=1 (<100 µm), Ratio B=1 (0.5), CaCl2 C=0 (6%)""
  ]
}",5
045.pdf,"{
  ""HEADER"": ""Formulation and in vitro characterisation of glucose-responsive nanocapsules for the delivery of M-insulin | https://dx.doi.org/10.22159/ijap.2023v15i1.46511 | M-Insulin Con A Complex | Ionic gelation"",
  ""THOUGHTS"": ""- Constants & Hunted Values: Fixed API (5 mg M-Insulin Con A complex). Fixed Crosslinker (20 mmol CaCl2). Fixed pH (4.6 for CS, 4.9 for Alg). Fixed Temp (4 C for centrifugation step). DoE table omitted from text, but methods state CS dissolved in 1% v/v acetic acid.\n- DoE Mapping: -1=0.5%, 0=1.0%, +1=1.5% for CS (A1); -1=0.8%, 0=1.0%, +1=1.2% for Alg (A2); -1=900, 0=1000, +1=1100 RPM for Stir (A3). DoE results table missing from provided text.\n- Volume Logic: NaN (standalone conc. only).\n- CQA Pairing Strategy: Only the optimized run's CQA outputs are available in the abstract (Size=382.4 nm, Zeta=30.25 mV, EE=79.2%). The 15-run BBD matrix and its corresponding outputs are missing from the extracted text. Extracted the single optimized run with paired CQAs."",
  ""RUNS"": [
    ""Optimized | 5 mg | CS (Low MW) | 0.5% w/v | 1.0% w/v | NaN | NaN | NaN | CaCl2 | 20 mmol | 1000 rpm | 4 C | NaN | 4.6 | NaN | 382.4 nm | 30.25 mV | 79.2% | Optimized formulation from BBD; DoE matrix omitted from text""
  ]
}",6
046.pdf,"{""skipped"": ""Paper not relevant""}",7
047.pdf,"{
  ""HEADER"": ""Potential of chitosan/alginate nanoparticles as a non-viral vector for gene delivery: Formulation and optimization using D-optimal design | 10.1016/j.msec.2021.112262 | Smad4 encoding plasmid | Ionic gelation"",
  ""THOUGHTS"": ""- Constants & Hunted Values: Fixed pH (5.8). Methods text states stocks of CS, Alg, and CaCl2 were prepared at 10 mg/mL. CS and Alg working solutions were 0.063% w/v. Method 1: 1 mL CaCl2 added to final volume of 4 mL. Method 2: 26 µL CaCl2 + 1 mL Alg. Method 3: 1 mL CS + 10 mL water + CaCl2. CS is Low MW (50-190 kDa, 90% DDA). Alg is 20-40 kDa.\n- DoE Mapping: No DoE codes used. Table 2 provides actual physical values for N/P ratio (5-25) and Chi/Alg MW ratio (1-5). Preparation method is categoric (method1, method2, method3).\n- Volume Logic: Total Vol is explicitly stated as 4 mL for Method 1. For Methods 2 and 3, total volume is not explicitly stated (NaN).\n- CQA Pairing Strategy: Table 2 contains both the formulation inputs (N/P ratio, Chi/Alg MW ratio, Preparation Method) and the corresponding CQA outputs (Size, LE, Zeta). All 27 runs were successfully paired. LE is used as Encapsulation Efficiency."",
  ""RUNS"": [
    ""1 | NaN | CS (Low MW, 90% DDA) | 0.063% w/v | 0.063% w/v | 3 | NaN | NaN | CaCl2 | 1 mL @ 10 mg/mL | 900 rpm | 25 C | NaN | 5.8 | 4 mL | 236 nm | 44 mV | 42% | Method 2"",
    ""2 | NaN | CS (Low MW, 90% DDA) | 0.063% w/v | 0.063% w/v | 5 | NaN | NaN | CaCl2 | 1 mL @ 10 mg/mL | 900 rpm | 25 C | NaN | 5.8 | NaN | 382 nm | 38 mV | 39% | Method 2"",
    ""3 | NaN | CS (Low MW, 90% DDA) | 0.063% w/v | 0.063% w/v | 3 | NaN | NaN | CaCl2 | 1 mL @ 10 mg/mL | 900 rpm | 37 C | NaN | 5.8 | NaN | 254 nm | 40 mV | 31% | Method 3"",
    ""4 | NaN | CS (Low MW, 90% DDA) | 0.063% w/v | 0.063% w/v | 3 | NaN | NaN | CaCl2 | 1 mL @ 10 mg/mL | 900 rpm | 25 C | NaN | 5.8 | 4 mL | 135 nm | 56 mV | 46% | Method 1"",
    ""5 | NaN | CS (Low MW, 90% DDA) | 0.063% w/v | 0.063% w/v | 3 | NaN | NaN | CaCl2 | 1 mL @ 10 mg/mL | 900 rpm | 25 C | NaN | 5.8 | 4 mL | 105 nm | 62 mV | 38% | Method 1"",
    ""6 | NaN | CS (Low MW, 90% DDA) | 0.063% w/v | 0.063% w/v | 3 | NaN | NaN | CaCl2 | 1 mL @ 10 mg/mL | 900 rpm | 25 C | NaN | 5.8 | 4 mL | 145 nm | 66 mV | 46% | Method 1"",
    ""7 | NaN | CS (Low MW, 90% DDA) | 0.063% w/v | 0.063% w/v | 3 | NaN | NaN | CaCl2 | 1 mL @ 10 mg/mL | 900 rpm | 25 C | NaN | 5.8 | 4 mL | 145 nm | 66 mV | 46% | Method 1"",
    ""8 | NaN | CS (Low MW, 90% DDA) | 0.063% w/v | 0.063% w/v | 3 | NaN | NaN | CaCl2 | 1 mL @ 10 mg/mL | 900 rpm | 25 C | NaN | 5.8 | 4 mL | 164 nm | 62 mV | 42% | Method 2"",
    ""9 | NaN | CS (Low MW, 90% DDA) | 0.063% w/v | 0.063% w/v | 1 | NaN | NaN | CaCl2 | 1 mL @ 10 mg/mL | 900 rpm | 25 C | NaN | 5.8 | 4 mL | 95 nm | 68 mV | 32% | Method 1"",
    ""10 | NaN | CS (Low MW, 90% DDA) | 0.063% w/v | 0.063% w/v | 1 | NaN | NaN | CaCl2 | 1 mL @ 10 mg/mL | 900 rpm | 37 C | NaN | 5.8 | NaN | 214 nm | 34 mV | 24% | Method 3"",
    ""11 | NaN | CS (Low MW, 90% DDA) | 0.063% w/v | 0.063% w/v | 3 | NaN | NaN | CaCl2 | 1 mL @ 10 mg/mL | 900 rpm | 25 C | NaN | 5.8 | NaN | 234 nm | 32 mV | 41% | Method 2"",
    ""12 | NaN | CS (Low MW, 90% DDA) | 0.063% w/v | 0.063% w/v | 3.5 | NaN | NaN | CaCl2 | 1 mL @ 10 mg/mL | 900 rpm | 37 C | NaN | 5.8 | NaN | 220 nm | 32 mV | 28% | Method 3"",
    ""13 | NaN | CS (Low MW, 90% DDA) | 0.063% w/v | 0.063% w/v | 1 | NaN | NaN | CaCl2 | 1 mL @ 10 mg/mL | 900 rpm | 25 C | NaN | 5.8 | NaN | 139 nm | 52 mV | 28% | Method 2"",
    ""14 | NaN | CS (Low MW, 90% DDA) | 0.063% w/v | 0.063% w/v | 3 | NaN | NaN | CaCl2 | 1 mL @ 10 mg/mL | 900 rpm | 25 C | NaN | 5.8 | 4 mL | 236 nm | 44 mV | 42% | Method 2"",
    ""15 | NaN | CS (Low MW, 90% DDA) | 0.063% w/v | 0.063% w/v | 5 | NaN | NaN | CaCl2 | 1 mL @ 10 mg/mL | 900 rpm | 25 C | NaN | 5.8 | NaN | 321 nm | 42 mV | 32% | Method 2"",
    ""16 | NaN | CS (Low MW, 90% DDA) | 0.063% w/v | 0.063% w/v | 5 | NaN | NaN | CaCl2 | 1 mL @ 10 mg/mL | 900 rpm | 25 C | NaN | 5.8 | 4 mL | 388 nm | 31 mV | 42% | Method 1"",
    ""17 | NaN | CS (Low MW, 90% DDA) | 0.063% w/v | 0.063% w/v | 5 | NaN | NaN | CaCl2 | 1 mL @ 10 mg/mL | 900 rpm | 25 C | NaN | 5.8 | NaN | 321 nm | 35 mV | 30% | Method 2"",
    ""18 | NaN | CS (Low MW, 90% DDA) | 0.063% w/v | 0.063% w/v | 2.52 | NaN | NaN | CaCl2 | 1 mL @ 10 mg/mL | 900 rpm | 37 C | NaN | 5.8 | NaN | 357 nm | 29 mV | 37% | Method 3"",
    ""19 | NaN | CS (Low MW, 90% DDA) | 0.063% w/v | 0.063% w/v | 3.5 | NaN | NaN | CaCl2 | 1 mL @ 10 mg/mL | 900 rpm | 37 C | NaN | 5.8 | NaN | 364 nm | 27 mV | 22% | Method 3"",
    ""20 | NaN | CS (Low MW, 90% DDA) | 0.063% w/v | 0.063% w/v | 3 | NaN | NaN | CaCl2 | 1 mL @ 10 mg/mL | 900 rpm | 25 C | NaN | 5.8 | 4 mL | 189 nm | 27 mV | 44% | Method 1"",
    ""21 | NaN | CS (Low MW, 90% DDA) | 0.063% w/v | 0.063% w/v | 3 | NaN | NaN | CaCl2 | 1 mL @ 10 mg/mL | 900 rpm | 37 C | NaN | 5.8 | NaN | 254 nm | 27 mV | 31% | Method 3"",
    ""22 | NaN | CS (Low MW, 90% DDA) | 0.063% w/v | 0.063% w/v | 3 | NaN | NaN | CaCl2 | 1 mL @ 10 mg/mL | 900 rpm | 37 C | NaN | 5.8 | NaN | 254 nm | 27 mV | 31% | Method 3"",
    ""23 | NaN | CS (Low MW, 90% DDA) | 0.063% w/v | 0.063% w/v | 1 | NaN | NaN | CaCl2 | 1 mL @ 10 mg/mL | 900 rpm | 25 C | NaN | 5.8 | NaN | 234 nm | 36 mV | 35% | Method 2"",
    ""24 | NaN | CS (Low MW, 90% DDA) | 0.063% w/v | 0.063% w/v | 1 | NaN | NaN | CaCl2 | 1 mL @ 10 mg/mL | 900 rpm | 37 C | NaN | 5.8 | NaN | 336 nm | 29 mV | 26% | Method 3"",
    ""25 | NaN | CS (Low MW, 90% DDA) | 0.063% w/v | 0.063% w/v | 5 | NaN | NaN | CaCl2 | 1 mL @ 10 mg/mL | 900 rpm | 37 C | NaN | 5.8 | NaN | 382 nm | 30 mV | 26% | Method 3"",
    ""26 | NaN | CS (Low MW, 90% DDA) | 0.063% w/v | 0.063% w/v | 5 | NaN | NaN | CaCl2 | 1 mL @ 10 mg/mL | 900 rpm | 25 C | NaN | 5.8 | 4 mL | 355 nm | 38 mV | 36% | Method 1"",
    ""27 | NaN | CS (Low MW, 90% DDA) | 0.063% w/v | 0.063% w/v | 1 | NaN | NaN | CaCl2 | 1 mL @ 10 mg/mL | 900 rpm | 25 C | NaN | 5.8 | 4 mL | 211 nm | 43 mV | 39% | Method 1""
  ]
}",8
048.pdf,"{
  ""HEADER"": ""Evaluation of Alginate/Chitosan nanoparticles as antisense delivery vector: Formulation, optimization and in vitro characterization | DOI not found | EGFR antisense | Pregel preparing method (Ionic gelation)"",
  ""THOUGHTS"": ""- Constants & Hunted Values: Fixed pH (5.3). Methods text states 5 µL of 100 µM EGFR antisense solution used. Alginate stock: 500 mg in 50 mL water (10 mg/mL). CaCl2 stock: 500 mg in 50 mL water (10 mg/mL). Chitosan stock: 500 mg in 50 mL 1% acetic acid (10 mg/mL). Alginate diluted with 10 mL water, then 1 mL CaCl2 added. CS/Antisense volume not explicitly stated per run, derived from ratios.\n- DoE Mapping: A (Alg/Chi ratio): -1=0.5, 0=0.75, +1=1.0. B (CaCl2/Alg %): -1=0.1, 0=0.2, +1=0.3. C (N/P ratio): -1=5, 0=15, +1=25.\n- Volume Logic: NaN (standalone conc. and ratios used in DoE, total vol not explicitly stated).\n- CQA Pairing Strategy: Inputs mapped from DoE codes in Table 1 to physical values. Outputs (Size, EE) found in Table 2. Zeta potential only reported for optimized condition (+30 mV) and N/P ratio 5 (+25 mV), so NaN for other runs."",
  ""RUNS"": [
    ""1 | 5 µL @ 100 µM | Low MW CS | NaN | NaN | 0.75:1 | NaN | NaN | CaCl2 | NaN | NaN | 25 C | NaN | 5.3 | NaN | 906 nm | NaN | 46.7% | Center point, CaCl2/Alg 0.2%, N/P 15"",
    ""2 | 5 µL @ 100 µM | Low MW CS | NaN | NaN | 0.75:1 | NaN | NaN | CaCl2 | NaN | NaN | 25 C | NaN | 5.3 | NaN | 1090 nm | NaN | 44.5% | CaCl2/Alg 0.1%, N/P 25"",
    ""3 | 5 µL @ 100 µM | Low MW CS | NaN | NaN | 1:1 | NaN | NaN | CaCl2 | NaN | NaN | 25 C | NaN | 5.3 | NaN | 888 nm | NaN | 37.3% | CaCl2/Alg 0.2%, N/P 25"",
    ""4 | 5 µL @ 100 µM | Low MW CS | NaN | NaN | 1:1 | NaN | NaN | CaCl2 | NaN | NaN | 25 C | NaN | 5.3 | NaN | 721 nm | NaN | 70.3% | CaCl2/Alg 0.1%, N/P 15"",
    ""5 | 5 µL @ 100 µM | Low MW CS | NaN | NaN | 0.5:1 | NaN | NaN | CaCl2 | NaN | NaN | 25 C | NaN | 5.3 | NaN | 315 nm | NaN | 97.8% | CaCl2/Alg 0.1%, N/P 15"",
    ""6 | 5 µL @ 100 µM | Low MW CS | NaN | NaN | 0.5:1 | NaN | NaN | CaCl2 | NaN | NaN | 25 C | NaN | 5.3 | NaN | 194 nm | +25 mV | 95.6% | CaCl2/Alg 0.2%, N/P 5, Optimized condition"",
    ""7 | 5 µL @ 100 µM | Low MW CS | NaN | NaN | 1:1 | NaN | NaN | CaCl2 | NaN | NaN | 25 C | NaN | 5.3 | NaN | 430 nm | NaN | 66.5% | CaCl2/Alg 0.2%, N/P 5"",
    ""8 | 5 µL @ 100 µM | Low MW CS | NaN | NaN | 0.75:1 | NaN | NaN | CaCl2 | NaN | NaN | 25 C | NaN | 5.3 | NaN | 749 nm | NaN | 97.8% | CaCl2/Alg 0.1%, N/P 5"",
    ""9 | 5 µL @ 100 µM | Low MW CS | NaN | NaN | 0.75:1 | NaN | NaN | CaCl2 | NaN | NaN | 25 C | NaN | 5.3 | NaN | 448 nm | NaN | 100.0% | Center point, CaCl2/Alg 0.2%, N/P 15"",
    ""10 | 5 µL @ 100 µM | Low MW CS | NaN | NaN | 0.75:1 | NaN | NaN | CaCl2 | NaN | NaN | 25 C | NaN | 5.3 | NaN | 414 nm | NaN | 98.9% | CaCl2/Alg 0.3%, N/P 5"",
    ""11 | 5 µL @ 100 µM | Low MW CS | NaN | NaN | 0.75:1 | NaN | NaN | CaCl2 | NaN | NaN | 25 C | NaN | 5.3 | NaN | 1435 nm | NaN | 75.8% | Center point, CaCl2/Alg 0.2%, N/P 15"",
    ""12 | 5 µL @ 100 µM | Low MW CS | NaN | NaN | 0.5:1 | NaN | NaN | CaCl2 | NaN | NaN | 25 C | NaN | 5.3 | NaN | 439 nm | NaN | 100.0% | CaCl2/Alg 0.2%, N/P 25"",
    ""13 | 5 µL @ 100 µM | Low MW CS | NaN | NaN | 1:1 | NaN | NaN | CaCl2 | NaN | NaN | 25 C | NaN | 5.3 | NaN | 800 nm | NaN | 85.2% | CaCl2/Alg 0.1%, N/P 15"",
    ""14 | 5 µL @ 100 µM | Low MW CS | NaN | NaN | 0.75:1 | NaN | NaN | CaCl2 | NaN | NaN | 25 C | NaN | 5.3 | NaN | 548 nm | NaN | 85.7% | Center point, CaCl2/Alg 0.2%, N/P 15"",
    ""15 | 5 µL @ 100 µM | Low MW CS | NaN | NaN | 0.75:1 | NaN | NaN | CaCl2 | NaN | NaN | 25 C | NaN | 5.3 | NaN | 777 nm | NaN | 83.0% | Center point, CaCl2/Alg 0.2%, N/P 15"",
    ""16 | 5 µL @ 100 µM | Low MW CS | NaN | NaN | 0.5:1 | NaN | NaN | CaCl2 | NaN | NaN | 25 C | NaN | 5.3 | NaN | 954 nm | NaN | 81.3% | CaCl2/Alg 0.3%, N/P 15"",
    ""17 | 5 µL @ 100 µM | Low MW CS | NaN | NaN | 0.75:1 | NaN | NaN | CaCl2 | NaN | NaN | 25 C | NaN | 5.3 | NaN | 750 nm | NaN | 83.5% | CaCl2/Alg 0.3%, N/P 25""
  ]
}",9
049.pdf,"{""skipped"": ""Paper not relevant""}",10
050.pdf,"{
  ""HEADER"": ""Enhancing Stability and Mucoadhesive Properties of Chitosan Nanoparticles by Surface Modification with Sodium Alginate and Polyethylene Glycol for Potential Oral Mucosa Vaccine Delivery | 10.3390/md20030156 | Ovalbumin (OVA) | Ionotropic gelation"",
  ""THOUGHTS"": ""- Constants & Hunted Values: CS concentration fixed at 0.2% w/v (2 mg/mL in 1% v/v acetic acid). TPP fixed at 1 mg/mL. Stirring fixed at 600 rpm. Temp fixed at room temp (~20 C). Sonication fixed at 2.5 min. ALG/PEG coating pH fixed at 7.2. ALG crosslinker (CaCl2) fixed at 0.524 mmol/L. PEG MW 20,000. CS MW medium, 75-85% DDA.\n- DoE Mapping: No DoE codes used. Variables are direct concentrations (0.05, 0.1, 0.2, 0.3, 0.4% w/v).\n- Volume Logic: NaN (standalone conc. only). Total volume is not explicitly stated.\n- CQA Pairing Strategy: Table 1 provides Size, Zeta, and EE for OVA loading. Table 2 provides Size and Zeta for ALG coating (OVA-loaded and blank). Table 3 provides Size and Zeta for PEG coating (OVA-loaded and blank). EE for ALG/PEG runs is not explicitly stated for those specific concentrations, so NaN is used where missing."",
  ""RUNS"": [
    ""1 | 0.05% w/v | CS (Medium MW, 75-85% DDA) | 0.2% w/v | NaN | NaN | NaN | NaN | TPP | 1 mg/mL | 600 rpm | 20 C | 2.5 min | NaN | NaN | 211 nm | 12 mV | 72% | OVA loading optimization"",
    ""2 | 0.10% w/v | CS (Medium MW, 75-85% DDA) | 0.2% w/v | NaN | NaN | NaN | NaN | TPP | 1 mg/mL | 600 rpm | 20 C | 2.5 min | NaN | NaN | 234 nm | 15 mV | NaN | OVA loading optimization"",
    ""3 | 0.20% w/v | CS (Medium MW, 75-85% DDA) | 0.2% w/v | NaN | NaN | NaN | NaN | TPP | 1 mg/mL | 600 rpm | 20 C | 2.5 min | NaN | NaN | 254 nm | -21 mV | 81% | OVA loading optimization"",
    ""4 | 0.30% w/v | CS (Medium MW, 75-85% DDA) | 0.2% w/v | NaN | NaN | NaN | NaN | TPP | 1 mg/mL | 600 rpm | 20 C | 2.5 min | NaN | NaN | 287 nm | -17 mV | 68% | OVA loading optimization"",
    ""5 | 0.40% w/v | CS (Medium MW, 75-85% DDA) | 0.2% w/v | NaN | NaN | NaN | NaN | TPP | 1 mg/mL | 600 rpm | 20 C | 2.5 min | NaN | NaN | 319 nm | -13 mV | 69% | OVA loading optimization"",
    ""6 | 0.20% w/v | CS (Medium MW, 75-85% DDA) | 0.2% w/v | 0.05% w/v | NaN | NaN | NaN | CaCl2 | 0.524 mmol/L | 600 rpm | 20 C | 2.5 min | 7.2 | NaN | 319 nm | 21 mV | NaN | ALG coated, OVA-loaded"",
    ""7 | 0.20% w/v | CS (Medium MW, 75-85% DDA) | 0.2% w/v | 0.10% w/v | NaN | NaN | NaN | CaCl2 | 0.524 mmol/L | 600 rpm | 20 C | 2.5 min | 7.2 | NaN | 345 nm | 21 mV | NaN | ALG coated, OVA-loaded"",
    ""8 | 0.20% w/v | CS (Medium MW, 75-85% DDA) | 0.2% w/v | 0.20% w/v | NaN | NaN | NaN | CaCl2 | 0.524 mmol/L | 600 rpm | 20 C | 2.5 min | 7.2 | NaN | 375 nm | -24 mV | NaN | ALG coated, OVA-loaded"",
    ""9 | 0.20% w/v | CS (Medium MW, 75-85% DDA) | 0.2% w/v | 0.30% w/v | NaN | NaN | NaN | CaCl2 | 0.524 mmol/L | 600 rpm | 20 C | 2.5 min | 7.2 | NaN | 412 nm | -26 mV | NaN | ALG coated, OVA-loaded"",
    ""10 | 0.20% w/v | CS (Medium MW, 75-85% DDA) | 0.2% w/v | 0.40% w/v | NaN | NaN | NaN | CaCl2 | 0.524 mmol/L | 600 rpm | 20 C | 2.5 min | 7.2 | NaN | 432 nm | -29 mV | NaN | ALG coated, OVA-loaded"",
    ""11 | NaN | CS (Medium MW, 75-85% DDA) | 0.2% w/v | 0.05% w/v | NaN | NaN | NaN | CaCl2 | 0.524 mmol/L | 600 rpm | 20 C | 2.5 min | 7.2 | NaN | 275 nm | 9 mV | NaN | ALG coated, Blank"",
    ""12 | NaN | CS (Medium MW, 75-85% DDA) | 0.2% w/v | 0.10% w/v | NaN | NaN | NaN | CaCl2 | 0.524 mmol/L | 600 rpm | 20 C | 2.5 min | 7.2 | NaN | 288 nm | -13 mV | NaN | ALG coated, Blank"",
    ""13 | NaN | CS (Medium MW, 75-85% DDA) | 0.2% w/v | 0.20% w/v | NaN | NaN | NaN | CaCl2 | 0.524 mmol/L | 600 rpm | 20 C | 2.5 min | 7.2 | NaN | 316 nm | -14 mV | NaN | ALG coated, Blank"",
    ""14 | NaN | CS (Medium MW, 75-85% DDA) | 0.2% w/v | 0.30% w/v | NaN | NaN | NaN | CaCl2 | 0.524 mmol/L | 600 rpm | 20 C | 2.5 min | 7.2 | NaN | 356 nm | -16 mV | NaN | ALG coated, Blank"",
    ""15 | NaN | CS (Medium MW, 75-85% DDA) | 0.2% w/v | 0.40% w/v | NaN | NaN | NaN | CaCl2 | 0.524 mmol/L | 600 rpm | 20 C | 2.5 min | 7.2 | NaN | 377 nm | -19 mV | NaN | ALG coated, Blank"",
    ""16 | 0.20% w/v | CS (Medium MW, 75-85% DDA) | 0.2% w/v | NaN | NaN | PEG (MW 20,000) | 0.05% w/v | TPP | 1 mg/mL | 600 rpm | 20 C | 2.5 min | 7.2 | NaN | 297 nm | -13 mV | NaN | PEG coated, OVA-loaded"",
    ""17 | 0.20% w/v | CS (Medium MW, 75-85% DDA) | 0.2% w/v | NaN | NaN | PEG (MW 20,000) | 0.10% w/v | TPP | 1 mg/mL | 600 rpm | 20 C | 2.5 min | 7.2 | NaN | 302 nm | -16 mV | NaN | PEG coated, OVA-loaded"",
    ""18 | 0.20% w/v | CS (Medium MW, 75-85% DDA) | 0.2% w/v | NaN | NaN | PEG (MW 20,000) | 0.20% w/v | TPP | 1 mg/mL | 600 rpm | 20 C | 2.5 min | 7.2 | NaN | 305 nm | -18 mV | NaN | PEG coated, OVA-loaded"",
    ""19 | 0.20% w/v | CS (Medium MW, 75-85% DDA) | 0.2% w/v | NaN | NaN | PEG (MW 20,000) | 0.30% w/v | TPP | 1 mg/mL | 600 rpm | 20 C | 2.5 min | 7.2 | NaN | 305 nm | -20 mV | NaN | PEG coated, OVA-loaded"",
    ""20 | 0.20% w/v | CS (Medium MW, 75-85% DDA) | 0.2% w/v | NaN | NaN | PEG (MW 20,000) | 0.40% w/v | TPP | 1 mg/mL | 600 rpm | 20 C | 2.5 min | 7.2 | NaN | 311 nm | -20 mV | NaN | PEG coated, OVA-loaded"",
    ""21 | NaN | CS (Medium MW, 75-85% DDA) | 0.2% w/v | NaN | NaN | PEG (MW 20,000) | 0.05% w/v | TPP | 1 mg/mL | 600 rpm | 20 C | 2.5 min | 7.2 | NaN | 262 nm | 9 mV | NaN | PEG coated, Blank"",
    ""22 | NaN | CS (Medium MW, 75-85% DDA) | 0.2% w/v | NaN | NaN | PEG (MW 20,000) | 0.10% w/v | TPP | 1 mg/mL | 600 rpm | 20 C | 2.5 min | 7.2 | NaN | 276 nm | 9 mV | NaN | PEG coated, Blank"",
    ""23 | NaN | CS (Medium MW, 75-85% DDA) | 0.2% w/v | NaN | NaN | PEG (MW 20,000) | 0.20% w/v | TPP | 1 mg/mL | 600 rpm | 20 C | 2.5 min | 7.2 | NaN | 279 nm | 13 mV | NaN | PEG coated, Blank"",
    ""24 | NaN | CS (Medium MW, 75-85% DDA) | 0.2% w/v | NaN | NaN | PEG (MW 20,000) | 0.30% w/v | TPP | 1 mg/mL | 600 rpm | 20 C | 2.5 min | 7.2 | NaN | 282 nm | 14 mV | NaN | PEG coated, Blank"",
    ""25 | NaN | CS (Medium MW, 75-85% DDA) | 0.2% w/v | NaN | NaN | PEG (MW 20,000) | 0.40% w/v | TPP | 1 mg/mL | 600 rpm | 20 C | 2.5 min | 7.2 | NaN | 286 nm | 17 mV | NaN | PEG coated, Blank""
  ]
}",11
051.pdf,"{
  ""HEADER"": ""Encapsulation of Plicosepalus curviflorus-derived polyphenols in chitosan-alginate microvehicles for potent anticancer uses: Optimization using response surface methodology | 10.1016/j.ijbiomac.2025.145741 | P. curviflorus Total Polyphenols (TPP) | Emulsification-ionotropic gelation"",
  ""THOUGHTS"": ""- Constants & Hunted Values: Fixed pH (4.5). Methods text states 5 mL ALG @ 0.8% w/v, 5 mL HDC @ 1.2% w/v, 1.5 mL CaCl2 @ 1.0 M, Tween 80 @ 2% w/v, TPP @ 1.3% w/v. Solidification at 300 rpm for 5 h. Centrifugation at 25 C.\n- DoE Mapping: X1 (MC composition ALG:HDC): -1=6:4, 0=8:2, +1=9:1. X2 (TPP:MC ratio): -1=1:6, 0=1:8, +1=1:10. X3 (Sonication time): -1=5 min, 0=7.5 min, +1=10 min.\n- Volume Logic: NaN (standalone conc. and ratios used in DoE).\n- CQA Pairing Strategy: Table 2 provides DoE inputs and EE outputs. Size and Zeta Potential are not reported per run in the DoE table. Only single global characterizations for Size (22 µm for CAMCs, 32 µm for TPP@MCs) and Zeta (-30.1 mV for CAMCs, -35.5 mV for TPP@MCs) are found in the text. Since per-run Size and Zeta are absent, NaN is used for these CQAs in all runs to avoid data corruption. All extracted runs have paired EE."",
  ""RUNS"": [
    ""1 | 1.3% w/v | CS (Low MW, highly deacetylated) | 5 mL @ 1.2% w/v | 5 mL @ 0.8% w/v | 2:8 | Tween 80 | 2% w/v | CaCl2 | 1.5 mL @ 1.0 M | 300 rpm | 25 C | 7.5 min | 4.5 | NaN | NaN | NaN | 87.5976% | DoE Run 1, X1=0, X2=0, X3=0"",
    ""2 | 1.3% w/v | CS (Low MW, highly deacetylated) | 5 mL @ 1.2% w/v | 5 mL @ 0.8% w/v | 4:6 | Tween 80 | 2% w/v | CaCl2 | 1.5 mL @ 1.0 M | 300 rpm | 25 C | 10 min | 4.5 | NaN | NaN | NaN | 79.6518% | DoE Run 2, X1=+1, X2=0, X3=+1"",
    ""3 | 1.3% w/v | CS (Low MW, highly deacetylated) | 5 mL @ 1.2% w/v | 5 mL @ 0.8% w/v | 4:6 | Tween 80 | 2% w/v | CaCl2 | 1.5 mL @ 1.0 M | 300 rpm | 25 C | 7.5 min | 4.5 | NaN | NaN | NaN | 69.8751% | DoE Run 3, X1=+1, X2=-1, X3=0"",
    ""4 | 1.3% w/v | CS (Low MW, highly deacetylated) | 5 mL @ 1.2% w/v | 5 mL @ 0.8% w/v | 2:8 | Tween 80 | 2% w/v | CaCl2 | 1.5 mL @ 1.0 M | 300 rpm | 25 C | 10 min | 4.5 | NaN | NaN | NaN | 90.0354% | DoE Run 4, X1=0, X2=+1, X3=+1"",
    ""5 | 1.3% w/v | CS (Low MW, highly deacetylated) | 5 mL @ 1.2% w/v | 5 mL @ 0.8% w/v | 4:6 | Tween 80 | 2% w/v | CaCl2 | 1.5 mL @ 1.0 M | 300 rpm | 25 C | 7.5 min | 4.5 | NaN | NaN | NaN | 65.535% | DoE Run 5, X1=+1, X2=-1, X3=0"",
    ""6 | 1.3% w/v | CS (Low MW, highly deacetylated) | 5 mL @ 1.2% w/v | 5 mL @ 0.8% w/v | 2:8 | Tween 80 | 2% w/v | CaCl2 | 1.5 mL @ 1.0 M | 300 rpm | 25 C | 10 min | 4.5 | NaN | NaN | NaN | 66.7641% | DoE Run 6, X1=0, X2=+1, X3=+1"",
    ""7 | 1.3% w/v | CS (Low MW, highly deacetylated) | 5 mL @ 1.2% w/v | 5 mL @ 0.8% w/v | 4:6 | Tween 80 | 2% w/v | CaCl2 | 1.5 mL @ 1.0 M | 300 rpm | 25 C | 10 min | 4.5 | NaN | NaN | NaN | 78.5043% | DoE Run 7, X1=+1, X2=0, X3=+1"",
    ""8 | 1.3% w/v | CS (Low MW, highly deacetylated) | 5 mL @ 1.2% w/v | 5 mL @ 0.8% w/v | 2:8 | Tween 80 | 2% w/v | CaCl2 | 1.5 mL @ 1.0 M | 300 rpm | 25 C | 10 min | 4.5 | NaN | NaN | NaN | 71.4918% | DoE Run 8, X1=0, X2=+1, X3=+1"",
    ""9 | 1.3% w/v | CS (Low MW, highly deacetylated) | 5 mL @ 1.2% w/v | 5 mL @ 0.8% w/v | 2:8 | Tween 80 | 2% w/v | CaCl2 | 1.5 mL @ 1.0 M | 300 rpm | 25 C | 7.5 min | 4.5 | NaN | NaN | NaN | 88.4799% | DoE Run 9, X1=0, X2=0, X3=0"",
    ""10 | 1.3% w/v | CS (Low MW, highly deacetylated) | 5 mL @ 1.2% w/v | 5 mL @ 0.8% w/v | 2:8 | Tween 80 | 2% w/v | CaCl2 | 1.5 mL @ 1.0 M | 300 rpm | 25 C | 10 min | 4.5 | NaN | NaN | NaN | 84.1755% | DoE Run 10, X1=0, X2=+1, X3=+1"",
    ""11 | 1.3% w/v | CS (Low MW, highly deacetylated) | 5 mL @ 1.2% w/v | 5 mL @ 0.8% w/v | 4:6 | Tween 80 | 2% w/v | CaCl2 | 1.5 mL @ 1.0 M | 300 rpm | 25 C | 10 min | 4.5 | NaN | NaN | NaN | 81.0135% | DoE Run 11, X1=+1, X2=0, X3=+1"",
    ""12 | 1.3% w/v | CS (Low MW, highly deacetylated) | 5 mL @ 1.2% w/v | 5 mL @ 0.8% w/v | 4:6 | Tween 80 | 2% w/v | CaCl2 | 1.5 mL @ 1.0 M | 300 rpm | 25 C | 7.5 min | 4.5 | NaN | NaN | NaN | 86.7102% | DoE Run 12, X1=+1, X2=-1, X3=0"",
    ""13 | 1.3% w/v | CS (Low MW, highly deacetylated) | 5 mL @ 1.2% w/v | 5 mL @ 0.8% w/v | 4:6 | Tween 80 | 2% w/v | CaCl2 | 1.5 mL @ 1.0 M | 300 rpm | 25 C | 7.5 min | 4.5 | NaN | NaN | NaN | 77.1936% | DoE Run 13, X1=+1, X2=-1, X3=0"",
    ""14 | 1.3% w/v | CS (Low MW, highly deacetylated) | 5 mL @ 1.2% w/v | 5 mL @ 0.8% w/v | 2:8 | Tween 80 | 2% w/v | CaCl2 | 1.5 mL @ 1.0 M | 300 rpm | 25 C | 7.5 min | 4.5 | NaN | NaN | NaN | 90.5607% | DoE Run 14, X1=0, X2=0, X3=0"",
    ""15 | 1.3% w/v | CS (Low MW, highly deacetylated) | 5 mL @ 1.2% w/v | 5 mL @ 0.8% w/v | 4:6 | Tween 80 | 2% w/v | CaCl2 | 1.5 mL @ 1.0 M | 300 rpm | 25 C | 10 min | 4.5 | NaN | NaN | NaN | 83.9664% | DoE Run 15, X1=+1, X2=0, X3=+1""
  ]
}",12
